ISO-10303-21;
HEADER;
FILE_DESCRIPTION (( 'STEP AP214' ),
    '1' );
FILE_NAME ('aliexpress_mount_step.STEP',
    '2026-07-28T22:26:17',
    ( '' ),
    ( '' ),
    'SwSTEP 2.0',
    'SolidWorks 2025',
    '' );
FILE_SCHEMA (( 'AUTOMOTIVE_DESIGN' ));
ENDSEC;

DATA;
#1 = VERTEX_POINT ( 'NONE', #467 ) ;
#2 = APPLICATION_PROTOCOL_DEFINITION ( 'draft international standard', 'automotive_design', 1998, #610 ) ;
#3 = CARTESIAN_POINT ( 'NONE',  ( 44.62965204564928001, 31.35000000000000142, 5.199999999999996625 ) ) ;
#4 = DIRECTION ( 'NONE',  ( -0.000000000000000000, -0.000000000000000000, 1.000000000000000000 ) ) ;
#5 = PLANE ( 'NONE',  #1201 ) ;
#6 = PRESENTATION_LAYER_ASSIGNMENT (  '', '', ( #1062 ) ) ;
#7 = PRODUCT_DEFINITION_FORMATION_WITH_SPECIFIED_SOURCE ( 'ANY', '', #324, .NOT_KNOWN. ) ;
#8 = ORIENTED_EDGE ( 'NONE', *, *, #1186, .T. ) ;
#9 = DIRECTION ( 'NONE',  ( -1.000000000000000000, -0.000000000000000000, -0.000000000000000000 ) ) ;
#10 = PRODUCT_DEFINITION_SHAPE ( 'NONE', 'NONE',  #274 ) ;
#11 = LINE ( 'NONE', #1488, #462 ) ;
#12 = EDGE_CURVE ( 'NONE', #273, #1349, #908, .T. ) ;
#13 = ORIENTED_EDGE ( 'NONE', *, *, #256, .T. ) ;
#14 = ORIENTED_EDGE ( 'NONE', *, *, #280, .T. ) ;
#15 = CARTESIAN_POINT ( 'NONE',  ( -14.50000000000000888, 65.69999999999998863, -5.200000000000006395 ) ) ;
#16 = VERTEX_POINT ( 'NONE', #701 ) ;
#17 = CARTESIAN_POINT ( 'NONE',  ( -11.65000034895430403, 68.85000000001392095, 7.740000000000006430 ) ) ;
#18 = EDGE_CURVE ( 'NONE', #436, #1032, #685, .T. ) ;
#19 = ORIENTED_EDGE ( 'NONE', *, *, #686, .T. ) ;
#20 = VERTEX_POINT ( 'NONE', #228 ) ;
#21 = CARTESIAN_POINT ( 'NONE',  ( 17.03999999999997783, 74.28000000000000114, -172.3805726086017387 ) ) ;
#22 = DIRECTION ( 'NONE',  ( -2.375519994490665147E-16, 0.000000000000000000, 1.000000000000000000 ) ) ;
#23 = FACE_OUTER_BOUND ( 'NONE', #794, .T. ) ;
#24 = CIRCLE ( 'NONE', #1449, 1.599999999999998979 ) ;
#25 = ORIENTED_EDGE ( 'NONE', *, *, #630, .T. ) ;
#26 = LINE ( 'NONE', #369, #773 ) ;
#27 = DIRECTION ( 'NONE',  ( -3.563105731173019116E-16, 0.000000000000000000, -1.000000000000000000 ) ) ;
#28 = CIRCLE ( 'NONE', #869, 2.540000000000000480 ) ;
#29 = DIRECTION ( 'NONE',  ( 0.000000000000000000, 0.000000000000000000, 1.000000000000000000 ) ) ;
#30 = EDGE_LOOP ( 'NONE', ( #368, #931 ) ) ;
#31 = DIRECTION ( 'NONE',  ( 1.000000000000000000, 0.000000000000000000, 0.000000000000000000 ) ) ;
#32 = ADVANCED_FACE ( 'NONE', ( #1282 ), #5, .T. ) ;
#33 = VECTOR ( 'NONE', #232, 1000.000000000000000 ) ;
#34 = CARTESIAN_POINT ( 'NONE',  ( 44.62965204564928001, 31.35000000000000142, -5.835000000000000853 ) ) ;
#35 = AXIS2_PLACEMENT_3D ( 'NONE', #76, #540, #1002 ) ;
#36 = CYLINDRICAL_SURFACE ( 'NONE', #1246, 1.999996000000003882 ) ;
#37 = ORIENTED_EDGE ( 'NONE', *, *, #1372, .F. ) ;
#38 = CARTESIAN_POINT ( 'NONE',  ( 17.03999999999998849, 6.349999999999999645, 36.94999999999998863 ) ) ;
#39 = CARTESIAN_POINT ( 'NONE',  ( 17.03999999999998849, 31.35000000000000142, 5.199999999999996625 ) ) ;
#40 = CARTESIAN_POINT ( 'NONE',  ( 17.03999999999997783, 74.28000000000000114, -172.3805726086017387 ) ) ;
#41 = LINE ( 'NONE', #957, #329 ) ;
#42 = VERTEX_POINT ( 'NONE', #915 ) ;
#43 = DIRECTION ( 'NONE',  ( -0.000000000000000000, -1.000000000000000000, -0.000000000000000000 ) ) ;
#44 = VECTOR ( 'NONE', #602, 1000.000000000000000 ) ;
#45 = ORIENTED_EDGE ( 'NONE', *, *, #230, .F. ) ;
#46 = FACE_OUTER_BOUND ( 'NONE', #236, .T. ) ;
#47 = EDGE_CURVE ( 'NONE', #892, #988, #1264, .T. ) ;
#48 = DIRECTION ( 'NONE',  ( 0.000000000000000000, 0.000000000000000000, 1.000000000000000000 ) ) ;
#49 = VERTEX_POINT ( 'NONE', #249 ) ;
#50 = LINE ( 'NONE', #850, #52 ) ;
#51 = CARTESIAN_POINT ( 'NONE',  ( -14.50000000000000711, 81.90000000000000568, 5.199999999999996625 ) ) ;
#52 = VECTOR ( 'NONE', #1315, 1000.000000000000000 ) ;
#53 = DIRECTION ( 'NONE',  ( -0.000000000000000000, -1.000000000000000000, -0.000000000000000000 ) ) ;
#54 = EDGE_CURVE ( 'NONE', #806, #536, #441, .T. ) ;
#55 = EDGE_CURVE ( 'NONE', #558, #307, #28, .T. ) ;
#56 = DIRECTION ( 'NONE',  ( 0.000000000000000000, -1.000000000000000000, -1.188166764367675849E-16 ) ) ;
#57 = VECTOR ( 'NONE', #1104, 1000.000000000000000 ) ;
#58 = ORIENTED_EDGE ( 'NONE', *, *, #1483, .F. ) ;
#59 = DIRECTION ( 'NONE',  ( 1.018030208906577066E-16, 0.000000000000000000, 1.000000000000000000 ) ) ;
#60 = VECTOR ( 'NONE', #1474, 1000.000000000000000 ) ;
#61 = ORIENTED_EDGE ( 'NONE', *, *, #156, .F. ) ;
#62 = CARTESIAN_POINT ( 'NONE',  ( -11.65000034895430403, 68.85000000001392095, -7.739999999999993996 ) ) ;
#63 = CARTESIAN_POINT ( 'NONE',  ( 17.03999999999998849, 11.13733971097610009, 0.9788821886375781434 ) ) ;
#64 = LINE ( 'NONE', #786, #827 ) ;
#65 = CARTESIAN_POINT ( 'NONE',  ( -14.50000000000000888, 0.000000000000000000, -36.94999999999998863 ) ) ;
#66 = ORIENTED_EDGE ( 'NONE', *, *, #643, .T. ) ;
#67 = ORIENTED_EDGE ( 'NONE', *, *, #1322, .T. ) ;
#68 = CARTESIAN_POINT ( 'NONE',  ( -0.02200000000000788131, 6.349999999999999645, 37.67999599999999560 ) ) ;
#69 = ORIENTED_EDGE ( 'NONE', *, *, #1278, .T. ) ;
#70 = CARTESIAN_POINT ( 'NONE',  ( 44.62965204564928001, 31.35000000000000142, -5.835000000000000853 ) ) ;
#71 = CARTESIAN_POINT ( 'NONE',  ( -9.500000000000008882, 11.13733971097610365, -0.9788821886375822512 ) ) ;
#72 = VECTOR ( 'NONE', #1006, 1000.000000000000000 ) ;
#73 = CARTESIAN_POINT ( 'NONE',  ( 9.419999999999976836, 74.28000000000000114, -172.3805726086017387 ) ) ;
#74 = AXIS2_PLACEMENT_3D ( 'NONE', #1341, #766, #1225 ) ;
#75 = AXIS2_PLACEMENT_3D ( 'NONE', #17, #907, #567 ) ;
#76 = CARTESIAN_POINT ( 'NONE',  ( 10.40000034882887725, 79.20000000002099227, -7.739999999999995772 ) ) ;
#77 = VERTEX_POINT ( 'NONE', #353 ) ;
#78 = ORIENTED_EDGE ( 'NONE', *, *, #761, .F. ) ;
#79 = FACE_OUTER_BOUND ( 'NONE', #310, .T. ) ;
#80 = ADVANCED_FACE ( 'NONE', ( #473 ), #589, .F. ) ;
#81 = ORIENTED_EDGE ( 'NONE', *, *, #501, .F. ) ;
#82 = LINE ( 'NONE', #543, #534 ) ;
#83 = FACE_BOUND ( 'NONE', #193, .T. ) ;
#84 = DIRECTION ( 'NONE',  ( 1.000000000000000000, 0.000000000000000000, 0.000000000000000000 ) ) ;
#85 = CYLINDRICAL_SURFACE ( 'NONE', #568, 2.540000000000000480 ) ;
#86 = AXIS2_PLACEMENT_3D ( 'NONE', #178, #187, #1095 ) ;
#87 = ORIENTED_EDGE ( 'NONE', *, *, #1408, .T. ) ;
#88 = ORIENTED_EDGE ( 'NONE', *, *, #1308, .F. ) ;
#89 = EDGE_LOOP ( 'NONE', ( #946, #874, #635, #1434 ) ) ;
#90 = CARTESIAN_POINT ( 'NONE',  ( -14.50000000000000888, 81.90000000000000568, -5.200000000000006395 ) ) ;
#91 = CARTESIAN_POINT ( 'NONE',  ( -0.02200000000000812417, 6.349999999999999645, 35.67999999999999261 ) ) ;
#92 = DIRECTION ( 'NONE',  ( -1.000000000000000000, 0.000000000000000000, -0.000000000000000000 ) ) ;
#93 = ORIENTED_EDGE ( 'NONE', *, *, #501, .T. ) ;
#94 = EDGE_LOOP ( 'NONE', ( #468, #1071, #541, #1140, #1118, #1279 ) ) ;
#95 = FACE_OUTER_BOUND ( 'NONE', #1462, .T. ) ;
#96 = CARTESIAN_POINT ( 'NONE',  ( 17.03999999999998849, 11.34176490699680429, -8.673617379884035472E-16 ) ) ;
#97 = DIRECTION ( 'NONE',  ( -0.000000000000000000, -1.000000000000000000, 0.000000000000000000 ) ) ;
#98 = AXIS2_PLACEMENT_3D ( 'NONE', #527, #302, #1351 ) ;
#99 = EDGE_CURVE ( 'NONE', #241, #1369, #1271, .T. ) ;
#100 = EDGE_CURVE ( 'NONE', #434, #20, #707, .T. ) ;
#101 = ORIENTED_EDGE ( 'NONE', *, *, #942, .F. ) ;
#102 = AXIS2_PLACEMENT_3D ( 'NONE', #1417, #1069, #1318 ) ;
#103 = ORIENTED_EDGE ( 'NONE', *, *, #411, .F. ) ;
#104 = CARTESIAN_POINT ( 'NONE',  ( 17.03999999999999204, 16.35000000000000497, 7.739999999999995772 ) ) ;
#105 = DIRECTION ( 'NONE',  ( 0.000000000000000000, 0.000000000000000000, 1.000000000000000000 ) ) ;
#106 = CIRCLE ( 'NONE', #1481, 2.540000000000000480 ) ;
#107 = EDGE_CURVE ( 'NONE', #1435, #409, #1281, .T. ) ;
#108 = ORIENTED_EDGE ( 'NONE', *, *, #1388, .T. ) ;
#109 = DIRECTION ( 'NONE',  ( 0.000000000000000000, 0.000000000000000000, 1.000000000000000000 ) ) ;
#110 = DIRECTION ( 'NONE',  ( -0.000000000000000000, -1.000000000000000000, -0.000000000000000000 ) ) ;
#111 = ORIENTED_EDGE ( 'NONE', *, *, #522, .F. ) ;
#112 = EDGE_CURVE ( 'NONE', #647, #204, #1172, .T. ) ;
#113 = VERTEX_POINT ( 'NONE', #1061 ) ;
#114 = CARTESIAN_POINT ( 'NONE',  ( -17.04000000000001336, 6.349999999999999645, 36.94999999999998863 ) ) ;
#115 = EDGE_CURVE ( 'NONE', #1074, #362, #629, .T. ) ;
#116 = LINE ( 'NONE', #562, #1178 ) ;
#117 = DIRECTION ( 'NONE',  ( 0.000000000000000000, 1.000000000000000000, -0.000000000000000000 ) ) ;
#118 = AXIS2_PLACEMENT_3D ( 'NONE', #851, #404, #312 ) ;
#119 = VECTOR ( 'NONE', #31, 1000.000000000000000 ) ;
#120 = AXIS2_PLACEMENT_3D ( 'NONE', #1280, #253, #1297 ) ;
#121 = ORIENTED_EDGE ( 'NONE', *, *, #495, .F. ) ;
#122 = DIRECTION ( 'NONE',  ( 3.563105731173019116E-16, -0.000000000000000000, 1.000000000000000000 ) ) ;
#123 = EDGE_CURVE ( 'NONE', #444, #436, #954, .T. ) ;
#124 = FACE_BOUND ( 'NONE', #376, .T. ) ;
#125 = CARTESIAN_POINT ( 'NONE',  ( -17.04000000000000981, 81.90000000000000568, -7.739999999999993108 ) ) ;
#126 = CIRCLE ( 'NONE', #967, 1.599999999999997202 ) ;
#127 = VERTEX_POINT ( 'NONE', #1199 ) ;
#128 = PRESENTATION_STYLE_ASSIGNMENT (( #674 ) ) ;
#129 = ORIENTED_EDGE ( 'NONE', *, *, #332, .T. ) ;
#130 = CARTESIAN_POINT ( 'NONE',  ( 14.49999999999999289, 6.349999999999999645, 39.48999999999998778 ) ) ;
#131 = EDGE_LOOP ( 'NONE', ( #583, #1477, #1362, #654, #1314, #789, #81, #613, #360, #693, #801, #819 ) ) ;
#132 = CIRCLE ( 'NONE', #1167, 1.999996000000003882 ) ;
#133 = CARTESIAN_POINT ( 'NONE',  ( 44.62965204564928001, 31.35000000000000142, -5.200000000000006395 ) ) ;
#134 = ORIENTED_EDGE ( 'NONE', *, *, #563, .T. ) ;
#135 = FACE_OUTER_BOUND ( 'NONE', #216, .T. ) ;
#136 = CARTESIAN_POINT ( 'NONE',  ( 10.40000034882887725, 79.20000000002099227, 7.739999999999997549 ) ) ;
#137 = CARTESIAN_POINT ( 'NONE',  ( 17.03999999999999204, 16.35000000000000142, 7.739999999999995772 ) ) ;
#138 = EDGE_CURVE ( 'NONE', #536, #576, #944, .T. ) ;
#139 = LINE ( 'NONE', #599, #1429 ) ;
#140 = AXIS2_PLACEMENT_3D ( 'NONE', #860, #1465, #746 ) ;
#141 = EDGE_CURVE ( 'NONE', #77, #143, #395, .T. ) ;
#142 = AXIS2_PLACEMENT_3D ( 'NONE', #62, #1350, #971 ) ;
#143 = VERTEX_POINT ( 'NONE', #389 ) ;
#144 = LINE ( 'NONE', #948, #1198 ) ;
#145 = CARTESIAN_POINT ( 'NONE',  ( 9.419999999999976836, 74.28000000000000114, -172.3805726086017387 ) ) ;
#146 = ORIENTED_EDGE ( 'NONE', *, *, #676, .F. ) ;
#147 = PLANE ( 'NONE',  #459 ) ;
#148 = LINE ( 'NONE', #277, #503 ) ;
#149 = VECTOR ( 'NONE', #306, 1000.000000000000000 ) ;
#150 = CYLINDRICAL_SURFACE ( 'NONE', #903, 7.620000000000001883 ) ;
#151 = UNCERTAINTY_MEASURE_WITH_UNIT (LENGTH_MEASURE( 1.000000000000000082E-05 ), #1174, 'distance_accuracy_value', 'NONE');
#152 = DIRECTION ( 'NONE',  ( -1.000000000000000000, -0.000000000000000000, -0.000000000000000000 ) ) ;
#153 = VERTEX_POINT ( 'NONE', #496 ) ;
#154 = ORIENTED_EDGE ( 'NONE', *, *, #748, .T. ) ;
#155 = LINE ( 'NONE', #21, #1106 ) ;
#156 = EDGE_CURVE ( 'NONE', #189, #113, #1093, .T. ) ;
#157 = EDGE_LOOP ( 'NONE', ( #1454, #333, #523, #729 ) ) ;
#158 = CARTESIAN_POINT ( 'NONE',  ( 8.800000348828879382, 79.20000000002099227, -7.739999999999995772 ) ) ;
#159 = DIRECTION ( 'NONE',  ( -0.000000000000000000, -0.000000000000000000, -1.000000000000000000 ) ) ;
#160 = ORIENTED_EDGE ( 'NONE', *, *, #978, .F. ) ;
#161 = EDGE_LOOP ( 'NONE', ( #1260, #507, #1160, #316 ) ) ;
#162 = LINE ( 'NONE', #636, #1385 ) ;
#163 = CIRCLE ( 'NONE', #891, 1.599999999999997202 ) ;
#164 = VERTEX_POINT ( 'NONE', #285 ) ;
#165 = AXIS2_PLACEMENT_3D ( 'NONE', #1249, #1384, #1486 ) ;
#166 = DIRECTION ( 'NONE',  ( -1.187759997245332081E-16, 0.000000000000000000, -1.000000000000000000 ) ) ;
#167 = EDGE_CURVE ( 'NONE', #751, #1329, #719, .T. ) ;
#168 = DIRECTION ( 'NONE',  ( 0.000000000000000000, 1.000000000000000000, -0.000000000000000000 ) ) ;
#169 = FACE_OUTER_BOUND ( 'NONE', #864, .T. ) ;
#170 = ORIENTED_EDGE ( 'NONE', *, *, #141, .F. ) ;
#171 = VERTEX_POINT ( 'NONE', #509 ) ;
#172 = DIRECTION ( 'NONE',  ( -0.000000000000000000, -0.000000000000000000, -1.000000000000000000 ) ) ;
#173 = ORIENTED_EDGE ( 'NONE', *, *, #442, .T. ) ;
#174 = CARTESIAN_POINT ( 'NONE',  ( -11.65000034895430403, 68.85000000001392095, -7.739999999999993996 ) ) ;
#175 = DIRECTION ( 'NONE',  ( 0.000000000000000000, 0.000000000000000000, -1.000000000000000000 ) ) ;
#176 = VECTOR ( 'NONE', #882, 1000.000000000000000 ) ;
#177 = CARTESIAN_POINT ( 'NONE',  ( -0.02200000000000812417, 0.000000000000000000, 35.67999999999999261 ) ) ;
#178 = CARTESIAN_POINT ( 'NONE',  ( 44.62965204564928001, 31.35000000000000142, 5.199999999999996625 ) ) ;
#179 = VECTOR ( 'NONE', #662, 1000.000000000000000 ) ;
#180 = ORIENTED_EDGE ( 'NONE', *, *, #736, .T. ) ;
#181 = ORIENTED_EDGE ( 'NONE', *, *, #1028, .F. ) ;
#182 = CARTESIAN_POINT ( 'NONE',  ( 4.039999999999989377, 81.90000000000000568, -5.834999999999996412 ) ) ;
#183 = AXIS2_PLACEMENT_3D ( 'NONE', #1291, #1057, #29 ) ;
#184 = CARTESIAN_POINT ( 'NONE',  ( 17.03999999999998494, 74.28000000000000114, 5.834999999999980425 ) ) ;
#185 = LINE ( 'NONE', #1218, #1131 ) ;
#186 = CARTESIAN_POINT ( 'NONE',  ( -14.50000000000000888, 65.69999999999998863, -5.200000000000006395 ) ) ;
#187 = DIRECTION ( 'NONE',  ( 0.000000000000000000, -0.2044251960206993068, 0.9788821886375800307 ) ) ;
#188 = EDGE_CURVE ( 'NONE', #434, #634, #397, .T. ) ;
#189 = VERTEX_POINT ( 'NONE', #1298 ) ;
#190 = EDGE_CURVE ( 'NONE', #308, #143, #1430, .T. ) ;
#191 = ORIENTED_EDGE ( 'NONE', *, *, #115, .T. ) ;
#192 = PLANE ( 'NONE',  #708 ) ;
#193 = EDGE_LOOP ( 'NONE', ( #800, #1216 ) ) ;
#194 = DIRECTION ( 'NONE',  ( 0.000000000000000000, 0.000000000000000000, -1.000000000000000000 ) ) ;
#195 = CARTESIAN_POINT ( 'NONE',  ( -10.05000034895430616, 68.85000000001392095, 7.740000000000005542 ) ) ;
#196 = AXIS2_PLACEMENT_3D ( 'NONE', #477, #601, #1286 ) ;
#197 = CARTESIAN_POINT ( 'NONE',  ( -17.04000000000000981, 62.50000000000000000, -7.739999999999993108 ) ) ;
#198 = AXIS2_PLACEMENT_3D ( 'NONE', #1026, #681, #1255 ) ;
#199 = VECTOR ( 'NONE', #1149, 1000.000000000000000 ) ;
#200 = CARTESIAN_POINT ( 'NONE',  ( -0.02200000000000788131, 6.349999999999999645, -33.68000399999998251 ) ) ;
#201 = ORIENTED_EDGE ( 'NONE', *, *, #1233, .T. ) ;
#202 = APPLICATION_CONTEXT ( 'automotive_design' ) ;
#203 = ORIENTED_EDGE ( 'NONE', *, *, #123, .T. ) ;
#204 = VERTEX_POINT ( 'NONE', #823 ) ;
#205 = CARTESIAN_POINT ( 'NONE',  ( 17.03999999999998849, 0.000000000000000000, -36.94999999999998863 ) ) ;
#206 = CARTESIAN_POINT ( 'NONE',  ( -14.50000000000000888, 65.69999999999998863, -5.200000000000006395 ) ) ;
#207 = DIRECTION ( 'NONE',  ( 1.668003342285391058E-16, 0.000000000000000000, 1.000000000000000000 ) ) ;
#208 = FACE_OUTER_BOUND ( 'NONE', #89, .T. ) ;
#209 = ORIENTED_EDGE ( 'NONE', *, *, #230, .T. ) ;
#210 = ORIENTED_EDGE ( 'NONE', *, *, #474, .F. ) ;
#211 = CARTESIAN_POINT ( 'NONE',  ( -0.02200000000000812417, 6.349999999999999645, -37.67999599999999560 ) ) ;
#212 = SURFACE_SIDE_STYLE ('',( #584 ) ) ;
#213 = EDGE_CURVE ( 'NONE', #525, #1285, #645, .T. ) ;
#214 = PLANE ( 'NONE',  #570 ) ;
#215 = ORIENTED_EDGE ( 'NONE', *, *, #939, .T. ) ;
#216 = EDGE_LOOP ( 'NONE', ( #1399, #849, #399, #129 ) ) ;
#217 = DIRECTION ( 'NONE',  ( -0.000000000000000000, -0.000000000000000000, -1.000000000000000000 ) ) ;
#218 = AXIS2_PLACEMENT_3D ( 'NONE', #91, #776, #1007 ) ;
#219 = FACE_OUTER_BOUND ( 'NONE', #856, .T. ) ;
#220 = ADVANCED_FACE ( 'NONE', ( #23 ), #36, .F. ) ;
#221 = VECTOR ( 'NONE', #311, 1000.000000000000000 ) ;
#222 = ORIENTED_EDGE ( 'NONE', *, *, #953, .F. ) ;
#223 = AXIS2_PLACEMENT_3D ( 'NONE', #580, #884, #809 ) ;
#224 = ORIENTED_EDGE ( 'NONE', *, *, #630, .F. ) ;
#225 = PRODUCT_CONTEXT ( 'NONE', #610, 'mechanical' ) ;
#226 = CARTESIAN_POINT ( 'NONE',  ( 17.03999999999998849, 6.450000000000001954, -1.734723475976807094E-15 ) ) ;
#227 = DIRECTION ( 'NONE',  ( -0.000000000000000000, -1.000000000000000000, -0.000000000000000000 ) ) ;
#228 = CARTESIAN_POINT ( 'NONE',  ( 17.03999999999999559, 74.28000000000000114, -5.835000000000007070 ) ) ;
#229 = VECTOR ( 'NONE', #807, 1000.000000000000000 ) ;
#230 = EDGE_CURVE ( 'NONE', #1132, #806, #1183, .T. ) ;
#231 = ORIENTED_EDGE ( 'NONE', *, *, #1241, .F. ) ;
#232 = DIRECTION ( 'NONE',  ( -1.000000000000000000, -0.000000000000000000, -0.000000000000000000 ) ) ;
#233 = LINE ( 'NONE', #695, #199 ) ;
#234 = EDGE_LOOP ( 'NONE', ( #1424, #45, #1116, #1202 ) ) ;
#235 = ADVANCED_FACE ( 'NONE', ( #367, #949 ), #1403, .T. ) ;
#236 = EDGE_LOOP ( 'NONE', ( #1124, #905, #742, #1284, #454, #1470, #491, #1338, #180, #688 ) ) ;
#237 = FILL_AREA_STYLE_COLOUR ( '', #489 ) ;
#238 = DIRECTION ( 'NONE',  ( 0.000000000000000000, 0.000000000000000000, -1.000000000000000000 ) ) ;
#239 = CARTESIAN_POINT ( 'NONE',  ( 17.03999999999998849, 0.000000000000000000, 0.000000000000000000 ) ) ;
#240 = VECTOR ( 'NONE', #1289, 1000.000000000000000 ) ;
#241 = VERTEX_POINT ( 'NONE', #487 ) ;
#242 = ORIENTED_EDGE ( 'NONE', *, *, #272, .T. ) ;
#243 = CARTESIAN_POINT ( 'NONE',  ( 4.039999999999989377, 81.90000000000000568, 5.834999999999992859 ) ) ;
#244 = CLOSED_SHELL ( 'NONE', ( #1415, #832, #855, #1346, #715, #1396, #656, #1459, #1098, #770, #1086, #32, #1029, #1067, #704, #1050, #666, #80, #390, #1344, #401, #798, #414, #677, #361, #1259, #220, #235, #1432, #930, #684, #254, #246, #785, #433, #1052, #1234, #1171, #1128, #1397, #1139, #1326, #1017, #323 ) ) ;
#245 = VERTEX_POINT ( 'NONE', #1409 ) ;
#246 = ADVANCED_FACE ( 'NONE', ( #373 ), #150, .T. ) ;
#247 = LINE ( 'NONE', #706, #1398 ) ;
#248 = EDGE_CURVE ( 'NONE', #273, #127, #712, .T. ) ;
#249 = CARTESIAN_POINT ( 'NONE',  ( 8.800000348828879382, 79.20000000002099227, 7.739999999999998437 ) ) ;
#250 = VECTOR ( 'NONE', #835, 1000.000000000000000 ) ;
#251 = VERTEX_POINT ( 'NONE', #320 ) ;
#252 = DIRECTION ( 'NONE',  ( 0.000000000000000000, 0.000000000000000000, -1.000000000000000000 ) ) ;
#253 = DIRECTION ( 'NONE',  ( -3.563105731173019116E-16, 0.000000000000000000, -1.000000000000000000 ) ) ;
#254 = ADVANCED_FACE ( 'NONE', ( #1208 ), #1084, .T. ) ;
#255 = CIRCLE ( 'NONE', #1215, 10.00000000000000000 ) ;
#256 = EDGE_CURVE ( 'NONE', #756, #1379, #768, .T. ) ;
#257 = DIRECTION ( 'NONE',  ( -0.000000000000000000, -1.000000000000000000, 0.000000000000000000 ) ) ;
#258 = VERTEX_POINT ( 'NONE', #1001 ) ;
#259 = DIRECTION ( 'NONE',  ( 0.000000000000000000, 0.000000000000000000, 1.000000000000000000 ) ) ;
#260 = LINE ( 'NONE', #39, #814 ) ;
#261 = DIRECTION ( 'NONE',  ( 0.000000000000000000, 0.000000000000000000, -1.000000000000000000 ) ) ;
#262 = DIRECTION ( 'NONE',  ( -0.000000000000000000, -0.000000000000000000, -1.000000000000000000 ) ) ;
#263 = AXIS2_PLACEMENT_3D ( 'NONE', #1103, #1237, #1113 ) ;
#264 = AXIS2_PLACEMENT_3D ( 'NONE', #363, #1296, #259 ) ;
#265 = AXIS2_PLACEMENT_3D ( 'NONE', #1217, #1236, #537 ) ;
#266 = EDGE_LOOP ( 'NONE', ( #752, #1419, #515, #476, #883, #1165, #1213, #1444, #398, #1038, #765, #624, #426, #1242, #1173, #922, #210, #420 ) ) ;
#267 = CARTESIAN_POINT ( 'NONE',  ( -9.500000000000008882, 65.69999999999998863, -5.200000000000006395 ) ) ;
#268 = AXIS2_PLACEMENT_3D ( 'NONE', #1036, #578, #1393 ) ;
#269 = CARTESIAN_POINT ( 'NONE',  ( -0.02200000000000812417, 6.349999999999999645, -37.67999599999999560 ) ) ;
#270 = CARTESIAN_POINT ( 'NONE',  ( 0.000000000000000000, 6.349999999999999645, -39.48999999999998778 ) ) ;
#271 = CARTESIAN_POINT ( 'NONE',  ( -10.05000034895430616, 68.85000000001392095, -7.739999999999993996 ) ) ;
#272 = EDGE_CURVE ( 'NONE', #384, #251, #539, .T. ) ;
#273 = VERTEX_POINT ( 'NONE', #1460 ) ;
#274 = PRODUCT_DEFINITION ( 'UNKNOWN', '', #7, #834 ) ;
#275 = ORIENTED_EDGE ( 'NONE', *, *, #332, .F. ) ;
#276 = DIRECTION ( 'NONE',  ( 0.000000000000000000, -0.2044251960206995844, -0.9788821886375799197 ) ) ;
#277 = CARTESIAN_POINT ( 'NONE',  ( 14.49999999999999289, 6.349999999999999645, 39.48999999999998778 ) ) ;
#278 = DIRECTION ( 'NONE',  ( 1.000000000000000000, -0.000000000000000000, 0.000000000000000000 ) ) ;
#279 = DIRECTION ( 'NONE',  ( -1.000000000000000000, -0.000000000000000000, -0.000000000000000000 ) ) ;
#280 = EDGE_CURVE ( 'NONE', #113, #189, #132, .T. ) ;
#281 = ORIENTED_EDGE ( 'NONE', *, *, #272, .F. ) ;
#282 = DIRECTION ( 'NONE',  ( 0.000000000000000000, 0.000000000000000000, -1.000000000000000000 ) ) ;
#283 = ORIENTED_EDGE ( 'NONE', *, *, #1299, .T. ) ;
#284 = CARTESIAN_POINT ( 'NONE',  ( -14.50000000000000888, 0.000000000000000000, 36.94999999999998863 ) ) ;
#285 = CARTESIAN_POINT ( 'NONE',  ( -17.04000000000001336, 0.000000000000000000, 36.94999999999998863 ) ) ;
#286 = CARTESIAN_POINT ( 'NONE',  ( -17.04000000000000625, 81.90000000000000568, 7.739999999999995772 ) ) ;
#287 = CIRCLE ( 'NONE', #1253, 7.620000000000003659 ) ;
#288 = ORIENTED_EDGE ( 'NONE', *, *, #1009, .F. ) ;
#289 = CYLINDRICAL_SURFACE ( 'NONE', #423, 2.540000000000000480 ) ;
#290 = ORIENTED_EDGE ( 'NONE', *, *, #953, .T. ) ;
#291 = DIRECTION ( 'NONE',  ( -1.000000000000000000, -0.000000000000000000, -0.000000000000000000 ) ) ;
#292 = VECTOR ( 'NONE', #802, 1000.000000000000000 ) ;
#293 = DIRECTION ( 'NONE',  ( 0.000000000000000000, 1.000000000000000000, -0.000000000000000000 ) ) ;
#294 = EDGE_CURVE ( 'NONE', #816, #647, #1410, .T. ) ;
#295 = LINE ( 'NONE', #861, #57 ) ;
#296 = VECTOR ( 'NONE', #278, 1000.000000000000000 ) ;
#297 = LINE ( 'NONE', #1239, #611 ) ;
#298 = ORIENTED_EDGE ( 'NONE', *, *, #978, .T. ) ;
#299 = ORIENTED_EDGE ( 'NONE', *, *, #904, .F. ) ;
#300 = CARTESIAN_POINT ( 'NONE',  ( 2.757843835927917324E-15, 62.50000000000000000, 7.740000000000001990 ) ) ;
#301 = LINE ( 'NONE', #412, #804 ) ;
#302 = DIRECTION ( 'NONE',  ( -1.000000000000000000, 0.000000000000000000, 1.187759997245332081E-16 ) ) ;
#303 = VECTOR ( 'NONE', #262, 1000.000000000000000 ) ;
#304 = FACE_OUTER_BOUND ( 'NONE', #678, .T. ) ;
#305 = EDGE_CURVE ( 'NONE', #127, #273, #711, .T. ) ;
#306 = DIRECTION ( 'NONE',  ( 1.000000000000000000, 0.000000000000000000, 0.000000000000000000 ) ) ;
#307 = VERTEX_POINT ( 'NONE', #669 ) ;
#308 = VERTEX_POINT ( 'NONE', #1227 ) ;
#309 = CARTESIAN_POINT ( 'NONE',  ( -0.02200000000000788131, 0.000000000000000000, -33.68000399999998251 ) ) ;
#310 = EDGE_LOOP ( 'NONE', ( #1097, #209, #744, #1158, #231 ) ) ;
#311 = DIRECTION ( 'NONE',  ( -0.000000000000000000, -1.000000000000000000, -0.000000000000000000 ) ) ;
#312 = DIRECTION ( 'NONE',  ( -1.000000000000000000, 0.000000000000000000, 0.000000000000000000 ) ) ;
#313 = LINE ( 'NONE', #528, #1293 ) ;
#314 = DIRECTION ( 'NONE',  ( -0.000000000000000000, 0.9788821886375799197, 0.2044251960206993068 ) ) ;
#315 = ORIENTED_EDGE ( 'NONE', *, *, #456, .F. ) ;
#316 = ORIENTED_EDGE ( 'NONE', *, *, #1130, .T. ) ;
#317 = DIRECTION ( 'NONE',  ( 0.000000000000000000, -0.000000000000000000, -1.000000000000000000 ) ) ;
#318 = FACE_OUTER_BOUND ( 'NONE', #417, .T. ) ;
#319 = VECTOR ( 'NONE', #969, 1000.000000000000000 ) ;
#320 = CARTESIAN_POINT ( 'NONE',  ( -9.500000000000008882, 31.35000000000000142, 5.199999999999996625 ) ) ;
#321 = LINE ( 'NONE', #396, #637 ) ;
#322 = ORIENTED_EDGE ( 'NONE', *, *, #347, .T. ) ;
#323 = ADVANCED_FACE ( 'NONE', ( #304 ), #415, .F. ) ;
#324 = PRODUCT ( 'aliexpress_mount_step', 'aliexpress_mount_step', '', ( #225 ) ) ;
#325 = ORIENTED_EDGE ( 'NONE', *, *, #1356, .T. ) ;
#326 = DIRECTION ( 'NONE',  ( -1.000000000000000000, 0.000000000000000000, 0.000000000000000000 ) ) ;
#327 = PLANE ( 'NONE',  #383 ) ;
#328 = DIRECTION ( 'NONE',  ( 1.000000000000000000, 0.000000000000000000, 0.000000000000000000 ) ) ;
#329 = VECTOR ( 'NONE', #279, 1000.000000000000000 ) ;
#330 = ORIENTED_EDGE ( 'NONE', *, *, #190, .T. ) ;
#331 = AXIS2_PLACEMENT_3D ( 'NONE', #440, #328, #1440 ) ;
#332 = EDGE_CURVE ( 'NONE', #1272, #1379, #1008, .T. ) ;
#333 = ORIENTED_EDGE ( 'NONE', *, *, #1138, .T. ) ;
#334 = VECTOR ( 'NONE', #609, 1000.000000000000000 ) ;
#335 = DIRECTION ( 'NONE',  ( 0.000000000000000000, 0.000000000000000000, 1.000000000000000000 ) ) ;
#336 = DIRECTION ( 'NONE',  ( 0.000000000000000000, 0.000000000000000000, -1.000000000000000000 ) ) ;
#337 = ORIENTED_EDGE ( 'NONE', *, *, #1121, .T. ) ;
#338 = DIRECTION ( 'NONE',  ( 0.000000000000000000, 1.000000000000000000, 0.000000000000000000 ) ) ;
#339 = FACE_OUTER_BOUND ( 'NONE', #443, .T. ) ;
#340 = CIRCLE ( 'NONE', #142, 1.599999999999997202 ) ;
#341 = DIRECTION ( 'NONE',  ( 0.000000000000000000, 0.000000000000000000, -1.000000000000000000 ) ) ;
#342 = VECTOR ( 'NONE', #227, 1000.000000000000000 ) ;
#343 = EDGE_LOOP ( 'NONE', ( #224, #337, #78, #968, #551 ) ) ;
#344 =( NAMED_UNIT ( * ) SI_UNIT ( $, .STERADIAN. ) SOLID_ANGLE_UNIT ( ) );
#345 = CARTESIAN_POINT ( 'NONE',  ( -0.02200000000000812417, 0.000000000000000000, -35.67999999999999261 ) ) ;
#346 = DIRECTION ( 'NONE',  ( -0.000000000000000000, -0.9788821886375798087, 0.2044251960206995566 ) ) ;
#347 = EDGE_CURVE ( 'NONE', #702, #1221, #64, .T. ) ;
#348 = CARTESIAN_POINT ( 'NONE',  ( 17.03999999999998849, 16.35000000000000142, 17.73999999999999488 ) ) ;
#349 = AXIS2_PLACEMENT_3D ( 'NONE', #1081, #875, #1088 ) ;
#350 = VERTEX_POINT ( 'NONE', #777 ) ;
#351 = CARTESIAN_POINT ( 'NONE',  ( 9.419999999999976836, 81.90000000000000568, -172.3805726086017387 ) ) ;
#352 = DIRECTION ( 'NONE',  ( -1.000000000000000000, 0.000000000000000000, 0.000000000000000000 ) ) ;
#353 = CARTESIAN_POINT ( 'NONE',  ( 17.03999999999998849, 31.35000000000000142, 5.199999999999996625 ) ) ;
#354 = ORIENTED_EDGE ( 'NONE', *, *, #379, .T. ) ;
#355 = LINE ( 'NONE', #857, #319 ) ;
#356 = EDGE_LOOP ( 'NONE', ( #1390, #1145, #771, #108 ) ) ;
#357 = DIRECTION ( 'NONE',  ( 0.000000000000000000, 1.000000000000000000, -0.000000000000000000 ) ) ;
#358 = VERTEX_POINT ( 'NONE', #1238 ) ;
#359 = VECTOR ( 'NONE', #22, 1000.000000000000000 ) ;
#360 = ORIENTED_EDGE ( 'NONE', *, *, #1373, .F. ) ;
#361 = ADVANCED_FACE ( 'NONE', ( #895 ), #1219, .F. ) ;
#362 = VERTEX_POINT ( 'NONE', #652 ) ;
#363 = CARTESIAN_POINT ( 'NONE',  ( -14.50000000000000888, 6.349999999999999645, 36.94999999999998863 ) ) ;
#364 = VECTOR ( 'NONE', #1077, 1000.000000000000000 ) ;
#365 = EDGE_CURVE ( 'NONE', #921, #779, #295, .T. ) ;
#366 = DIRECTION ( 'NONE',  ( 1.000000000000000000, -0.000000000000000000, -1.187759997245332081E-16 ) ) ;
#367 = FACE_OUTER_BOUND ( 'NONE', #1204, .T. ) ;
#368 = ORIENTED_EDGE ( 'NONE', *, *, #676, .T. ) ;
#369 = CARTESIAN_POINT ( 'NONE',  ( 12.00000034882887334, 79.20000000002099227, -7.739999999999995772 ) ) ;
#370 = EDGE_CURVE ( 'NONE', #392, #448, #255, .T. ) ;
#371 = CARTESIAN_POINT ( 'NONE',  ( -0.02200000000000788131, 6.349999999999999645, -33.68000399999998251 ) ) ;
#372 = CIRCLE ( 'NONE', #591, 1.599999999999997202 ) ;
#373 = FACE_OUTER_BOUND ( 'NONE', #161, .T. ) ;
#374 = AXIS2_PLACEMENT_3D ( 'NONE', #964, #1313, #731 ) ;
#375 = DIRECTION ( 'NONE',  ( 0.000000000000000000, -1.000000000000000000, 0.000000000000000000 ) ) ;
#376 = EDGE_LOOP ( 'NONE', ( #960, #697 ) ) ;
#377 = CARTESIAN_POINT ( 'NONE',  ( 14.49999999999999289, 0.000000000000000000, 36.94999999999998863 ) ) ;
#378 = PLANE ( 'NONE',  #560 ) ;
#379 = EDGE_CURVE ( 'NONE', #171, #756, #313, .T. ) ;
#380 = DIRECTION ( 'NONE',  ( 1.018030208906577066E-16, 0.000000000000000000, 1.000000000000000000 ) ) ;
#381 = EDGE_CURVE ( 'NONE', #892, #392, #871, .T. ) ;
#382 = DIRECTION ( 'NONE',  ( 0.000000000000000000, 0.000000000000000000, -1.000000000000000000 ) ) ;
#383 = AXIS2_PLACEMENT_3D ( 'NONE', #1413, #1311, #811 ) ;
#384 = VERTEX_POINT ( 'NONE', #1114 ) ;
#385 = ORIENTED_EDGE ( 'NONE', *, *, #1388, .F. ) ;
#386 = DIRECTION ( 'NONE',  ( 0.000000000000000000, 0.000000000000000000, 1.000000000000000000 ) ) ;
#387 = CIRCLE ( 'NONE', #120, 1.599999999999997202 ) ;
#388 = CARTESIAN_POINT ( 'NONE',  ( 4.039999999999988489, 31.35000000000000142, -5.835000000000000853 ) ) ;
#389 = CARTESIAN_POINT ( 'NONE',  ( 4.039999999999988489, 31.35000000000000142, 5.199999999999996625 ) ) ;
#390 = ADVANCED_FACE ( 'NONE', ( #548 ), #1466, .T. ) ;
#391 = ORIENTED_EDGE ( 'NONE', *, *, #632, .T. ) ;
#392 = VERTEX_POINT ( 'NONE', #813 ) ;
#393 = DIRECTION ( 'NONE',  ( 0.000000000000000000, 0.000000000000000000, 1.000000000000000000 ) ) ;
#394 = CARTESIAN_POINT ( 'NONE',  ( -17.04000000000000981, 0.000000000000000000, 2.023943035306047023E-15 ) ) ;
#395 = LINE ( 'NONE', #1307, #1024 ) ;
#396 = CARTESIAN_POINT ( 'NONE',  ( 17.03999999999998849, 81.90000000000000568, 5.834999999999996412 ) ) ;
#397 = CIRCLE ( 'NONE', #374, 7.620000000000001883 ) ;
#398 = ORIENTED_EDGE ( 'NONE', *, *, #1389, .T. ) ;
#399 = ORIENTED_EDGE ( 'NONE', *, *, #1373, .T. ) ;
#400 = FACE_OUTER_BOUND ( 'NONE', #343, .T. ) ;
#401 = ADVANCED_FACE ( 'NONE', ( #1129 ), #1016, .T. ) ;
#402 = PRODUCT_RELATED_PRODUCT_CATEGORY ( 'part', '', ( #324 ) ) ;
#403 = CARTESIAN_POINT ( 'NONE',  ( 17.03999999999998849, 31.35000000000000142, -5.835000000000000853 ) ) ;
#404 = DIRECTION ( 'NONE',  ( 2.652485623800170010E-16, 1.980277940612793739E-16, -1.000000000000000000 ) ) ;
#405 = DIRECTION ( 'NONE',  ( -0.000000000000000000, -1.000000000000000000, 0.000000000000000000 ) ) ;
#406 = CARTESIAN_POINT ( 'NONE',  ( 8.800000348828879382, 79.20000000002099227, -5.834999999999995524 ) ) ;
#407 = ORIENTED_EDGE ( 'NONE', *, *, #792, .F. ) ;
#408 = CIRCLE ( 'NONE', #932, 7.620000000000001883 ) ;
#409 = VERTEX_POINT ( 'NONE', #793 ) ;
#410 = FACE_OUTER_BOUND ( 'NONE', #1013, .T. ) ;
#411 = EDGE_CURVE ( 'NONE', #671, #1330, #372, .T. ) ;
#412 = CARTESIAN_POINT ( 'NONE',  ( 12.00000034882887334, 79.20000000002099227, -7.739999999999995772 ) ) ;
#413 = PLANE ( 'NONE',  #679 ) ;
#414 = ADVANCED_FACE ( 'NONE', ( #124, #339, #458 ), #214, .F. ) ;
#415 = CYLINDRICAL_SURFACE ( 'NONE', #331, 1.000000000000000000 ) ;
#416 = LINE ( 'NONE', #872, #149 ) ;
#417 = EDGE_LOOP ( 'NONE', ( #19, #1018, #288, #1003 ) ) ;
#418 = EDGE_LOOP ( 'NONE', ( #1469, #564, #1101, #1412 ) ) ;
#419 = FACE_OUTER_BOUND ( 'NONE', #1251, .T. ) ;
#420 = ORIENTED_EDGE ( 'NONE', *, *, #100, .T. ) ;
#421 = PLANE ( 'NONE',  #1177 ) ;
#422 = CARTESIAN_POINT ( 'NONE',  ( 10.40000034882887725, 79.20000000002099227, -7.739999999999995772 ) ) ;
#423 = AXIS2_PLACEMENT_3D ( 'NONE', #1455, #1203, #282 ) ;
#424 = CARTESIAN_POINT ( 'NONE',  ( -11.65000034895430403, 68.85000000001392095, -5.200000000000006395 ) ) ;
#425 = DIRECTION ( 'NONE',  ( -1.000000000000000000, 0.000000000000000000, 0.000000000000000000 ) ) ;
#426 = ORIENTED_EDGE ( 'NONE', *, *, #99, .T. ) ;
#427 = DIRECTION ( 'NONE',  ( 0.000000000000000000, 0.000000000000000000, 1.000000000000000000 ) ) ;
#428 = CARTESIAN_POINT ( 'NONE',  ( 14.49999999999999289, 0.000000000000000000, 39.48999999999998778 ) ) ;
#429 = DIRECTION ( 'NONE',  ( -1.000000000000000000, 0.000000000000000000, 0.000000000000000000 ) ) ;
#430 = CARTESIAN_POINT ( 'NONE',  ( 14.49999999999999289, 6.349999999999999645, -36.94999999999998863 ) ) ;
#431 = EDGE_CURVE ( 'NONE', #1347, #751, #1270, .T. ) ;
#432 = LINE ( 'NONE', #650, #691 ) ;
#433 = ADVANCED_FACE ( 'NONE', ( #219 ), #1144, .F. ) ;
#434 = VERTEX_POINT ( 'NONE', #926 ) ;
#435 = ORIENTED_EDGE ( 'NONE', *, *, #956, .T. ) ;
#436 = VERTEX_POINT ( 'NONE', #1155 ) ;
#437 = DIRECTION ( 'NONE',  ( 0.000000000000000000, 0.000000000000000000, -1.000000000000000000 ) ) ;
#438 = PLANE ( 'NONE',  #1277 ) ;
#439 = CIRCLE ( 'NONE', #1475, 1.599999999999997202 ) ;
#440 = CARTESIAN_POINT ( 'NONE',  ( 44.62965204564928001, 11.34176490699680429, -8.673617379884035472E-16 ) ) ;
#441 = CIRCLE ( 'NONE', #818, 9.999999999999998224 ) ;
#442 = EDGE_CURVE ( 'NONE', #444, #667, #535, .T. ) ;
#443 = EDGE_LOOP ( 'NONE', ( #1231, #283, #923, #483, #181, #299, #970, #842 ) ) ;
#444 = VERTEX_POINT ( 'NONE', #586 ) ;
#445 = DIRECTION ( 'NONE',  ( 1.000000000000000000, 0.000000000000000000, -3.414809992080327051E-16 ) ) ;
#446 = LINE ( 'NONE', #452, #342 ) ;
#447 = AXIS2_PLACEMENT_3D ( 'NONE', #517, #1245, #92 ) ;
#448 = VERTEX_POINT ( 'NONE', #472 ) ;
#449 = VECTOR ( 'NONE', #833, 1000.000000000000000 ) ;
#450 = CARTESIAN_POINT ( 'NONE',  ( 10.40000034882887725, 79.20000000002099227, -7.739999999999995772 ) ) ;
#451 = EDGE_CURVE ( 'NONE', #532, #951, #116, .T. ) ;
#452 = CARTESIAN_POINT ( 'NONE',  ( 14.49999999999999289, 6.349999999999999645, -39.48999999999998778 ) ) ;
#453 = ORIENTED_EDGE ( 'NONE', *, *, #18, .T. ) ;
#454 = ORIENTED_EDGE ( 'NONE', *, *, #1316, .F. ) ;
#455 = DIRECTION ( 'NONE',  ( -1.000000000000000000, 0.000000000000000000, 0.000000000000000000 ) ) ;
#456 = EDGE_CURVE ( 'NONE', #1383, #1309, #1378, .T. ) ;
#457 = EDGE_CURVE ( 'NONE', #619, #1125, #581, .T. ) ;
#458 = FACE_BOUND ( 'NONE', #606, .T. ) ;
#459 = AXIS2_PLACEMENT_3D ( 'NONE', #843, #276, #492 ) ;
#460 =( GEOMETRIC_REPRESENTATION_CONTEXT ( 3 ) GLOBAL_UNCERTAINTY_ASSIGNED_CONTEXT ( ( #1292 ) ) GLOBAL_UNIT_ASSIGNED_CONTEXT ( ( #1365, #1267, #344 ) ) REPRESENTATION_CONTEXT ( 'NONE', 'WORKASPACE' ) );
#461 = CARTESIAN_POINT ( 'NONE',  ( 4.039999999999989377, 0.000000000000000000, -3.448231310940220224E-15 ) ) ;
#462 = VECTOR ( 'NONE', #110, 1000.000000000000000 ) ;
#463 = EDGE_LOOP ( 'NONE', ( #154, #191 ) ) ;
#464 = ORIENTED_EDGE ( 'NONE', *, *, #1076, .T. ) ;
#465 = LINE ( 'NONE', #351, #229 ) ;
#466 = CARTESIAN_POINT ( 'NONE',  ( 10.40000034882887725, 79.20000000002099227, 5.834999999999995524 ) ) ;
#467 = CARTESIAN_POINT ( 'NONE',  ( -9.500000000000008882, 65.69999999999998863, -5.200000000000006395 ) ) ;
#468 = ORIENTED_EDGE ( 'NONE', *, *, #736, .F. ) ;
#469 = ORIENTED_EDGE ( 'NONE', *, *, #1308, .T. ) ;
#470 = DIRECTION ( 'NONE',  ( -0.000000000000000000, -1.000000000000000000, -0.000000000000000000 ) ) ;
#471 = ORIENTED_EDGE ( 'NONE', *, *, #190, .F. ) ;
#472 = CARTESIAN_POINT ( 'NONE',  ( -17.04000000000001336, 6.349999999999999645, -17.73999999999999133 ) ) ;
#473 = FACE_OUTER_BOUND ( 'NONE', #266, .T. ) ;
#474 = EDGE_CURVE ( 'NONE', #434, #1232, #913, .T. ) ;
#475 = EDGE_CURVE ( 'NONE', #647, #1192, #11, .T. ) ;
#476 = ORIENTED_EDGE ( 'NONE', *, *, #792, .T. ) ;
#477 = CARTESIAN_POINT ( 'NONE',  ( 10.40000034882887725, 79.20000000002099227, 5.834999999999995524 ) ) ;
#478 = DIRECTION ( 'NONE',  ( -1.187759997245332081E-16, 0.000000000000000000, -1.000000000000000000 ) ) ;
#479 = CIRCLE ( 'NONE', #862, 2.540000000000000480 ) ;
#480 = DIRECTION ( 'NONE',  ( -0.000000000000000000, -1.000000000000000000, -0.000000000000000000 ) ) ;
#481 = CARTESIAN_POINT ( 'NONE',  ( -10.05000034895430616, 68.85000000001392095, -7.739999999999993996 ) ) ;
#482 = EDGE_CURVE ( 'NONE', #780, #1349, #659, .T. ) ;
#483 = ORIENTED_EDGE ( 'NONE', *, *, #99, .F. ) ;
#484 = DIRECTION ( 'NONE',  ( -0.000000000000000000, -0.000000000000000000, -1.000000000000000000 ) ) ;
#485 = VECTOR ( 'NONE', #1042, 1000.000000000000000 ) ;
#486 = DIRECTION ( 'NONE',  ( 1.000000000000000000, 0.000000000000000000, -5.421010862427532031E-16 ) ) ;
#487 = CARTESIAN_POINT ( 'NONE',  ( 17.03999999999998849, 0.000000000000000000, 36.94999999999998863 ) ) ;
#488 = CARTESIAN_POINT ( 'NONE',  ( -17.04000000000000625, 16.35000000000000497, 7.740000000000008207 ) ) ;
#489 = COLOUR_RGB ( '',0.7921568627450980005, 0.8196078431372548767, 0.9333333333333333481 ) ;
#490 = VECTOR ( 'NONE', #863, 1000.000000000000000 ) ;
#491 = ORIENTED_EDGE ( 'NONE', *, *, #381, .T. ) ;
#492 = DIRECTION ( 'NONE',  ( 0.000000000000000000, 0.9788821886375798087, -0.2044251960206995566 ) ) ;
#493 = EDGE_CURVE ( 'NONE', #204, #1258, #774, .T. ) ;
#494 = LINE ( 'NONE', #838, #359 ) ;
#495 = EDGE_CURVE ( 'NONE', #204, #1004, #446, .T. ) ;
#496 = CARTESIAN_POINT ( 'NONE',  ( 4.039999999999988489, 31.35000000000000142, -5.200000000000006395 ) ) ;
#497 = ORIENTED_EDGE ( 'NONE', *, *, #1274, .T. ) ;
#498 = ORIENTED_EDGE ( 'NONE', *, *, #1443, .F. ) ;
#499 = DIRECTION ( 'NONE',  ( -1.000000000000000000, 0.000000000000000000, 0.000000000000000000 ) ) ;
#500 = LINE ( 'NONE', #1176, #1011 ) ;
#501 = EDGE_CURVE ( 'NONE', #308, #987, #690, .T. ) ;
#502 = DIRECTION ( 'NONE',  ( 0.000000000000000000, 0.000000000000000000, 1.000000000000000000 ) ) ;
#503 = VECTOR ( 'NONE', #595, 1000.000000000000000 ) ;
#504 = AXIS2_PLACEMENT_3D ( 'NONE', #377, #925, #947 ) ;
#505 = ORIENTED_EDGE ( 'NONE', *, *, #920, .T. ) ;
#506 = CYLINDRICAL_SURFACE ( 'NONE', #1211, 1.599999999999997202 ) ;
#507 = ORIENTED_EDGE ( 'NONE', *, *, #993, .F. ) ;
#508 = CARTESIAN_POINT ( 'NONE',  ( -14.50000000000000888, 6.349999999999999645, 39.48999999999998778 ) ) ;
#509 = CARTESIAN_POINT ( 'NONE',  ( -14.50000000000000888, 81.90000000000000568, -5.200000000000006395 ) ) ;
#510 = CARTESIAN_POINT ( 'NONE',  ( 14.49999999999999289, 6.349999999999999645, 36.94999999999998863 ) ) ;
#511 = ORIENTED_EDGE ( 'NONE', *, *, #571, .T. ) ;
#512 = VERTEX_POINT ( 'NONE', #1381 ) ;
#513 = PLANE ( 'NONE',  #998 ) ;
#514 = CIRCLE ( 'NONE', #1407, 1.000000000000000000 ) ;
#515 = ORIENTED_EDGE ( 'NONE', *, *, #897, .F. ) ;
#516 = DIRECTION ( 'NONE',  ( -0.000000000000000000, -0.000000000000000000, -1.000000000000000000 ) ) ;
#517 = CARTESIAN_POINT ( 'NONE',  ( 0.000000000000000000, 6.349999999999999645, 39.48999999999998778 ) ) ;
#518 = AXIS2_PLACEMENT_3D ( 'NONE', #430, #888, #238 ) ;
#519 = CARTESIAN_POINT ( 'NONE',  ( 4.039999999999989377, 81.90000000000000568, -5.200000000000006395 ) ) ;
#520 = AXIS2_PLACEMENT_3D ( 'NONE', #622, #845, #48 ) ;
#521 = EDGE_CURVE ( 'NONE', #987, #409, #233, .T. ) ;
#522 = EDGE_CURVE ( 'NONE', #49, #512, #387, .T. ) ;
#523 = ORIENTED_EDGE ( 'NONE', *, *, #1197, .T. ) ;
#524 = FACE_BOUND ( 'NONE', #1265, .T. ) ;
#525 = VERTEX_POINT ( 'NONE', #269 ) ;
#526 = DIRECTION ( 'NONE',  ( 0.000000000000000000, -1.000000000000000000, 0.000000000000000000 ) ) ;
#527 = CARTESIAN_POINT ( 'NONE',  ( -17.04000000000000981, 6.349999999999999645, 2.023943035306047023E-15 ) ) ;
#528 = CARTESIAN_POINT ( 'NONE',  ( -14.50000000000000888, 81.90000000000000568, -5.200000000000006395 ) ) ;
#529 = CARTESIAN_POINT ( 'NONE',  ( 8.800000348828879382, 79.20000000002099227, 5.834999999999995524 ) ) ;
#530 = ORIENTED_EDGE ( 'NONE', *, *, #1443, .T. ) ;
#531 = CIRCLE ( 'NONE', #218, 1.999996000000003882 ) ;
#532 = VERTEX_POINT ( 'NONE', #508 ) ;
#533 = CARTESIAN_POINT ( 'NONE',  ( -0.02200000000000788131, 6.349999999999999645, 37.67999599999999560 ) ) ;
#534 = VECTOR ( 'NONE', #1464, 1000.000000000000000 ) ;
#535 = CIRCLE ( 'NONE', #75, 1.599999999999997202 ) ;
#536 = VERTEX_POINT ( 'NONE', #1312 ) ;
#537 = DIRECTION ( 'NONE',  ( 0.000000000000000000, -0.000000000000000000, 1.000000000000000000 ) ) ;
#538 = FACE_OUTER_BOUND ( 'NONE', #1072, .T. ) ;
#539 = LINE ( 'NONE', #994, #60 ) ;
#540 = DIRECTION ( 'NONE',  ( -0.000000000000000000, -0.000000000000000000, -1.000000000000000000 ) ) ;
#541 = ORIENTED_EDGE ( 'NONE', *, *, #1163, .T. ) ;
#542 = ORIENTED_EDGE ( 'NONE', *, *, #1035, .T. ) ;
#543 = CARTESIAN_POINT ( 'NONE',  ( -7.879553816936901145E-16, 16.35000000000000497, -7.739999999999994884 ) ) ;
#544 = CARTESIAN_POINT ( 'NONE',  ( 12.00000034882887334, 79.20000000002099227, 5.834999999999995524 ) ) ;
#545 = EDGE_CURVE ( 'NONE', #164, #929, #1402, .T. ) ;
#546 = EDGE_CURVE ( 'NONE', #1309, #358, #1428, .T. ) ;
#547 = VECTOR ( 'NONE', #43, 1000.000000000000000 ) ;
#548 = FACE_OUTER_BOUND ( 'NONE', #552, .T. ) ;
#549 = CARTESIAN_POINT ( 'NONE',  ( 0.000000000000000000, 0.000000000000000000, -39.48999999999998778 ) ) ;
#550 = ORIENTED_EDGE ( 'NONE', *, *, #1146, .T. ) ;
#551 = ORIENTED_EDGE ( 'NONE', *, *, #1233, .F. ) ;
#552 = EDGE_LOOP ( 'NONE', ( #1031, #121, #990, #1222 ) ) ;
#553 = DIRECTION ( 'NONE',  ( 0.000000000000000000, 0.000000000000000000, -1.000000000000000000 ) ) ;
#554 = DIRECTION ( 'NONE',  ( -0.000000000000000000, -1.000000000000000000, -0.000000000000000000 ) ) ;
#555 = DIRECTION ( 'NONE',  ( 1.018030208906577066E-16, 0.000000000000000000, 1.000000000000000000 ) ) ;
#556 = EDGE_CURVE ( 'NONE', #576, #1132, #1151, .T. ) ;
#557 = ORIENTED_EDGE ( 'NONE', *, *, #1278, .F. ) ;
#558 = VERTEX_POINT ( 'NONE', #130 ) ;
#559 = DIRECTION ( 'NONE',  ( 0.000000000000000000, 1.000000000000000000, -0.000000000000000000 ) ) ;
#560 = AXIS2_PLACEMENT_3D ( 'NONE', #1304, #725, #844 ) ;
#561 = AXIS2_PLACEMENT_3D ( 'NONE', #345, #573, #1135 ) ;
#562 = CARTESIAN_POINT ( 'NONE',  ( -14.50000000000000888, 6.349999999999999645, 39.48999999999998778 ) ) ;
#563 = EDGE_CURVE ( 'NONE', #1285, #1125, #1060, .T. ) ;
#564 = ORIENTED_EDGE ( 'NONE', *, *, #1066, .T. ) ;
#565 = FACE_BOUND ( 'NONE', #898, .T. ) ;
#566 = ADVANCED_BREP_SHAPE_REPRESENTATION ( 'aliexpress_mount_step', ( #924, #198 ), #460 ) ;
#567 = DIRECTION ( 'NONE',  ( 1.000000000000000000, 0.000000000000000000, -5.421010862427532031E-16 ) ) ;
#568 = AXIS2_PLACEMENT_3D ( 'NONE', #510, #853, #739 ) ;
#569 = EDGE_CURVE ( 'NONE', #558, #1484, #148, .T. ) ;
#570 = AXIS2_PLACEMENT_3D ( 'NONE', #1250, #808, #105 ) ;
#571 = EDGE_CURVE ( 'NONE', #384, #1, #822, .T. ) ;
#572 = EDGE_LOOP ( 'NONE', ( #330, #600, #281, #88, #275, #215 ) ) ;
#573 = DIRECTION ( 'NONE',  ( 0.000000000000000000, 1.000000000000000000, -0.000000000000000000 ) ) ;
#574 = CARTESIAN_POINT ( 'NONE',  ( 4.039999999999989377, 81.90000000000000568, 5.834999999999992859 ) ) ;
#575 = ORIENTED_EDGE ( 'NONE', *, *, #782, .F. ) ;
#576 = VERTEX_POINT ( 'NONE', #713 ) ;
#577 = CARTESIAN_POINT ( 'NONE',  ( 0.000000000000000000, 0.000000000000000000, 39.48999999999998778 ) ) ;
#578 = DIRECTION ( 'NONE',  ( 2.652485623800170010E-16, 1.980277940612793739E-16, -1.000000000000000000 ) ) ;
#579 = VECTOR ( 'NONE', #484, 1000.000000000000000 ) ;
#580 = CARTESIAN_POINT ( 'NONE',  ( 17.03999999999998849, 6.349999999999999645, 0.000000000000000000 ) ) ;
#581 = CIRCLE ( 'NONE', #912, 1.999996000000003882 ) ;
#582 = ORIENTED_EDGE ( 'NONE', *, *, #474, .T. ) ;
#583 = ORIENTED_EDGE ( 'NONE', *, *, #920, .F. ) ;
#584 = SURFACE_STYLE_FILL_AREA ( #698 ) ;
#585 = ORIENTED_EDGE ( 'NONE', *, *, #451, .T. ) ;
#586 = CARTESIAN_POINT ( 'NONE',  ( -13.25000034895430012, 68.85000000001392095, 7.740000000000007319 ) ) ;
#587 = EDGE_CURVE ( 'NONE', #536, #307, #247, .T. ) ;
#588 = EDGE_CURVE ( 'NONE', #1, #1347, #1161, .T. ) ;
#589 = PLANE ( 'NONE',  #223 ) ;
#590 = EDGE_LOOP ( 'NONE', ( #315, #290, #464, #1039 ) ) ;
#591 = AXIS2_PLACEMENT_3D ( 'NONE', #466, #902, #1041 ) ;
#592 = CARTESIAN_POINT ( 'NONE',  ( -14.50000000000000888, 0.000000000000000000, 39.48999999999998778 ) ) ;
#593 = VECTOR ( 'NONE', #207, 1000.000000000000000 ) ;
#594 = ORIENTED_EDGE ( 'NONE', *, *, #521, .T. ) ;
#595 = DIRECTION ( 'NONE',  ( -0.000000000000000000, -1.000000000000000000, -0.000000000000000000 ) ) ;
#596 = EDGE_CURVE ( 'NONE', #667, #444, #439, .T. ) ;
#597 = EDGE_CURVE ( 'NONE', #77, #702, #260, .T. ) ;
#598 = ORIENTED_EDGE ( 'NONE', *, *, #881, .F. ) ;
#599 = CARTESIAN_POINT ( 'NONE',  ( 17.03999999999998849, 6.349999999999999645, 0.000000000000000000 ) ) ;
#600 = ORIENTED_EDGE ( 'NONE', *, *, #914, .T. ) ;
#601 = DIRECTION ( 'NONE',  ( -2.652485623800170010E-16, -1.188166764367676095E-16, 1.000000000000000000 ) ) ;
#602 = DIRECTION ( 'NONE',  ( -0.000000000000000000, -0.000000000000000000, -1.000000000000000000 ) ) ;
#603 = CARTESIAN_POINT ( 'NONE',  ( -0.02200000000000812417, 6.349999999999999645, 35.67999999999999261 ) ) ;
#604 = DIRECTION ( 'NONE',  ( 0.000000000000000000, 0.000000000000000000, 1.000000000000000000 ) ) ;
#605 = CIRCLE ( 'NONE', #935, 1.000000000000000000 ) ;
#606 = EDGE_LOOP ( 'NONE', ( #896, #61 ) ) ;
#607 =( NAMED_UNIT ( * ) SI_UNIT ( $, .STERADIAN. ) SOLID_ANGLE_UNIT ( ) );
#608 = DIRECTION ( 'NONE',  ( -0.000000000000000000, -1.000000000000000000, -0.000000000000000000 ) ) ;
#609 = DIRECTION ( 'NONE',  ( -1.000000000000000000, 0.000000000000000000, 3.563105731173019116E-16 ) ) ;
#610 = APPLICATION_CONTEXT ( 'automotive_design' ) ;
#611 = VECTOR ( 'NONE', #314, 1000.000000000000227 ) ;
#612 = EDGE_CURVE ( 'NONE', #576, #258, #494, .T. ) ;
#613 = ORIENTED_EDGE ( 'NONE', *, *, #939, .F. ) ;
#614 = PLANE ( 'NONE',  #1034 ) ;
#615 = CARTESIAN_POINT ( 'NONE',  ( -11.65000034895430403, 68.85000000001392095, 7.740000000000006430 ) ) ;
#616 = DIRECTION ( 'NONE',  ( 1.000000000000000000, 0.000000000000000000, 0.000000000000000000 ) ) ;
#617 = DIRECTION ( 'NONE',  ( -0.000000000000000000, -1.000000000000000000, -0.000000000000000000 ) ) ;
#618 = ORIENTED_EDGE ( 'NONE', *, *, #167, .F. ) ;
#619 = VERTEX_POINT ( 'NONE', #1055 ) ;
#620 = CARTESIAN_POINT ( 'NONE',  ( -10.05000034895430616, 68.85000000001392095, 5.199999999999995737 ) ) ;
#621 = DIRECTION ( 'NONE',  ( -3.563105731173019116E-16, 0.000000000000000000, -1.000000000000000000 ) ) ;
#622 = CARTESIAN_POINT ( 'NONE',  ( -0.02200000000000812417, 0.000000000000000000, 35.67999999999999261 ) ) ;
#623 = CARTESIAN_POINT ( 'NONE',  ( 17.03999999999998849, 6.349999999999999645, -17.73999999999999488 ) ) ;
#624 = ORIENTED_EDGE ( 'NONE', *, *, #942, .T. ) ;
#625 = ORIENTED_EDGE ( 'NONE', *, *, #305, .F. ) ;
#626 = CARTESIAN_POINT ( 'NONE',  ( 9.419999999999976836, 81.90000000000000568, -172.3805726086017387 ) ) ;
#627 = ORIENTED_EDGE ( 'NONE', *, *, #847, .F. ) ;
#628 = FACE_BOUND ( 'NONE', #976, .T. ) ;
#629 = CIRCLE ( 'NONE', #938, 1.999996000000003882 ) ;
#630 = EDGE_CURVE ( 'NONE', #350, #646, #1170, .T. ) ;
#631 = DIRECTION ( 'NONE',  ( 0.000000000000000000, 0.000000000000000000, 1.000000000000000000 ) ) ;
#632 = EDGE_CURVE ( 'NONE', #512, #49, #163, .T. ) ;
#633 = CARTESIAN_POINT ( 'NONE',  ( 4.039999999999989377, 81.90000000000000568, -5.834999999999996412 ) ) ;
#634 = VERTEX_POINT ( 'NONE', #943 ) ;
#635 = ORIENTED_EDGE ( 'NONE', *, *, #965, .F. ) ;
#636 = CARTESIAN_POINT ( 'NONE',  ( 17.03999999999998849, 81.90000000000000568, -5.834999999999992859 ) ) ;
#637 = VECTOR ( 'NONE', #56, 1000.000000000000000 ) ;
#638 = DIRECTION ( 'NONE',  ( -0.000000000000000000, -1.000000000000000000, -0.000000000000000000 ) ) ;
#639 = CARTESIAN_POINT ( 'NONE',  ( 9.419999999999994600, 81.90000000000000568, -5.835000000000005294 ) ) ;
#640 = DIRECTION ( 'NONE',  ( 0.000000000000000000, 0.000000000000000000, 1.000000000000000000 ) ) ;
#641 = AXIS2_PLACEMENT_3D ( 'NONE', #973, #405, #640 ) ;
#642 = EDGE_CURVE ( 'NONE', #664, #77, #500, .T. ) ;
#643 = EDGE_CURVE ( 'NONE', #664, #16, #144, .T. ) ;
#644 = DIRECTION ( 'NONE',  ( 0.000000000000000000, 0.000000000000000000, 1.000000000000000000 ) ) ;
#645 = CIRCLE ( 'NONE', #1489, 1.999996000000003882 ) ;
#646 = VERTEX_POINT ( 'NONE', #388 ) ;
#647 = VERTEX_POINT ( 'NONE', #1414 ) ;
#648 = DIRECTION ( 'NONE',  ( 2.652485623800170010E-16, 1.980277940612793492E-16, -1.000000000000000000 ) ) ;
#649 = ORIENTED_EDGE ( 'NONE', *, *, #431, .F. ) ;
#650 = CARTESIAN_POINT ( 'NONE',  ( 4.039999999999989377, 31.35000000000000142, -3.448231310940220224E-15 ) ) ;
#651 = DIRECTION ( 'NONE',  ( 1.000000000000000000, -0.000000000000000000, 0.000000000000000000 ) ) ;
#652 = CARTESIAN_POINT ( 'NONE',  ( -0.02200000000000812417, 6.349999999999999645, 33.68000399999998251 ) ) ;
#653 = CARTESIAN_POINT ( 'NONE',  ( -0.02200000000000812417, 6.349999999999999645, -35.67999999999999261 ) ) ;
#654 = ORIENTED_EDGE ( 'NONE', *, *, #1241, .T. ) ;
#655 = ORIENTED_EDGE ( 'NONE', *, *, #965, .T. ) ;
#656 = ADVANCED_FACE ( 'NONE', ( #730 ), #378, .T. ) ;
#657 = CYLINDRICAL_SURFACE ( 'NONE', #349, 10.00000000000000000 ) ;
#658 = MECHANICAL_DESIGN_GEOMETRIC_PRESENTATION_REPRESENTATION (  '', ( #1062 ), #911 ) ;
#659 = CIRCLE ( 'NONE', #841, 1.599999999999997202 ) ;
#660 = DIRECTION ( 'NONE',  ( -1.000000000000000000, 0.000000000000000000, 0.000000000000000000 ) ) ;
#661 = PLANE ( 'NONE',  #98 ) ;
#662 = DIRECTION ( 'NONE',  ( -0.000000000000000000, -1.000000000000000000, -0.000000000000000000 ) ) ;
#663 = CARTESIAN_POINT ( 'NONE',  ( 17.03999999999998849, 11.13733971097610542, -0.9788821886375824732 ) ) ;
#664 = VERTEX_POINT ( 'NONE', #1189 ) ;
#665 = ORIENTED_EDGE ( 'NONE', *, *, #475, .T. ) ;
#666 = ADVANCED_FACE ( 'NONE', ( #46 ), #661, .T. ) ;
#667 = VERTEX_POINT ( 'NONE', #195 ) ;
#668 = CARTESIAN_POINT ( 'NONE',  ( 9.419999999999994600, 74.28000000000000114, -5.835000000000007070 ) ) ;
#669 = CARTESIAN_POINT ( 'NONE',  ( 17.03999999999998849, 6.349999999999999645, 36.94999999999998863 ) ) ;
#670 = CARTESIAN_POINT ( 'NONE',  ( -11.65000034895430403, 68.85000000001392095, -7.739999999999993996 ) ) ;
#671 = VERTEX_POINT ( 'NONE', #544 ) ;
#672 = ORIENTED_EDGE ( 'NONE', *, *, #1322, .F. ) ;
#673 = DIRECTION ( 'NONE',  ( -0.000000000000000000, -0.000000000000000000, -1.000000000000000000 ) ) ;
#674 = SURFACE_STYLE_USAGE ( .BOTH. , #212 ) ;
#675 = CARTESIAN_POINT ( 'NONE',  ( 14.49999999999999289, 6.349999999999999645, -36.94999999999998863 ) ) ;
#676 = EDGE_CURVE ( 'NONE', #1309, #1383, #934, .T. ) ;
#677 = ADVANCED_FACE ( 'NONE', ( #318 ), #1317, .T. ) ;
#678 = EDGE_LOOP ( 'NONE', ( #407, #618, #1248, #1301 ) ) ;
#679 = AXIS2_PLACEMENT_3D ( 'NONE', #1196, #981, #1334 ) ;
#680 = ORIENTED_EDGE ( 'NONE', *, *, #761, .T. ) ;
#681 = DIRECTION ( 'NONE',  ( 0.000000000000000000, 0.000000000000000000, 1.000000000000000000 ) ) ;
#682 = CARTESIAN_POINT ( 'NONE',  ( 4.039999999999991154, 81.90000000000000568, -5.200000000000006395 ) ) ;
#683 = DIRECTION ( 'NONE',  ( -0.000000000000000000, -0.000000000000000000, -1.000000000000000000 ) ) ;
#684 = ADVANCED_FACE ( 'NONE', ( #1325 ), #1000, .T. ) ;
#685 = CIRCLE ( 'NONE', #747, 1.599999999999997202 ) ;
#686 = EDGE_CURVE ( 'NONE', #164, #951, #479, .T. ) ;
#687 = ORIENTED_EDGE ( 'NONE', *, *, #522, .T. ) ;
#688 = ORIENTED_EDGE ( 'NONE', *, *, #1043, .T. ) ;
#689 = FACE_OUTER_BOUND ( 'NONE', #94, .T. ) ;
#690 = LINE ( 'NONE', #574, #1422 ) ;
#691 = VECTOR ( 'NONE', #553, 1000.000000000000000 ) ;
#692 = DIRECTION ( 'NONE',  ( 1.000000000000000000, 0.000000000000000000, 0.000000000000000000 ) ) ;
#693 = ORIENTED_EDGE ( 'NONE', *, *, #1209, .F. ) ;
#694 = LINE ( 'NONE', #900, #1476 ) ;
#695 = CARTESIAN_POINT ( 'NONE',  ( 4.039999999999989377, 81.90000000000000568, 5.834999999999992859 ) ) ;
#696 = DIRECTION ( 'NONE',  ( -1.000000000000000000, 0.000000000000000000, 0.000000000000000000 ) ) ;
#697 = ORIENTED_EDGE ( 'NONE', *, *, #847, .T. ) ;
#698 = FILL_AREA_STYLE ('',( #237 ) ) ;
#699 = CARTESIAN_POINT ( 'NONE',  ( 10.40000034882887725, 79.20000000002099227, -7.739999999999995772 ) ) ;
#700 = CIRCLE ( 'NONE', #196, 1.599999999999997202 ) ;
#701 = CARTESIAN_POINT ( 'NONE',  ( 4.039999999999988489, 31.35000000000000142, 5.834999999999980425 ) ) ;
#702 = VERTEX_POINT ( 'NONE', #63 ) ;
#703 = CARTESIAN_POINT ( 'NONE',  ( 8.800000348828879382, 79.20000000002099227, -7.739999999999995772 ) ) ;
#704 = ADVANCED_FACE ( 'NONE', ( #737, #83, #972 ), #413, .F. ) ;
#705 = ORIENTED_EDGE ( 'NONE', *, *, #188, .T. ) ;
#706 = CARTESIAN_POINT ( 'NONE',  ( 17.03999999999999204, 6.349999999999999645, 2.023943035306045051E-15 ) ) ;
#707 = LINE ( 'NONE', #40, #364 ) ;
#708 = AXIS2_PLACEMENT_3D ( 'NONE', #1223, #393, #866 ) ;
#709 = LINE ( 'NONE', #481, #250 ) ;
#710 = VERTEX_POINT ( 'NONE', #758 ) ;
#711 = CIRCLE ( 'NONE', #1487, 1.599999999999997202 ) ;
#712 = CIRCLE ( 'NONE', #1368, 1.599999999999997202 ) ;
#713 = CARTESIAN_POINT ( 'NONE',  ( -17.04000000000000625, 6.349999999999999645, 17.74000000000000909 ) ) ;
#714 = CARTESIAN_POINT ( 'NONE',  ( 4.039999999999989377, 81.90000000000000568, 5.199999999999996625 ) ) ;
#715 = ADVANCED_FACE ( 'NONE', ( #1206 ), #1226, .F. ) ;
#716 = LINE ( 'NONE', #840, #901 ) ;
#717 = ORIENTED_EDGE ( 'NONE', *, *, #569, .F. ) ;
#718 = DIRECTION ( 'NONE',  ( 0.000000000000000000, -0.9788821886375799197, -0.2044251960206992791 ) ) ;
#719 = LINE ( 'NONE', #1179, #449 ) ;
#720 = VECTOR ( 'NONE', #781, 1000.000000000000000 ) ;
#721 = CARTESIAN_POINT ( 'NONE',  ( 6.320949567100936538E-15, 16.35000000000000142, 17.74000000000000199 ) ) ;
#722 = EDGE_CURVE ( 'NONE', #358, #710, #24, .T. ) ;
#723 = ORIENTED_EDGE ( 'NONE', *, *, #1096, .F. ) ;
#724 = CARTESIAN_POINT ( 'NONE',  ( -17.04000000000001336, 0.000000000000000000, -36.94999999999998863 ) ) ;
#725 = DIRECTION ( 'NONE',  ( 1.000000000000000000, 0.000000000000000000, 0.000000000000000000 ) ) ;
#726 = DIRECTION ( 'NONE',  ( -1.000000000000000000, -0.000000000000000000, -0.000000000000000000 ) ) ;
#727 = DIRECTION ( 'NONE',  ( -0.000000000000000000, -1.000000000000000000, 0.000000000000000000 ) ) ;
#728 = ORIENTED_EDGE ( 'NONE', *, *, #914, .F. ) ;
#729 = ORIENTED_EDGE ( 'NONE', *, *, #123, .F. ) ;
#730 = FACE_OUTER_BOUND ( 'NONE', #1109, .T. ) ;
#731 = DIRECTION ( 'NONE',  ( 1.000000000000000000, 0.000000000000000000, -1.138269997360109428E-16 ) ) ;
#732 = CARTESIAN_POINT ( 'NONE',  ( -9.500000000000008882, 11.13733971097610720, 0.9788821886375790315 ) ) ;
#733 = ORIENTED_EDGE ( 'NONE', *, *, #821, .F. ) ;
#734 = ORIENTED_EDGE ( 'NONE', *, *, #1066, .F. ) ;
#735 = CARTESIAN_POINT ( 'NONE',  ( 10.40000034882887725, 79.20000000002099227, -7.739999999999995772 ) ) ;
#736 = EDGE_CURVE ( 'NONE', #448, #816, #887, .T. ) ;
#737 = FACE_BOUND ( 'NONE', #1224, .T. ) ;
#738 = CARTESIAN_POINT ( 'NONE',  ( -0.02200000000000812417, 6.349999999999999645, -35.67999999999999261 ) ) ;
#739 = DIRECTION ( 'NONE',  ( 0.000000000000000000, 0.000000000000000000, -1.000000000000000000 ) ) ;
#740 = VECTOR ( 'NONE', #933, 1000.000000000000000 ) ;
#741 = AXIS2_PLACEMENT_3D ( 'NONE', #1020, #559, #1014 ) ;
#742 = ORIENTED_EDGE ( 'NONE', *, *, #612, .F. ) ;
#743 = DIRECTION ( 'NONE',  ( 1.000000000000000000, 0.000000000000000000, -3.563105731173019116E-16 ) ) ;
#744 = ORIENTED_EDGE ( 'NONE', *, *, #1389, .F. ) ;
#745 = FACE_BOUND ( 'NONE', #1134, .T. ) ;
#746 = DIRECTION ( 'NONE',  ( 0.000000000000000000, 0.000000000000000000, -1.000000000000000000 ) ) ;
#747 = AXIS2_PLACEMENT_3D ( 'NONE', #1375, #1037, #1156 ) ;
#748 = EDGE_CURVE ( 'NONE', #362, #1074, #531, .T. ) ;
#749 = DIRECTION ( 'NONE',  ( 1.000000000000000000, 0.000000000000000000, 0.000000000000000000 ) ) ;
#750 = LINE ( 'NONE', #286, #1162 ) ;
#751 = VERTEX_POINT ( 'NONE', #71 ) ;
#752 = ORIENTED_EDGE ( 'NONE', *, *, #1121, .F. ) ;
#753 = CARTESIAN_POINT ( 'NONE',  ( 17.03999999999999204, 74.28000000000000114, 7.739999999999993996 ) ) ;
#754 = VECTOR ( 'NONE', #338, 1000.000000000000000 ) ;
#755 = AXIS2_PLACEMENT_3D ( 'NONE', #670, #1123, #425 ) ;
#756 = VERTEX_POINT ( 'NONE', #206 ) ;
#757 = CARTESIAN_POINT ( 'NONE',  ( 4.039999999999989377, 81.90000000000000568, 5.834999999999992859 ) ) ;
#758 = CARTESIAN_POINT ( 'NONE',  ( 12.00000034882887512, 79.20000000002099227, -7.739999999999995772 ) ) ;
#759 = CARTESIAN_POINT ( 'NONE',  ( -11.65000034895430403, 68.85000000001392095, -5.200000000000006395 ) ) ;
#760 = CARTESIAN_POINT ( 'NONE',  ( -17.04000000000000625, 62.50000000000000000, 7.740000000000008207 ) ) ;
#761 = EDGE_CURVE ( 'NONE', #779, #20, #408, .T. ) ;
#762 = EDGE_LOOP ( 'NONE', ( #1463, #134, #1395, #498 ) ) ;
#763 = EDGE_LOOP ( 'NONE', ( #959, #810, #203, #453 ) ) ;
#764 = CARTESIAN_POINT ( 'NONE',  ( -11.65000034895430403, 68.85000000001392095, -7.739999999999993996 ) ) ;
#765 = ORIENTED_EDGE ( 'NONE', *, *, #587, .T. ) ;
#766 = DIRECTION ( 'NONE',  ( -2.652485623800170010E-16, -1.188166764367675849E-16, 1.000000000000000000 ) ) ;
#767 = DIRECTION ( 'NONE',  ( 0.000000000000000000, 0.000000000000000000, 1.000000000000000000 ) ) ;
#768 = LINE ( 'NONE', #186, #593 ) ;
#769 = FACE_OUTER_BOUND ( 'NONE', #885, .T. ) ;
#770 = ADVANCED_FACE ( 'NONE', ( #628, #1439 ), #1083, .T. ) ;
#771 = ORIENTED_EDGE ( 'NONE', *, *, #12, .T. ) ;
#772 = ORIENTED_EDGE ( 'NONE', *, *, #1035, .F. ) ;
#773 = VECTOR ( 'NONE', #1046, 1000.000000000000000 ) ;
#774 = CIRCLE ( 'NONE', #1306, 2.540000000000000480 ) ;
#775 = LINE ( 'NONE', #757, #720 ) ;
#776 = DIRECTION ( 'NONE',  ( -0.000000000000000000, -1.000000000000000000, 0.000000000000000000 ) ) ;
#777 = CARTESIAN_POINT ( 'NONE',  ( 17.03999999999998849, 31.35000000000000142, -5.835000000000000853 ) ) ;
#778 = LINE ( 'NONE', #760, #490 ) ;
#779 = VERTEX_POINT ( 'NONE', #639 ) ;
#780 = VERTEX_POINT ( 'NONE', #1092 ) ;
#781 = DIRECTION ( 'NONE',  ( -0.000000000000000000, -0.000000000000000000, 1.000000000000000000 ) ) ;
#782 = EDGE_CURVE ( 'NONE', #532, #558, #185, .T. ) ;
#783 = FACE_OUTER_BOUND ( 'NONE', #157, .T. ) ;
#784 = AXIS2_PLACEMENT_3D ( 'NONE', #1070, #375, #928 ) ;
#785 = ADVANCED_FACE ( 'NONE', ( #538 ), #1458, .F. ) ;
#786 = CARTESIAN_POINT ( 'NONE',  ( -9.500000000000008882, 11.13733971097610542, 0.9788821886375792536 ) ) ;
#787 = AXIS2_PLACEMENT_3D ( 'NONE', #73, #555, #84 ) ;
#788 = ORIENTED_EDGE ( 'NONE', *, *, #1028, .T. ) ;
#789 = ORIENTED_EDGE ( 'NONE', *, *, #521, .F. ) ;
#790 = LINE ( 'NONE', #906, #292 ) ;
#791 = EDGE_CURVE ( 'NONE', #1099, #245, #287, .T. ) ;
#792 = EDGE_CURVE ( 'NONE', #1329, #702, #605, .T. ) ;
#793 = CARTESIAN_POINT ( 'NONE',  ( 9.419999999999994600, 81.90000000000000568, 5.834999999999979536 ) ) ;
#794 = EDGE_LOOP ( 'NONE', ( #734, #1044, #1337, #14 ) ) ;
#795 = ORIENTED_EDGE ( 'NONE', *, *, #431, .T. ) ;
#796 = LINE ( 'NONE', #226, #1142 ) ;
#797 = CIRCLE ( 'NONE', #1056, 10.00000000000000000 ) ;
#798 = ADVANCED_FACE ( 'NONE', ( #565, #689 ), #438, .T. ) ;
#799 = CARTESIAN_POINT ( 'NONE',  ( -9.500000000000008882, 6.450000000000001954, -1.734723475976807094E-15 ) ) ;
#800 = ORIENTED_EDGE ( 'NONE', *, *, #722, .F. ) ;
#801 = ORIENTED_EDGE ( 'NONE', *, *, #1416, .F. ) ;
#802 = DIRECTION ( 'NONE',  ( -0.000000000000000000, -1.000000000000000000, -0.000000000000000000 ) ) ;
#803 = CARTESIAN_POINT ( 'NONE',  ( 17.03999999999999204, 62.50000000000000000, -7.739999999999996660 ) ) ;
#804 = VECTOR ( 'NONE', #673, 1000.000000000000000 ) ;
#805 = ORIENTED_EDGE ( 'NONE', *, *, #1482, .F. ) ;
#806 = VERTEX_POINT ( 'NONE', #104 ) ;
#807 = DIRECTION ( 'NONE',  ( 1.018030208906577066E-16, 0.000000000000000000, 1.000000000000000000 ) ) ;
#808 = DIRECTION ( 'NONE',  ( 0.000000000000000000, 1.000000000000000000, -0.000000000000000000 ) ) ;
#809 = DIRECTION ( 'NONE',  ( 0.000000000000000000, 0.000000000000000000, 1.000000000000000000 ) ) ;
#810 = ORIENTED_EDGE ( 'NONE', *, *, #442, .F. ) ;
#811 = DIRECTION ( 'NONE',  ( -1.668003342285391058E-16, 0.000000000000000000, -1.000000000000000000 ) ) ;
#812 = EDGE_LOOP ( 'NONE', ( #890, #1323, #1392, #1404 ) ) ;
#813 = CARTESIAN_POINT ( 'NONE',  ( -17.04000000000000981, 16.35000000000000497, -7.739999999999993108 ) ) ;
#814 = VECTOR ( 'NONE', #718, 1000.000000000000114 ) ;
#815 = VECTOR ( 'NONE', #894, 1000.000000000000000 ) ;
#816 = VERTEX_POINT ( 'NONE', #910 ) ;
#817 = FACE_OUTER_BOUND ( 'NONE', #234, .T. ) ;
#818 = AXIS2_PLACEMENT_3D ( 'NONE', #348, #696, #427 ) ;
#819 = ORIENTED_EDGE ( 'NONE', *, *, #365, .T. ) ;
#820 = CARTESIAN_POINT ( 'NONE',  ( -14.50000000000000711, 81.90000000000000568, 5.199999999999996625 ) ) ;
#821 = EDGE_CURVE ( 'NONE', #634, #892, #694, .T. ) ;
#822 = LINE ( 'NONE', #963, #44 ) ;
#823 = CARTESIAN_POINT ( 'NONE',  ( 14.49999999999999289, 6.349999999999999645, -39.48999999999998778 ) ) ;
#824 = CIRCLE ( 'NONE', #877, 2.540000000000000480 ) ;
#825 = DIRECTION ( 'NONE',  ( -1.000000000000000000, 0.000000000000000000, 0.000000000000000000 ) ) ;
#826 = ORIENTED_EDGE ( 'NONE', *, *, #1043, .F. ) ;
#827 = VECTOR ( 'NONE', #1352, 1000.000000000000000 ) ;
#828 = CARTESIAN_POINT ( 'NONE',  ( 14.49999999999999289, 0.000000000000000000, -39.48999999999998778 ) ) ;
#829 = VECTOR ( 'NONE', #936, 1000.000000000000000 ) ;
#830 = DIRECTION ( 'NONE',  ( -1.187759997245332081E-16, 0.000000000000000000, 1.000000000000000000 ) ) ;
#831 = EDGE_CURVE ( 'NONE', #258, #164, #1380, .T. ) ;
#832 = ADVANCED_FACE ( 'NONE', ( #783 ), #1040, .F. ) ;
#833 = DIRECTION ( 'NONE',  ( 1.000000000000000000, -0.000000000000000000, -0.000000000000000000 ) ) ;
#834 = PRODUCT_DEFINITION_CONTEXT ( 'detailed design', #202, 'design' ) ;
#835 = DIRECTION ( 'NONE',  ( -0.000000000000000000, -0.000000000000000000, -1.000000000000000000 ) ) ;
#836 = ORIENTED_EDGE ( 'NONE', *, *, #904, .T. ) ;
#837 =( NAMED_UNIT ( * ) PLANE_ANGLE_UNIT ( ) SI_UNIT ( $, .RADIAN. ) );
#838 = CARTESIAN_POINT ( 'NONE',  ( -17.04000000000000270, 6.349999999999999645, -4.047886070612094046E-15 ) ) ;
#839 = CARTESIAN_POINT ( 'NONE',  ( -17.04000000000000270, 6.349999999999999645, 17.74000000000000909 ) ) ;
#840 = CARTESIAN_POINT ( 'NONE',  ( -0.02200000000000812417, 6.349999999999999645, 33.68000399999998251 ) ) ;
#841 = AXIS2_PLACEMENT_3D ( 'NONE', #918, #1022, #352 ) ;
#842 = ORIENTED_EDGE ( 'NONE', *, *, #545, .T. ) ;
#843 = CARTESIAN_POINT ( 'NONE',  ( 44.62965204564928001, 6.450000000000001954, -1.734723475976807094E-15 ) ) ;
#844 = DIRECTION ( 'NONE',  ( 0.000000000000000000, 0.000000000000000000, -1.000000000000000000 ) ) ;
#845 = DIRECTION ( 'NONE',  ( -0.000000000000000000, -1.000000000000000000, 0.000000000000000000 ) ) ;
#846 = DIRECTION ( 'NONE',  ( 1.000000000000000000, 0.000000000000000000, -3.563105731173019116E-16 ) ) ;
#847 = EDGE_CURVE ( 'NONE', #1125, #619, #1012, .T. ) ;
#848 = EDGE_LOOP ( 'NONE', ( #795, #865, #1005, #87, #8 ) ) ;
#849 = ORIENTED_EDGE ( 'NONE', *, *, #379, .F. ) ;
#850 = CARTESIAN_POINT ( 'NONE',  ( -1.805985590600267132E-15, 6.349999999999999645, -17.73999999999999488 ) ) ;
#851 = CARTESIAN_POINT ( 'NONE',  ( 10.40000034882887725, 79.20000000002099227, -5.834999999999995524 ) ) ;
#852 = DIRECTION ( 'NONE',  ( 0.000000000000000000, -1.000000000000000000, 0.000000000000000000 ) ) ;
#853 = DIRECTION ( 'NONE',  ( -0.000000000000000000, -1.000000000000000000, -0.000000000000000000 ) ) ;
#854 = EDGE_CURVE ( 'NONE', #1285, #525, #1401, .T. ) ;
#855 = ADVANCED_FACE ( 'NONE', ( #917 ), #1366, .F. ) ;
#856 = EDGE_LOOP ( 'NONE', ( #222, #146, #997, #962 ) ) ;
#857 = CARTESIAN_POINT ( 'NONE',  ( -17.04000000000001336, 6.349999999999999645, -36.94999999999998863 ) ) ;
#858 = ORIENTED_EDGE ( 'NONE', *, *, #571, .F. ) ;
#859 = CARTESIAN_POINT ( 'NONE',  ( 17.03999999999998849, 16.35000000000000497, -17.73999999999999488 ) ) ;
#860 = CARTESIAN_POINT ( 'NONE',  ( -14.50000000000000888, 6.349999999999999645, 36.94999999999998863 ) ) ;
#861 = CARTESIAN_POINT ( 'NONE',  ( 4.039999999999989377, 81.90000000000000568, -5.834999999999996412 ) ) ;
#862 = AXIS2_PLACEMENT_3D ( 'NONE', #284, #293, #767 ) ;
#863 = DIRECTION ( 'NONE',  ( -0.000000000000000000, -1.000000000000000000, -0.000000000000000000 ) ) ;
#864 = EDGE_LOOP ( 'NONE', ( #788, #101, #1456, #1358 ) ) ;
#865 = ORIENTED_EDGE ( 'NONE', *, *, #167, .T. ) ;
#866 = DIRECTION ( 'NONE',  ( 1.000000000000000000, 0.000000000000000000, -0.000000000000000000 ) ) ;
#867 = CARTESIAN_POINT ( 'NONE',  ( -14.50000000000000711, 65.69999999999998863, 5.199999999999996625 ) ) ;
#868 = DIRECTION ( 'NONE',  ( 2.652485623800170010E-16, 1.980277940612793739E-16, -1.000000000000000000 ) ) ;
#869 = AXIS2_PLACEMENT_3D ( 'NONE', #1150, #117, #1387 ) ;
#870 = EDGE_CURVE ( 'NONE', #1258, #1369, #790, .T. ) ;
#871 = LINE ( 'NONE', #197, #179 ) ;
#872 = CARTESIAN_POINT ( 'NONE',  ( -14.50000000000000711, 65.69999999999998863, 5.199999999999996625 ) ) ;
#873 = EDGE_LOOP ( 'NONE', ( #69, #298, #471, #93 ) ) ;
#874 = ORIENTED_EDGE ( 'NONE', *, *, #1372, .T. ) ;
#875 = DIRECTION ( 'NONE',  ( -1.000000000000000000, 0.000000000000000000, 1.018030208906576943E-16 ) ) ;
#876 = VECTOR ( 'NONE', #1141, 1000.000000000000000 ) ;
#877 = AXIS2_PLACEMENT_3D ( 'NONE', #1064, #727, #604 ) ;
#878 = CARTESIAN_POINT ( 'NONE',  ( -0.02200000000000812417, 6.349999999999999645, -35.67999999999999261 ) ) ;
#879 = DIRECTION ( 'NONE',  ( 0.000000000000000000, 0.000000000000000000, -1.000000000000000000 ) ) ;
#880 = CARTESIAN_POINT ( 'NONE',  ( -17.04000000000001336, 16.35000000000000497, -17.73999999999999133 ) ) ;
#881 = EDGE_CURVE ( 'NONE', #153, #1266, #1371, .T. ) ;
#882 = DIRECTION ( 'NONE',  ( 1.000000000000000000, -0.000000000000000000, 0.000000000000000000 ) ) ;
#883 = ORIENTED_EDGE ( 'NONE', *, *, #597, .F. ) ;
#884 = DIRECTION ( 'NONE',  ( -1.000000000000000000, 0.000000000000000000, 0.000000000000000000 ) ) ;
#885 = EDGE_LOOP ( 'NONE', ( #1332, #322, #67, #728, #170 ) ) ;
#886 = CYLINDRICAL_SURFACE ( 'NONE', #1377, 1.599999999999997202 ) ;
#887 = LINE ( 'NONE', #1448, #1175 ) ;
#888 = DIRECTION ( 'NONE',  ( -0.000000000000000000, -1.000000000000000000, -0.000000000000000000 ) ) ;
#889 = CARTESIAN_POINT ( 'NONE',  ( -14.50000000000000711, 81.90000000000000568, 5.199999999999996625 ) ) ;
#890 = ORIENTED_EDGE ( 'NONE', *, *, #1299, .F. ) ;
#891 = AXIS2_PLACEMENT_3D ( 'NONE', #136, #27, #486 ) ;
#892 = VERTEX_POINT ( 'NONE', #1360 ) ;
#893 = FACE_OUTER_BOUND ( 'NONE', #1254, .T. ) ;
#894 = DIRECTION ( 'NONE',  ( -0.000000000000000000, -1.000000000000000000, -0.000000000000000000 ) ) ;
#895 = FACE_OUTER_BOUND ( 'NONE', #1446, .T. ) ;
#896 = ORIENTED_EDGE ( 'NONE', *, *, #280, .F. ) ;
#897 = EDGE_CURVE ( 'NONE', #1329, #42, #796, .T. ) ;
#898 = EDGE_LOOP ( 'NONE', ( #1059, #1235 ) ) ;
#899 = APPLICATION_PROTOCOL_DEFINITION ( 'draft international standard', 'automotive_design', 1998, #202 ) ;
#900 = CARTESIAN_POINT ( 'NONE',  ( -17.04000000000000981, 81.90000000000000568, -7.739999999999993108 ) ) ;
#901 = VECTOR ( 'NONE', #617, 1000.000000000000000 ) ;
#902 = DIRECTION ( 'NONE',  ( -2.652485623800170010E-16, -1.188166764367676095E-16, 1.000000000000000000 ) ) ;
#903 = AXIS2_PLACEMENT_3D ( 'NONE', #145, #380, #616 ) ;
#904 = EDGE_CURVE ( 'NONE', #951, #1484, #1244, .T. ) ;
#905 = ORIENTED_EDGE ( 'NONE', *, *, #831, .F. ) ;
#906 = CARTESIAN_POINT ( 'NONE',  ( 17.03999999999998849, 6.349999999999999645, -36.94999999999998863 ) ) ;
#907 = DIRECTION ( 'NONE',  ( -3.563105731173019116E-16, 0.000000000000000000, -1.000000000000000000 ) ) ;
#908 = LINE ( 'NONE', #1348, #1015 ) ;
#909 = ORIENTED_EDGE ( 'NONE', *, *, #482, .T. ) ;
#910 = CARTESIAN_POINT ( 'NONE',  ( -17.04000000000001336, 6.349999999999999645, -36.94999999999998863 ) ) ;
#911 =( GEOMETRIC_REPRESENTATION_CONTEXT ( 3 ) GLOBAL_UNCERTAINTY_ASSIGNED_CONTEXT ( ( #151 ) ) GLOBAL_UNIT_ASSIGNED_CONTEXT ( ( #1174, #837, #607 ) ) REPRESENTATION_CONTEXT ( 'NONE', 'WORKASPACE' ) );
#912 = AXIS2_PLACEMENT_3D ( 'NONE', #1367, #357, #1374 ) ;
#913 = LINE ( 'NONE', #803, #1107 ) ;
#914 = EDGE_CURVE ( 'NONE', #143, #251, #1027, .T. ) ;
#915 = CARTESIAN_POINT ( 'NONE',  ( 17.03999999999998849, 31.35000000000000142, -5.200000000000006395 ) ) ;
#916 = ORIENTED_EDGE ( 'NONE', *, *, #612, .T. ) ;
#917 = FACE_OUTER_BOUND ( 'NONE', #590, .T. ) ;
#918 = CARTESIAN_POINT ( 'NONE',  ( -11.65000034895430403, 68.85000000001392095, -7.739999999999993996 ) ) ;
#919 = AXIS2_PLACEMENT_3D ( 'NONE', #653, #1105, #1345 ) ;
#920 = EDGE_CURVE ( 'NONE', #634, #779, #465, .T. ) ;
#921 = VERTEX_POINT ( 'NONE', #1268 ) ;
#922 = ORIENTED_EDGE ( 'NONE', *, *, #1482, .T. ) ;
#923 = ORIENTED_EDGE ( 'NONE', *, *, #1164, .T. ) ;
#924 = MANIFOLD_SOLID_BREP ( 'Fillet3', #244 ) ;
#925 = DIRECTION ( 'NONE',  ( 0.000000000000000000, 1.000000000000000000, -0.000000000000000000 ) ) ;
#926 = CARTESIAN_POINT ( 'NONE',  ( 17.03999999999999204, 74.28000000000000114, -7.739999999999997549 ) ) ;
#927 = ORIENTED_EDGE ( 'NONE', *, *, #138, .T. ) ;
#928 = DIRECTION ( 'NONE',  ( 0.000000000000000000, -0.000000000000000000, -1.000000000000000000 ) ) ;
#929 = VERTEX_POINT ( 'NONE', #724 ) ;
#930 = ADVANCED_FACE ( 'NONE', ( #135 ), #327, .T. ) ;
#931 = ORIENTED_EDGE ( 'NONE', *, *, #456, .T. ) ;
#932 = AXIS2_PLACEMENT_3D ( 'NONE', #668, #868, #1473 ) ;
#933 = DIRECTION ( 'NONE',  ( -1.000000000000000000, -0.000000000000000000, -0.000000000000000000 ) ) ;
#934 = CIRCLE ( 'NONE', #118, 1.599999999999997202 ) ;
#935 = AXIS2_PLACEMENT_3D ( 'NONE', #96, #1261, #109 ) ;
#936 = DIRECTION ( 'NONE',  ( 1.000000000000000000, -0.000000000000000000, -3.563105731173019116E-16 ) ) ;
#937 = DIRECTION ( 'NONE',  ( -3.563105731173019116E-16, 0.000000000000000000, -1.000000000000000000 ) ) ;
#938 = AXIS2_PLACEMENT_3D ( 'NONE', #1190, #257, #502 ) ;
#939 = EDGE_CURVE ( 'NONE', #1272, #308, #1188, .T. ) ;
#940 = EDGE_LOOP ( 'NONE', ( #1340, #1193, #530, #627 ) ) ;
#941 = CARTESIAN_POINT ( 'NONE',  ( 4.039999999999989377, 31.35000000000000142, -3.448231310940220224E-15 ) ) ;
#942 = EDGE_CURVE ( 'NONE', #307, #241, #1159, .T. ) ;
#943 = CARTESIAN_POINT ( 'NONE',  ( 9.419999999999994600, 81.90000000000000568, -7.739999999999993108 ) ) ;
#944 = LINE ( 'NONE', #839, #334 ) ;
#945 = AXIS2_PLACEMENT_3D ( 'NONE', #182, #648, #1100 ) ;
#946 = ORIENTED_EDGE ( 'NONE', *, *, #632, .F. ) ;
#947 = DIRECTION ( 'NONE',  ( 0.000000000000000000, 0.000000000000000000, 1.000000000000000000 ) ) ;
#948 = CARTESIAN_POINT ( 'NONE',  ( 44.62965204564928001, 31.35000000000000142, 5.834999999999980425 ) ) ;
#949 = FACE_BOUND ( 'NONE', #463, .T. ) ;
#950 = ORIENTED_EDGE ( 'NONE', *, *, #370, .F. ) ;
#951 = VERTEX_POINT ( 'NONE', #592 ) ;
#952 = CARTESIAN_POINT ( 'NONE',  ( -9.500000000000008882, 65.69999999999998863, -5.200000000000006395 ) ) ;
#953 = EDGE_CURVE ( 'NONE', #1383, #710, #26, .T. ) ;
#954 = LINE ( 'NONE', #1423, #1136 ) ;
#955 = VECTOR ( 'NONE', #252, 1000.000000000000000 ) ;
#956 = EDGE_CURVE ( 'NONE', #49, #1330, #1420, .T. ) ;
#957 = CARTESIAN_POINT ( 'NONE',  ( -14.50000000000000888, 81.90000000000000568, -5.200000000000006395 ) ) ;
#958 = VECTOR ( 'NONE', #478, 1000.000000000000000 ) ;
#959 = ORIENTED_EDGE ( 'NONE', *, *, #1138, .F. ) ;
#960 = ORIENTED_EDGE ( 'NONE', *, *, #457, .T. ) ;
#961 = DIRECTION ( 'NONE',  ( 3.563105731173019116E-16, -0.000000000000000000, 1.000000000000000000 ) ) ;
#962 = ORIENTED_EDGE ( 'NONE', *, *, #722, .T. ) ;
#963 = CARTESIAN_POINT ( 'NONE',  ( -9.500000000000008882, 65.69999999999998863, -5.200000000000006395 ) ) ;
#964 = CARTESIAN_POINT ( 'NONE',  ( 9.419999999999994600, 74.28000000000000114, -7.739999999999996660 ) ) ;
#965 = EDGE_CURVE ( 'NONE', #1330, #671, #700, .T. ) ;
#966 = CARTESIAN_POINT ( 'NONE',  ( -9.500000000000008882, 11.34176490699680429, -8.673617379884035472E-16 ) ) ;
#967 = AXIS2_PLACEMENT_3D ( 'NONE', #1051, #382, #825 ) ;
#968 = ORIENTED_EDGE ( 'NONE', *, *, #365, .F. ) ;
#969 = DIRECTION ( 'NONE',  ( -0.000000000000000000, -1.000000000000000000, -0.000000000000000000 ) ) ;
#970 = ORIENTED_EDGE ( 'NONE', *, *, #686, .F. ) ;
#971 = DIRECTION ( 'NONE',  ( -1.000000000000000000, 0.000000000000000000, 0.000000000000000000 ) ) ;
#972 = FACE_OUTER_BOUND ( 'NONE', #1320, .T. ) ;
#973 = CARTESIAN_POINT ( 'NONE',  ( -14.50000000000000888, 6.349999999999999645, -36.94999999999998863 ) ) ;
#974 = DIRECTION ( 'NONE',  ( -0.000000000000000000, -1.000000000000000000, 0.000000000000000000 ) ) ;
#975 = ORIENTED_EDGE ( 'NONE', *, *, #1356, .F. ) ;
#976 = EDGE_LOOP ( 'NONE', ( #1065, #1180 ) ) ;
#977 = DIRECTION ( 'NONE',  ( -1.000000000000000000, 0.000000000000000000, 0.000000000000000000 ) ) ;
#978 = EDGE_CURVE ( 'NONE', #16, #143, #1169, .T. ) ;
#979 = EDGE_LOOP ( 'NONE', ( #173, #1364 ) ) ;
#980 = FACE_OUTER_BOUND ( 'NONE', #762, .T. ) ;
#981 = DIRECTION ( 'NONE',  ( 1.018030208906576943E-16, -0.000000000000000000, 1.000000000000000000 ) ) ;
#982 = DIRECTION ( 'NONE',  ( -0.000000000000000000, -1.000000000000000000, -0.000000000000000000 ) ) ;
#983 = AXIS2_PLACEMENT_3D ( 'NONE', #422, #1127, #455 ) ;
#984 = FACE_OUTER_BOUND ( 'NONE', #940, .T. ) ;
#985 = VECTOR ( 'NONE', #638, 1000.000000000000000 ) ;
#986 = VECTOR ( 'NONE', #1182, 1000.000000000000000 ) ;
#987 = VERTEX_POINT ( 'NONE', #243 ) ;
#988 = VERTEX_POINT ( 'NONE', #1405 ) ;
#989 = DIRECTION ( 'NONE',  ( -0.000000000000000000, -0.000000000000000000, -1.000000000000000000 ) ) ;
#990 = ORIENTED_EDGE ( 'NONE', *, *, #493, .T. ) ;
#991 = FACE_OUTER_BOUND ( 'NONE', #131, .T. ) ;
#992 = CARTESIAN_POINT ( 'NONE',  ( -0.02200000000000812417, 6.349999999999999645, 35.67999999999999261 ) ) ;
#993 = EDGE_CURVE ( 'NONE', #1435, #1099, #155, .T. ) ;
#994 = CARTESIAN_POINT ( 'NONE',  ( -9.500000000000008882, 65.69999999999998863, 5.199999999999996625 ) ) ;
#995 = DIRECTION ( 'NONE',  ( 0.000000000000000000, 0.000000000000000000, 1.000000000000000000 ) ) ;
#996 = ORIENTED_EDGE ( 'NONE', *, *, #100, .F. ) ;
#997 = ORIENTED_EDGE ( 'NONE', *, *, #546, .T. ) ;
#998 = AXIS2_PLACEMENT_3D ( 'NONE', #300, #961, #743 ) ;
#999 = LINE ( 'NONE', #1333, #1305 ) ;
#1000 = PLANE ( 'NONE',  #263 ) ;
#1001 = CARTESIAN_POINT ( 'NONE',  ( -17.04000000000001336, 6.349999999999999645, 36.94999999999998863 ) ) ;
#1002 = DIRECTION ( 'NONE',  ( -1.000000000000000000, 0.000000000000000000, 0.000000000000000000 ) ) ;
#1003 = ORIENTED_EDGE ( 'NONE', *, *, #831, .T. ) ;
#1004 = VERTEX_POINT ( 'NONE', #828 ) ;
#1005 = ORIENTED_EDGE ( 'NONE', *, *, #897, .T. ) ;
#1006 = DIRECTION ( 'NONE',  ( 1.668003342285391058E-16, 0.000000000000000000, 1.000000000000000000 ) ) ;
#1007 = DIRECTION ( 'NONE',  ( 0.000000000000000000, 0.000000000000000000, 1.000000000000000000 ) ) ;
#1008 = LINE ( 'NONE', #1361, #1089 ) ;
#1009 = EDGE_CURVE ( 'NONE', #258, #532, #1154, .T. ) ;
#1010 = EDGE_LOOP ( 'NONE', ( #996, #705, #505, #680 ) ) ;
#1011 = VECTOR ( 'NONE', #1068, 1000.000000000000000 ) ;
#1012 = CIRCLE ( 'NONE', #561, 1.999996000000003882 ) ;
#1013 = EDGE_LOOP ( 'NONE', ( #1269, #1427, #1147, #1442, #354, #772 ) ) ;
#1014 = DIRECTION ( 'NONE',  ( 0.000000000000000000, 0.000000000000000000, 1.000000000000000000 ) ) ;
#1015 = VECTOR ( 'NONE', #1117, 1000.000000000000000 ) ;
#1016 = PLANE ( 'NONE',  #1023 ) ;
#1017 = ADVANCED_FACE ( 'NONE', ( #1181 ), #147, .F. ) ;
#1018 = ORIENTED_EDGE ( 'NONE', *, *, #451, .F. ) ;
#1019 = ORIENTED_EDGE ( 'NONE', *, *, #248, .F. ) ;
#1020 = CARTESIAN_POINT ( 'NONE',  ( -0.02200000000000812417, 6.349999999999999645, -35.67999999999999261 ) ) ;
#1021 = CIRCLE ( 'NONE', #1363, 1.599999999999998979 ) ;
#1022 = DIRECTION ( 'NONE',  ( -0.000000000000000000, -0.000000000000000000, -1.000000000000000000 ) ) ;
#1023 = AXIS2_PLACEMENT_3D ( 'NONE', #1386, #336, #1263 ) ;
#1024 = VECTOR ( 'NONE', #726, 1000.000000000000000 ) ;
#1025 = EDGE_LOOP ( 'NONE', ( #160, #1471, #1394, #1275 ) ) ;
#1026 = CARTESIAN_POINT ( 'NONE',  ( 0.000000000000000000, 0.000000000000000000, 0.000000000000000000 ) ) ;
#1027 = LINE ( 'NONE', #3, #33 ) ;
#1028 = EDGE_CURVE ( 'NONE', #1484, #241, #1303, .T. ) ;
#1029 = ADVANCED_FACE ( 'NONE', ( #1302 ), #614, .F. ) ;
#1030 = DIRECTION ( 'NONE',  ( 0.000000000000000000, 0.000000000000000000, 1.000000000000000000 ) ) ;
#1031 = ORIENTED_EDGE ( 'NONE', *, *, #1164, .F. ) ;
#1032 = VERTEX_POINT ( 'NONE', #620 ) ;
#1033 = DIRECTION ( 'NONE',  ( 0.000000000000000000, 1.000000000000000000, -0.000000000000000000 ) ) ;
#1034 = AXIS2_PLACEMENT_3D ( 'NONE', #267, #499, #386 ) ;
#1035 = EDGE_CURVE ( 'NONE', #1, #756, #1276, .T. ) ;
#1036 = CARTESIAN_POINT ( 'NONE',  ( 10.40000034882887725, 79.20000000002099227, -5.834999999999995524 ) ) ;
#1037 = DIRECTION ( 'NONE',  ( 0.000000000000000000, 0.000000000000000000, -1.000000000000000000 ) ) ;
#1038 = ORIENTED_EDGE ( 'NONE', *, *, #54, .T. ) ;
#1039 = ORIENTED_EDGE ( 'NONE', *, *, #546, .F. ) ;
#1040 = CYLINDRICAL_SURFACE ( 'NONE', #165, 1.599999999999997202 ) ;
#1041 = DIRECTION ( 'NONE',  ( 1.000000000000000000, 0.000000000000000000, 0.000000000000000000 ) ) ;
#1042 = DIRECTION ( 'NONE',  ( 0.000000000000000000, 0.000000000000000000, -1.000000000000000000 ) ) ;
#1043 = EDGE_CURVE ( 'NONE', #816, #929, #355, .T. ) ;
#1044 = ORIENTED_EDGE ( 'NONE', *, *, #748, .F. ) ;
#1045 = ORIENTED_EDGE ( 'NONE', *, *, #1408, .F. ) ;
#1046 = DIRECTION ( 'NONE',  ( -0.000000000000000000, -0.000000000000000000, -1.000000000000000000 ) ) ;
#1047 = EDGE_LOOP ( 'NONE', ( #1437, #826, #1425, #665 ) ) ;
#1048 = DIRECTION ( 'NONE',  ( 0.000000000000000000, 1.040834085586084454E-15, 1.000000000000000000 ) ) ;
#1049 = DIRECTION ( 'NONE',  ( 0.000000000000000000, 0.000000000000000000, 1.000000000000000000 ) ) ;
#1050 = ADVANCED_FACE ( 'NONE', ( #1321 ), #289, .T. ) ;
#1051 = CARTESIAN_POINT ( 'NONE',  ( -11.65000034895430403, 68.85000000001392095, 5.199999999999995737 ) ) ;
#1052 = ADVANCED_FACE ( 'NONE', ( #1426 ), #506, .F. ) ;
#1053 = EDGE_LOOP ( 'NONE', ( #1019, #625 ) ) ;
#1054 = AXIS2_PLACEMENT_3D ( 'NONE', #51, #175, #1120 ) ;
#1055 = CARTESIAN_POINT ( 'NONE',  ( -0.02200000000000812417, 0.000000000000000000, -37.67999599999999560 ) ) ;
#1056 = AXIS2_PLACEMENT_3D ( 'NONE', #859, #660, #1112 ) ;
#1057 = DIRECTION ( 'NONE',  ( 0.000000000000000000, 1.000000000000000000, -0.000000000000000000 ) ) ;
#1058 = FACE_OUTER_BOUND ( 'NONE', #1025, .T. ) ;
#1059 = ORIENTED_EDGE ( 'NONE', *, *, #213, .F. ) ;
#1060 = LINE ( 'NONE', #371, #1353 ) ;
#1061 = CARTESIAN_POINT ( 'NONE',  ( -0.02200000000000812417, 0.000000000000000000, 33.68000399999998251 ) ) ;
#1062 = STYLED_ITEM ( 'NONE', ( #128 ), #924 ) ;
#1063 = VECTOR ( 'NONE', #1336, 1000.000000000000000 ) ;
#1064 = CARTESIAN_POINT ( 'NONE',  ( 14.49999999999999289, 0.000000000000000000, -36.94999999999998863 ) ) ;
#1065 = ORIENTED_EDGE ( 'NONE', *, *, #18, .F. ) ;
#1066 = EDGE_CURVE ( 'NONE', #1074, #189, #1331, .T. ) ;
#1067 = ADVANCED_FACE ( 'NONE', ( #524, #79, #1073 ), #513, .T. ) ;
#1068 = DIRECTION ( 'NONE',  ( 0.000000000000000000, 0.000000000000000000, -1.000000000000000000 ) ) ;
#1069 = DIRECTION ( 'NONE',  ( -2.652485623800170010E-16, -1.188166764367676095E-16, 1.000000000000000000 ) ) ;
#1070 = CARTESIAN_POINT ( 'NONE',  ( 44.62965204564928001, 31.35000000000000142, 5.199999999999996625 ) ) ;
#1071 = ORIENTED_EDGE ( 'NONE', *, *, #1096, .T. ) ;
#1072 = EDGE_LOOP ( 'NONE', ( #37, #111, #435, #103 ) ) ;
#1073 = FACE_BOUND ( 'NONE', #979, .T. ) ;
#1074 = VERTEX_POINT ( 'NONE', #533 ) ;
#1075 = DIRECTION ( 'NONE',  ( 1.000000000000000000, 0.000000000000000000, -5.421010862427532031E-16 ) ) ;
#1076 = EDGE_CURVE ( 'NONE', #710, #358, #1021, .T. ) ;
#1077 = DIRECTION ( 'NONE',  ( 1.018030208906577066E-16, 0.000000000000000000, 1.000000000000000000 ) ) ;
#1078 = LINE ( 'NONE', #633, #1063 ) ;
#1079 = VECTOR ( 'NONE', #1382, 1000.000000000000000 ) ;
#1080 = ORIENTED_EDGE ( 'NONE', *, *, #588, .F. ) ;
#1081 = CARTESIAN_POINT ( 'NONE',  ( -1.805985590600267132E-15, 16.35000000000000497, -17.73999999999999488 ) ) ;
#1082 = ORIENTED_EDGE ( 'NONE', *, *, #1467, .T. ) ;
#1083 = PLANE ( 'NONE',  #1054 ) ;
#1084 = CYLINDRICAL_SURFACE ( 'NONE', #787, 7.620000000000001883 ) ;
#1085 = CARTESIAN_POINT ( 'NONE',  ( 17.03999999999998849, 6.349999999999999645, -36.94999999999998863 ) ) ;
#1086 = ADVANCED_FACE ( 'NONE', ( #1445, #410 ), #192, .T. ) ;
#1087 = ORIENTED_EDGE ( 'NONE', *, *, #587, .F. ) ;
#1088 = DIRECTION ( 'NONE',  ( 1.018030208906576943E-16, 0.000000000000000000, 1.000000000000000000 ) ) ;
#1089 = VECTOR ( 'NONE', #53, 1000.000000000000000 ) ;
#1090 = EDGE_LOOP ( 'NONE', ( #13, #469, #511, #542 ) ) ;
#1091 = DIRECTION ( 'NONE',  ( -0.000000000000000000, -0.000000000000000000, -1.000000000000000000 ) ) ;
#1092 = CARTESIAN_POINT ( 'NONE',  ( -10.05000034895430616, 68.85000000001392095, -7.739999999999993996 ) ) ;
#1093 = CIRCLE ( 'NONE', #520, 1.999996000000003882 ) ;
#1094 = DIRECTION ( 'NONE',  ( 1.000000000000000000, 0.000000000000000000, 0.000000000000000000 ) ) ;
#1095 = DIRECTION ( 'NONE',  ( 0.000000000000000000, -0.9788821886375799197, -0.2044251960206992791 ) ) ;
#1096 = EDGE_CURVE ( 'NONE', #448, #1152, #50, .T. ) ;
#1097 = ORIENTED_EDGE ( 'NONE', *, *, #1316, .T. ) ;
#1098 = ADVANCED_FACE ( 'NONE', ( #1436, #400 ), #1194, .F. ) ;
#1099 = VERTEX_POINT ( 'NONE', #753 ) ;
#1100 = DIRECTION ( 'NONE',  ( -1.000000000000000000, 0.000000000000000000, -2.652485623800170010E-16 ) ) ;
#1101 = ORIENTED_EDGE ( 'NONE', *, *, #156, .T. ) ;
#1102 = LINE ( 'NONE', #1472, #985 ) ;
#1103 = CARTESIAN_POINT ( 'NONE',  ( 0.000000000000000000, 65.69999999999998863, 0.000000000000000000 ) ) ;
#1104 = DIRECTION ( 'NONE',  ( 1.000000000000000000, -0.000000000000000000, 2.652485623800170010E-16 ) ) ;
#1105 = DIRECTION ( 'NONE',  ( -0.000000000000000000, -1.000000000000000000, -0.000000000000000000 ) ) ;
#1106 = VECTOR ( 'NONE', #1400, 1000.000000000000000 ) ;
#1107 = VECTOR ( 'NONE', #1257, 1000.000000000000000 ) ;
#1108 = ORIENTED_EDGE ( 'NONE', *, *, #248, .T. ) ;
#1109 = EDGE_LOOP ( 'NONE', ( #598, #325, #201, #1247 ) ) ;
#1110 = DIRECTION ( 'NONE',  ( -1.000000000000000000, 0.000000000000000000, 0.000000000000000000 ) ) ;
#1111 = ORIENTED_EDGE ( 'NONE', *, *, #1287, .T. ) ;
#1112 = DIRECTION ( 'NONE',  ( 0.000000000000000000, 0.000000000000000000, 1.000000000000000000 ) ) ;
#1113 = DIRECTION ( 'NONE',  ( 0.000000000000000000, -0.000000000000000000, 1.000000000000000000 ) ) ;
#1114 = CARTESIAN_POINT ( 'NONE',  ( -9.500000000000008882, 65.69999999999998863, 5.199999999999996625 ) ) ;
#1115 = CYLINDRICAL_SURFACE ( 'NONE', #35, 1.599999999999997202 ) ;
#1116 = ORIENTED_EDGE ( 'NONE', *, *, #556, .F. ) ;
#1117 = DIRECTION ( 'NONE',  ( -0.000000000000000000, -0.000000000000000000, -1.000000000000000000 ) ) ;
#1118 = ORIENTED_EDGE ( 'NONE', *, *, #112, .F. ) ;
#1119 = LINE ( 'NONE', #90, #72 ) ;
#1120 = DIRECTION ( 'NONE',  ( -1.000000000000000000, 0.000000000000000000, -0.000000000000000000 ) ) ;
#1121 = EDGE_CURVE ( 'NONE', #350, #20, #162, .T. ) ;
#1122 = DIRECTION ( 'NONE',  ( 0.000000000000000000, 0.000000000000000000, 1.000000000000000000 ) ) ;
#1123 = DIRECTION ( 'NONE',  ( -0.000000000000000000, -0.000000000000000000, -1.000000000000000000 ) ) ;
#1124 = ORIENTED_EDGE ( 'NONE', *, *, #545, .F. ) ;
#1125 = VERTEX_POINT ( 'NONE', #309 ) ;
#1126 = FACE_OUTER_BOUND ( 'NONE', #1212, .T. ) ;
#1127 = DIRECTION ( 'NONE',  ( -0.000000000000000000, -0.000000000000000000, -1.000000000000000000 ) ) ;
#1128 = ADVANCED_FACE ( 'NONE', ( #419 ), #657, .F. ) ;
#1129 = FACE_OUTER_BOUND ( 'NONE', #812, .T. ) ;
#1130 = EDGE_CURVE ( 'NONE', #409, #245, #1339, .T. ) ;
#1131 = VECTOR ( 'NONE', #651, 1000.000000000000000 ) ;
#1132 = VERTEX_POINT ( 'NONE', #488 ) ;
#1133 = AXIS2_PLACEMENT_3D ( 'NONE', #450, #217, #1148 ) ;
#1134 = EDGE_LOOP ( 'NONE', ( #655, #1453 ) ) ;
#1135 = DIRECTION ( 'NONE',  ( 0.000000000000000000, 0.000000000000000000, 1.000000000000000000 ) ) ;
#1136 = VECTOR ( 'NONE', #159, 1000.000000000000000 ) ;
#1137 = DIRECTION ( 'NONE',  ( -1.000000000000000000, 0.000000000000000000, 0.000000000000000000 ) ) ;
#1138 = EDGE_CURVE ( 'NONE', #667, #1032, #1283, .T. ) ;
#1139 = ADVANCED_FACE ( 'NONE', ( #1058 ), #1411, .F. ) ;
#1140 = ORIENTED_EDGE ( 'NONE', *, *, #493, .F. ) ;
#1141 = DIRECTION ( 'NONE',  ( 1.000000000000000000, -0.000000000000000000, 0.000000000000000000 ) ) ;
#1142 = VECTOR ( 'NONE', #1153, 1000.000000000000227 ) ;
#1143 = VECTOR ( 'NONE', #59, 1000.000000000000000 ) ;
#1144 = CYLINDRICAL_SURFACE ( 'NONE', #1230, 1.599999999999997202 ) ;
#1145 = ORIENTED_EDGE ( 'NONE', *, *, #305, .T. ) ;
#1146 = EDGE_CURVE ( 'NONE', #127, #780, #709, .T. ) ;
#1147 = ORIENTED_EDGE ( 'NONE', *, *, #881, .T. ) ;
#1148 = DIRECTION ( 'NONE',  ( -1.000000000000000000, 0.000000000000000000, 0.000000000000000000 ) ) ;
#1149 = DIRECTION ( 'NONE',  ( 1.000000000000000000, -0.000000000000000000, 2.652485623800170010E-16 ) ) ;
#1150 = CARTESIAN_POINT ( 'NONE',  ( 14.49999999999999289, 6.349999999999999645, 36.94999999999998863 ) ) ;
#1151 = CIRCLE ( 'NONE', #1273, 9.999999999999998224 ) ;
#1152 = VERTEX_POINT ( 'NONE', #623 ) ;
#1153 = DIRECTION ( 'NONE',  ( 0.000000000000000000, 0.9788821886375798087, -0.2044251960206995566 ) ) ;
#1154 = CIRCLE ( 'NONE', #264, 2.540000000000000480 ) ;
#1155 = CARTESIAN_POINT ( 'NONE',  ( -13.25000034895430012, 68.85000000001392095, 5.199999999999995737 ) ) ;
#1156 = DIRECTION ( 'NONE',  ( -1.000000000000000000, 0.000000000000000000, 0.000000000000000000 ) ) ;
#1157 = ORIENTED_EDGE ( 'NONE', *, *, #55, .T. ) ;
#1158 = ORIENTED_EDGE ( 'NONE', *, *, #791, .T. ) ;
#1159 = LINE ( 'NONE', #38, #1355 ) ;
#1160 = ORIENTED_EDGE ( 'NONE', *, *, #107, .T. ) ;
#1161 = LINE ( 'NONE', #952, #240 ) ;
#1162 = VECTOR ( 'NONE', #1354, 1000.000000000000000 ) ;
#1163 = EDGE_CURVE ( 'NONE', #1152, #1258, #139, .T. ) ;
#1164 = EDGE_CURVE ( 'NONE', #1004, #1369, #824, .T. ) ;
#1165 = ORIENTED_EDGE ( 'NONE', *, *, #642, .F. ) ;
#1166 = LINE ( 'NONE', #133, #1184 ) ;
#1167 = AXIS2_PLACEMENT_3D ( 'NONE', #177, #1335, #1450 ) ;
#1168 = ORIENTED_EDGE ( 'NONE', *, *, #1483, .T. ) ;
#1169 = LINE ( 'NONE', #941, #955 ) ;
#1170 = LINE ( 'NONE', #34, #740 ) ;
#1171 = ADVANCED_FACE ( 'NONE', ( #817 ), #1300, .F. ) ;
#1172 = LINE ( 'NONE', #270, #296 ) ;
#1173 = ORIENTED_EDGE ( 'NONE', *, *, #1163, .F. ) ;
#1174 =( LENGTH_UNIT ( ) NAMED_UNIT ( * ) SI_UNIT ( .MILLI., .METRE. ) );
#1175 = VECTOR ( 'NONE', #166, 1000.000000000000000 ) ;
#1176 = CARTESIAN_POINT ( 'NONE',  ( 17.03999999999998849, 31.35000000000000142, 5.199999999999996625 ) ) ;
#1177 = AXIS2_PLACEMENT_3D ( 'NONE', #70, #526, #317 ) ;
#1178 = VECTOR ( 'NONE', #1480, 1000.000000000000000 ) ;
#1179 = CARTESIAN_POINT ( 'NONE',  ( 17.03999999999998849, 11.13733971097610365, -0.9788821886375820291 ) ) ;
#1180 = ORIENTED_EDGE ( 'NONE', *, *, #1197, .F. ) ;
#1181 = FACE_OUTER_BOUND ( 'NONE', #848, .T. ) ;
#1182 = DIRECTION ( 'NONE',  ( -0.000000000000000000, -0.000000000000000000, -1.000000000000000000 ) ) ;
#1183 = LINE ( 'NONE', #137, #829 ) ;
#1184 = VECTOR ( 'NONE', #152, 1000.000000000000000 ) ;
#1185 = DIRECTION ( 'NONE',  ( 0.000000000000000000, 0.000000000000000000, -1.000000000000000000 ) ) ;
#1186 = EDGE_CURVE ( 'NONE', #153, #1347, #1166, .T. ) ;
#1187 = ORIENTED_EDGE ( 'NONE', *, *, #188, .F. ) ;
#1188 = LINE ( 'NONE', #820, #119 ) ;
#1189 = CARTESIAN_POINT ( 'NONE',  ( 17.03999999999998849, 31.35000000000000142, 5.834999999999980425 ) ) ;
#1190 = CARTESIAN_POINT ( 'NONE',  ( -0.02200000000000812417, 6.349999999999999645, 35.67999999999999261 ) ) ;
#1191 = CARTESIAN_POINT ( 'NONE',  ( 17.03999999999999204, 16.35000000000000497, -7.739999999999996660 ) ) ;
#1192 = VERTEX_POINT ( 'NONE', #1418 ) ;
#1193 = ORIENTED_EDGE ( 'NONE', *, *, #854, .T. ) ;
#1194 = PLANE ( 'NONE',  #945 ) ;
#1195 = ORIENTED_EDGE ( 'NONE', *, *, #107, .F. ) ;
#1196 = CARTESIAN_POINT ( 'NONE',  ( -7.879553816936901145E-16, 62.50000000000000000, -7.739999999999994884 ) ) ;
#1197 = EDGE_CURVE ( 'NONE', #1032, #436, #126, .T. ) ;
#1198 = VECTOR ( 'NONE', #1421, 1000.000000000000000 ) ;
#1199 = CARTESIAN_POINT ( 'NONE',  ( -10.05000034895430616, 68.85000000001392095, -5.200000000000006395 ) ) ;
#1200 = LINE ( 'NONE', #1431, #1290 ) ;
#1201 = AXIS2_PLACEMENT_3D ( 'NONE', #461, #692, #341 ) ;
#1202 = ORIENTED_EDGE ( 'NONE', *, *, #138, .F. ) ;
#1203 = DIRECTION ( 'NONE',  ( -0.000000000000000000, -1.000000000000000000, -0.000000000000000000 ) ) ;
#1204 = EDGE_LOOP ( 'NONE', ( #1087, #927, #916, #1357, #1478, #1157 ) ) ;
#1205 = LINE ( 'NONE', #403, #1252 ) ;
#1206 = FACE_OUTER_BOUND ( 'NONE', #418, .T. ) ;
#1207 = EDGE_CURVE ( 'NONE', #362, #113, #716, .T. ) ;
#1208 = FACE_OUTER_BOUND ( 'NONE', #1010, .T. ) ;
#1209 = EDGE_CURVE ( 'NONE', #1266, #171, #41, .T. ) ;
#1210 = PLANE ( 'NONE',  #86 ) ;
#1211 = AXIS2_PLACEMENT_3D ( 'NONE', #764, #989, #1110 ) ;
#1212 = EDGE_LOOP ( 'NONE', ( #1108, #550, #909, #1310 ) ) ;
#1213 = ORIENTED_EDGE ( 'NONE', *, *, #1287, .F. ) ;
#1214 = DIRECTION ( 'NONE',  ( -0.000000000000000000, 1.000000000000000000, 1.980277940612793246E-16 ) ) ;
#1215 = AXIS2_PLACEMENT_3D ( 'NONE', #880, #1343, #631 ) ;
#1216 = ORIENTED_EDGE ( 'NONE', *, *, #1076, .F. ) ;
#1217 = CARTESIAN_POINT ( 'NONE',  ( 0.000000000000000000, 81.90000000000000568, 0.000000000000000000 ) ) ;
#1218 = CARTESIAN_POINT ( 'NONE',  ( 0.000000000000000000, 6.349999999999999645, 39.48999999999998778 ) ) ;
#1219 = PLANE ( 'NONE',  #447 ) ;
#1220 = CYLINDRICAL_SURFACE ( 'NONE', #919, 1.999996000000003882 ) ;
#1221 = VERTEX_POINT ( 'NONE', #732 ) ;
#1222 = ORIENTED_EDGE ( 'NONE', *, *, #870, .T. ) ;
#1223 = CARTESIAN_POINT ( 'NONE',  ( -14.50000000000000888, 81.90000000000000568, -5.200000000000006395 ) ) ;
#1224 = EDGE_LOOP ( 'NONE', ( #385, #1240 ) ) ;
#1225 = DIRECTION ( 'NONE',  ( 1.000000000000000000, 0.000000000000000000, 2.652485623800170010E-16 ) ) ;
#1226 = CYLINDRICAL_SURFACE ( 'NONE', #1376, 1.999996000000003882 ) ;
#1227 = CARTESIAN_POINT ( 'NONE',  ( 4.039999999999989377, 81.90000000000000568, 5.199999999999996625 ) ) ;
#1228 = DIRECTION ( 'NONE',  ( 0.000000000000000000, -1.000000000000000000, -1.188166764367675849E-16 ) ) ;
#1229 = VECTOR ( 'NONE', #1391, 1000.000000000000000 ) ;
#1230 = AXIS2_PLACEMENT_3D ( 'NONE', #699, #683, #1137 ) ;
#1231 = ORIENTED_EDGE ( 'NONE', *, *, #1288, .T. ) ;
#1232 = VERTEX_POINT ( 'NONE', #1191 ) ;
#1233 = EDGE_CURVE ( 'NONE', #646, #921, #1078, .T. ) ;
#1234 = ADVANCED_FACE ( 'NONE', ( #1328 ), #1319, .F. ) ;
#1235 = ORIENTED_EDGE ( 'NONE', *, *, #854, .F. ) ;
#1236 = DIRECTION ( 'NONE',  ( 0.000000000000000000, 1.000000000000000000, 0.000000000000000000 ) ) ;
#1237 = DIRECTION ( 'NONE',  ( 0.000000000000000000, 1.000000000000000000, 0.000000000000000000 ) ) ;
#1238 = CARTESIAN_POINT ( 'NONE',  ( 8.800000348828877605, 79.20000000002099227, -7.739999999999995772 ) ) ;
#1239 = CARTESIAN_POINT ( 'NONE',  ( -9.500000000000008882, 31.35000000000000142, 5.199999999999996625 ) ) ;
#1240 = ORIENTED_EDGE ( 'NONE', *, *, #482, .F. ) ;
#1241 = EDGE_CURVE ( 'NONE', #988, #245, #750, .T. ) ;
#1242 = ORIENTED_EDGE ( 'NONE', *, *, #870, .F. ) ;
#1243 = LINE ( 'NONE', #211, #221 ) ;
#1244 = LINE ( 'NONE', #577, #876 ) ;
#1245 = DIRECTION ( 'NONE',  ( 0.000000000000000000, 0.000000000000000000, -1.000000000000000000 ) ) ;
#1246 = AXIS2_PLACEMENT_3D ( 'NONE', #603, #480, #261 ) ;
#1247 = ORIENTED_EDGE ( 'NONE', *, *, #1416, .T. ) ;
#1248 = ORIENTED_EDGE ( 'NONE', *, *, #1274, .F. ) ;
#1249 = CARTESIAN_POINT ( 'NONE',  ( -11.65000034895430403, 68.85000000001392095, -7.739999999999993996 ) ) ;
#1250 = CARTESIAN_POINT ( 'NONE',  ( 0.000000000000000000, 0.000000000000000000, 0.000000000000000000 ) ) ;
#1251 = EDGE_LOOP ( 'NONE', ( #805, #723, #950, #58 ) ) ;
#1252 = VECTOR ( 'NONE', #194, 1000.000000000000000 ) ;
#1253 = AXIS2_PLACEMENT_3D ( 'NONE', #1256, #122, #445 ) ;
#1254 = EDGE_LOOP ( 'NONE', ( #975, #1045, #1082, #25 ) ) ;
#1255 = DIRECTION ( 'NONE',  ( 1.000000000000000000, 0.000000000000000000, 0.000000000000000000 ) ) ;
#1256 = CARTESIAN_POINT ( 'NONE',  ( 9.419999999999996376, 74.28000000000000114, 7.739999999999996660 ) ) ;
#1257 = DIRECTION ( 'NONE',  ( -0.000000000000000000, -1.000000000000000000, -0.000000000000000000 ) ) ;
#1258 = VERTEX_POINT ( 'NONE', #1085 ) ;
#1259 = ADVANCED_FACE ( 'NONE', ( #169 ), #85, .T. ) ;
#1260 = ORIENTED_EDGE ( 'NONE', *, *, #791, .F. ) ;
#1261 = DIRECTION ( 'NONE',  ( -1.000000000000000000, 0.000000000000000000, 0.000000000000000000 ) ) ;
#1262 = AXIS2_PLACEMENT_3D ( 'NONE', #721, #846, #937 ) ;
#1263 = DIRECTION ( 'NONE',  ( -1.000000000000000000, 0.000000000000000000, -0.000000000000000000 ) ) ;
#1264 = LINE ( 'NONE', #125, #1079 ) ;
#1265 = EDGE_LOOP ( 'NONE', ( #687, #391 ) ) ;
#1266 = VERTEX_POINT ( 'NONE', #519 ) ;
#1267 =( NAMED_UNIT ( * ) PLANE_ANGLE_UNIT ( ) SI_UNIT ( $, .RADIAN. ) );
#1268 = CARTESIAN_POINT ( 'NONE',  ( 4.039999999999989377, 81.90000000000000568, -5.834999999999996412 ) ) ;
#1269 = ORIENTED_EDGE ( 'NONE', *, *, #588, .T. ) ;
#1270 = LINE ( 'NONE', #799, #1433 ) ;
#1271 = LINE ( 'NONE', #239, #485 ) ;
#1272 = VERTEX_POINT ( 'NONE', #889 ) ;
#1273 = AXIS2_PLACEMENT_3D ( 'NONE', #1406, #366, #1048 ) ;
#1274 = EDGE_CURVE ( 'NONE', #1221, #751, #514, .T. ) ;
#1275 = ORIENTED_EDGE ( 'NONE', *, *, #141, .T. ) ;
#1276 = LINE ( 'NONE', #15, #1229 ) ;
#1277 = AXIS2_PLACEMENT_3D ( 'NONE', #1479, #1033, #335 ) ;
#1278 = EDGE_CURVE ( 'NONE', #987, #16, #1200, .T. ) ;
#1279 = ORIENTED_EDGE ( 'NONE', *, *, #294, .F. ) ;
#1280 = CARTESIAN_POINT ( 'NONE',  ( 10.40000034882887725, 79.20000000002099227, 7.739999999999997549 ) ) ;
#1281 = CIRCLE ( 'NONE', #102, 7.620000000000001883 ) ;
#1282 = FACE_OUTER_BOUND ( 'NONE', #873, .T. ) ;
#1283 = LINE ( 'NONE', #271, #303 ) ;
#1284 = ORIENTED_EDGE ( 'NONE', *, *, #556, .T. ) ;
#1285 = VERTEX_POINT ( 'NONE', #200 ) ;
#1286 = DIRECTION ( 'NONE',  ( 1.000000000000000000, 0.000000000000000000, 0.000000000000000000 ) ) ;
#1287 = EDGE_CURVE ( 'NONE', #1435, #664, #321, .T. ) ;
#1288 = EDGE_CURVE ( 'NONE', #929, #1192, #106, .T. ) ;
#1289 = DIRECTION ( 'NONE',  ( -0.000000000000000000, -1.000000000000000000, -0.000000000000000000 ) ) ;
#1290 = VECTOR ( 'NONE', #1228, 1000.000000000000000 ) ;
#1291 = CARTESIAN_POINT ( 'NONE',  ( 0.000000000000000000, 6.349999999999999645, 0.000000000000000000 ) ) ;
#1292 = UNCERTAINTY_MEASURE_WITH_UNIT (LENGTH_MEASURE( 1.000000000000000082E-05 ), #1365, 'distance_accuracy_value', 'NONE');
#1293 = VECTOR ( 'NONE', #982, 1000.000000000000000 ) ;
#1294 = VECTOR ( 'NONE', #852, 1000.000000000000000 ) ;
#1295 = EDGE_LOOP ( 'NONE', ( #672, #497, #649, #1080, #858, #242 ) ) ;
#1296 = DIRECTION ( 'NONE',  ( 0.000000000000000000, 1.000000000000000000, -0.000000000000000000 ) ) ;
#1297 = DIRECTION ( 'NONE',  ( 1.000000000000000000, 0.000000000000000000, -5.421010862427532031E-16 ) ) ;
#1298 = CARTESIAN_POINT ( 'NONE',  ( -0.02200000000000788131, 0.000000000000000000, 37.67999599999999560 ) ) ;
#1299 = EDGE_CURVE ( 'NONE', #1192, #1004, #1441, .T. ) ;
#1300 = CYLINDRICAL_SURFACE ( 'NONE', #1262, 10.00000000000000000 ) ;
#1301 = ORIENTED_EDGE ( 'NONE', *, *, #347, .F. ) ;
#1302 = FACE_OUTER_BOUND ( 'NONE', #1295, .T. ) ;
#1303 = CIRCLE ( 'NONE', #504, 2.540000000000000480 ) ;
#1304 = CARTESIAN_POINT ( 'NONE',  ( 4.039999999999989377, 0.000000000000000000, -3.448231310940220224E-15 ) ) ;
#1305 = VECTOR ( 'NONE', #291, 1000.000000000000000 ) ;
#1306 = AXIS2_PLACEMENT_3D ( 'NONE', #675, #97, #1030 ) ;
#1307 = CARTESIAN_POINT ( 'NONE',  ( 44.62965204564928001, 31.35000000000000142, 5.199999999999996625 ) ) ;
#1308 = EDGE_CURVE ( 'NONE', #1379, #384, #416, .T. ) ;
#1309 = VERTEX_POINT ( 'NONE', #406 ) ;
#1310 = ORIENTED_EDGE ( 'NONE', *, *, #12, .F. ) ;
#1311 = DIRECTION ( 'NONE',  ( 1.000000000000000000, 0.000000000000000000, -1.668003342285391058E-16 ) ) ;
#1312 = CARTESIAN_POINT ( 'NONE',  ( 17.03999999999998849, 6.349999999999999645, 17.73999999999999844 ) ) ;
#1313 = DIRECTION ( 'NONE',  ( 1.018030208906576943E-16, -0.000000000000000000, 1.000000000000000000 ) ) ;
#1314 = ORIENTED_EDGE ( 'NONE', *, *, #1130, .F. ) ;
#1315 = DIRECTION ( 'NONE',  ( 1.000000000000000000, -0.000000000000000000, -1.018030208906576943E-16 ) ) ;
#1316 = EDGE_CURVE ( 'NONE', #988, #1132, #778, .T. ) ;
#1317 = CYLINDRICAL_SURFACE ( 'NONE', #140, 2.540000000000000480 ) ;
#1318 = DIRECTION ( 'NONE',  ( 1.000000000000000000, 0.000000000000000000, 2.276539994720218856E-16 ) ) ;
#1319 = CYLINDRICAL_SURFACE ( 'NONE', #755, 1.599999999999997202 ) ;
#1320 = EDGE_LOOP ( 'NONE', ( #582, #1168, #1370, #733, #1187 ) ) ;
#1321 = FACE_OUTER_BOUND ( 'NONE', #1047, .T. ) ;
#1322 = EDGE_CURVE ( 'NONE', #1221, #251, #297, .T. ) ;
#1323 = ORIENTED_EDGE ( 'NONE', *, *, #475, .F. ) ;
#1324 = CYLINDRICAL_SURFACE ( 'NONE', #1451, 1.999996000000003882 ) ;
#1325 = FACE_OUTER_BOUND ( 'NONE', #1090, .T. ) ;
#1326 = ADVANCED_FACE ( 'NONE', ( #769 ), #1210, .F. ) ;
#1327 = DIRECTION ( 'NONE',  ( 0.000000000000000000, 0.000000000000000000, 1.000000000000000000 ) ) ;
#1328 = FACE_OUTER_BOUND ( 'NONE', #356, .T. ) ;
#1329 = VERTEX_POINT ( 'NONE', #663 ) ;
#1330 = VERTEX_POINT ( 'NONE', #529 ) ;
#1331 = LINE ( 'NONE', #68, #547 ) ;
#1332 = ORIENTED_EDGE ( 'NONE', *, *, #597, .T. ) ;
#1333 = CARTESIAN_POINT ( 'NONE',  ( 44.62965204564928001, 31.35000000000000142, -5.200000000000006395 ) ) ;
#1334 = DIRECTION ( 'NONE',  ( 1.000000000000000000, 0.000000000000000000, -1.018030208906576943E-16 ) ) ;
#1335 = DIRECTION ( 'NONE',  ( -0.000000000000000000, -1.000000000000000000, 0.000000000000000000 ) ) ;
#1336 = DIRECTION ( 'NONE',  ( -0.000000000000000000, 1.000000000000000000, 1.980277940612793246E-16 ) ) ;
#1337 = ORIENTED_EDGE ( 'NONE', *, *, #1207, .T. ) ;
#1338 = ORIENTED_EDGE ( 'NONE', *, *, #370, .T. ) ;
#1339 = LINE ( 'NONE', #626, #1143 ) ;
#1340 = ORIENTED_EDGE ( 'NONE', *, *, #563, .F. ) ;
#1341 = CARTESIAN_POINT ( 'NONE',  ( 4.039999999999989377, 81.90000000000000568, 5.834999999999992859 ) ) ;
#1342 = CARTESIAN_POINT ( 'NONE',  ( 10.40000034882887725, 79.20000000002099227, -7.739999999999995772 ) ) ;
#1343 = DIRECTION ( 'NONE',  ( 1.000000000000000000, -0.000000000000000000, -1.187759997245332081E-16 ) ) ;
#1344 = ADVANCED_FACE ( 'NONE', ( #984 ), #1220, .F. ) ;
#1345 = DIRECTION ( 'NONE',  ( 0.000000000000000000, 0.000000000000000000, -1.000000000000000000 ) ) ;
#1346 = ADVANCED_FACE ( 'NONE', ( #208 ), #1115, .F. ) ;
#1347 = VERTEX_POINT ( 'NONE', #1461 ) ;
#1348 = CARTESIAN_POINT ( 'NONE',  ( -13.25000034895430012, 68.85000000001392095, -7.739999999999993996 ) ) ;
#1349 = VERTEX_POINT ( 'NONE', #1468 ) ;
#1350 = DIRECTION ( 'NONE',  ( -0.000000000000000000, -0.000000000000000000, -1.000000000000000000 ) ) ;
#1351 = DIRECTION ( 'NONE',  ( 1.187759997245332081E-16, 0.000000000000000000, 1.000000000000000000 ) ) ;
#1352 = DIRECTION ( 'NONE',  ( -1.000000000000000000, 0.000000000000000000, 0.000000000000000000 ) ) ;
#1353 = VECTOR ( 'NONE', #608, 1000.000000000000000 ) ;
#1354 = DIRECTION ( 'NONE',  ( 1.000000000000000000, 0.000000000000000000, 0.000000000000000000 ) ) ;
#1355 = VECTOR ( 'NONE', #470, 1000.000000000000000 ) ;
#1356 = EDGE_CURVE ( 'NONE', #153, #646, #432, .T. ) ;
#1357 = ORIENTED_EDGE ( 'NONE', *, *, #1009, .T. ) ;
#1358 = ORIENTED_EDGE ( 'NONE', *, *, #569, .T. ) ;
#1359 = DIRECTION ( 'NONE',  ( -0.000000000000000000, -1.000000000000000000, -0.000000000000000000 ) ) ;
#1360 = CARTESIAN_POINT ( 'NONE',  ( -17.04000000000000981, 81.90000000000000568, -7.739999999999993108 ) ) ;
#1361 = CARTESIAN_POINT ( 'NONE',  ( -14.50000000000000711, 81.90000000000000568, 5.199999999999996625 ) ) ;
#1362 = ORIENTED_EDGE ( 'NONE', *, *, #47, .T. ) ;
#1363 = AXIS2_PLACEMENT_3D ( 'NONE', #735, #172, #977 ) ;
#1364 = ORIENTED_EDGE ( 'NONE', *, *, #596, .T. ) ;
#1365 =( LENGTH_UNIT ( ) NAMED_UNIT ( * ) SI_UNIT ( .MILLI., .METRE. ) );
#1366 = CYLINDRICAL_SURFACE ( 'NONE', #1133, 1.599999999999997202 ) ;
#1367 = CARTESIAN_POINT ( 'NONE',  ( -0.02200000000000812417, 0.000000000000000000, -35.67999999999999261 ) ) ;
#1368 = AXIS2_PLACEMENT_3D ( 'NONE', #759, #1327, #749 ) ;
#1369 = VERTEX_POINT ( 'NONE', #205 ) ;
#1370 = ORIENTED_EDGE ( 'NONE', *, *, #381, .F. ) ;
#1371 = LINE ( 'NONE', #682, #754 ) ;
#1372 = EDGE_CURVE ( 'NONE', #512, #671, #301, .T. ) ;
#1373 = EDGE_CURVE ( 'NONE', #171, #1272, #1119, .T. ) ;
#1374 = DIRECTION ( 'NONE',  ( 0.000000000000000000, 0.000000000000000000, 1.000000000000000000 ) ) ;
#1375 = CARTESIAN_POINT ( 'NONE',  ( -11.65000034895430403, 68.85000000001392095, 5.199999999999995737 ) ) ;
#1376 = AXIS2_PLACEMENT_3D ( 'NONE', #992, #554, #879 ) ;
#1377 = AXIS2_PLACEMENT_3D ( 'NONE', #174, #1091, #326 ) ;
#1378 = CIRCLE ( 'NONE', #268, 1.599999999999997202 ) ;
#1379 = VERTEX_POINT ( 'NONE', #867 ) ;
#1380 = LINE ( 'NONE', #114, #815 ) ;
#1381 = CARTESIAN_POINT ( 'NONE',  ( 12.00000034882887334, 79.20000000002099227, 7.739999999999996660 ) ) ;
#1382 = DIRECTION ( 'NONE',  ( 2.241244801003628417E-16, 0.000000000000000000, 1.000000000000000000 ) ) ;
#1383 = VERTEX_POINT ( 'NONE', #1447 ) ;
#1384 = DIRECTION ( 'NONE',  ( -0.000000000000000000, -0.000000000000000000, -1.000000000000000000 ) ) ;
#1385 = VECTOR ( 'NONE', #1214, 1000.000000000000000 ) ;
#1386 = CARTESIAN_POINT ( 'NONE',  ( 0.000000000000000000, 6.349999999999999645, -39.48999999999998778 ) ) ;
#1387 = DIRECTION ( 'NONE',  ( 0.000000000000000000, 0.000000000000000000, 1.000000000000000000 ) ) ;
#1388 = EDGE_CURVE ( 'NONE', #1349, #780, #340, .T. ) ;
#1389 = EDGE_CURVE ( 'NONE', #1099, #806, #1102, .T. ) ;
#1390 = ORIENTED_EDGE ( 'NONE', *, *, #1146, .F. ) ;
#1391 = DIRECTION ( 'NONE',  ( -1.000000000000000000, -0.000000000000000000, -0.000000000000000000 ) ) ;
#1392 = ORIENTED_EDGE ( 'NONE', *, *, #112, .T. ) ;
#1393 = DIRECTION ( 'NONE',  ( -1.000000000000000000, 0.000000000000000000, 0.000000000000000000 ) ) ;
#1394 = ORIENTED_EDGE ( 'NONE', *, *, #642, .T. ) ;
#1395 = ORIENTED_EDGE ( 'NONE', *, *, #457, .F. ) ;
#1396 = ADVANCED_FACE ( 'NONE', ( #980 ), #1324, .F. ) ;
#1397 = ADVANCED_FACE ( 'NONE', ( #893 ), #421, .F. ) ;
#1398 = VECTOR ( 'NONE', #830, 1000.000000000000000 ) ;
#1399 = ORIENTED_EDGE ( 'NONE', *, *, #256, .F. ) ;
#1400 = DIRECTION ( 'NONE',  ( 1.018030208906577066E-16, 0.000000000000000000, 1.000000000000000000 ) ) ;
#1401 = CIRCLE ( 'NONE', #741, 1.999996000000003882 ) ;
#1402 = LINE ( 'NONE', #394, #958 ) ;
#1403 = PLANE ( 'NONE',  #183 ) ;
#1404 = ORIENTED_EDGE ( 'NONE', *, *, #495, .T. ) ;
#1405 = CARTESIAN_POINT ( 'NONE',  ( -17.04000000000000625, 81.90000000000000568, 7.739999999999995772 ) ) ;
#1406 = CARTESIAN_POINT ( 'NONE',  ( -17.04000000000000625, 16.35000000000000142, 17.74000000000000909 ) ) ;
#1407 = AXIS2_PLACEMENT_3D ( 'NONE', #966, #1452, #644 ) ;
#1408 = EDGE_CURVE ( 'NONE', #42, #153, #999, .T. ) ;
#1409 = CARTESIAN_POINT ( 'NONE',  ( 9.419999999999998153, 81.90000000000000568, 7.739999999999995772 ) ) ;
#1410 = CIRCLE ( 'NONE', #641, 2.540000000000000480 ) ;
#1411 = PLANE ( 'NONE',  #784 ) ;
#1412 = ORIENTED_EDGE ( 'NONE', *, *, #1207, .F. ) ;
#1413 = CARTESIAN_POINT ( 'NONE',  ( -14.50000000000000888, 81.90000000000000568, -5.200000000000006395 ) ) ;
#1414 = CARTESIAN_POINT ( 'NONE',  ( -14.50000000000000888, 6.349999999999999645, -39.48999999999998778 ) ) ;
#1415 = ADVANCED_FACE ( 'NONE', ( #1126 ), #886, .F. ) ;
#1416 = EDGE_CURVE ( 'NONE', #921, #1266, #775, .T. ) ;
#1417 = CARTESIAN_POINT ( 'NONE',  ( 9.419999999999994600, 74.28000000000000114, 5.834999999999979536 ) ) ;
#1418 = CARTESIAN_POINT ( 'NONE',  ( -14.50000000000000888, 0.000000000000000000, -39.48999999999998778 ) ) ;
#1419 = ORIENTED_EDGE ( 'NONE', *, *, #1467, .F. ) ;
#1420 = LINE ( 'NONE', #703, #579 ) ;
#1421 = DIRECTION ( 'NONE',  ( -1.000000000000000000, -0.000000000000000000, -0.000000000000000000 ) ) ;
#1422 = VECTOR ( 'NONE', #4, 1000.000000000000000 ) ;
#1423 = CARTESIAN_POINT ( 'NONE',  ( -13.25000034895430012, 68.85000000001392095, -7.739999999999993996 ) ) ;
#1424 = ORIENTED_EDGE ( 'NONE', *, *, #54, .F. ) ;
#1425 = ORIENTED_EDGE ( 'NONE', *, *, #294, .T. ) ;
#1426 = FACE_OUTER_BOUND ( 'NONE', #763, .T. ) ;
#1427 = ORIENTED_EDGE ( 'NONE', *, *, #1186, .F. ) ;
#1428 = LINE ( 'NONE', #158, #986 ) ;
#1429 = VECTOR ( 'NONE', #1185, 1000.000000000000000 ) ;
#1430 = LINE ( 'NONE', #714, #1294 ) ;
#1431 = CARTESIAN_POINT ( 'NONE',  ( 4.039999999999989377, 81.90000000000000568, 5.834999999999992859 ) ) ;
#1432 = ADVANCED_FACE ( 'NONE', ( #991 ), #1457, .T. ) ;
#1433 = VECTOR ( 'NONE', #346, 1000.000000000000114 ) ;
#1434 = ORIENTED_EDGE ( 'NONE', *, *, #956, .F. ) ;
#1435 = VERTEX_POINT ( 'NONE', #184 ) ;
#1436 = FACE_BOUND ( 'NONE', #30, .T. ) ;
#1437 = ORIENTED_EDGE ( 'NONE', *, *, #1288, .F. ) ;
#1438 = PLANE ( 'NONE',  #74 ) ;
#1439 = FACE_OUTER_BOUND ( 'NONE', #572, .T. ) ;
#1440 = DIRECTION ( 'NONE',  ( 0.000000000000000000, 0.000000000000000000, -1.000000000000000000 ) ) ;
#1441 = LINE ( 'NONE', #549, #176 ) ;
#1442 = ORIENTED_EDGE ( 'NONE', *, *, #1209, .T. ) ;
#1443 = EDGE_CURVE ( 'NONE', #525, #619, #1243, .T. ) ;
#1444 = ORIENTED_EDGE ( 'NONE', *, *, #993, .T. ) ;
#1445 = FACE_BOUND ( 'NONE', #1053, .T. ) ;
#1446 = EDGE_LOOP ( 'NONE', ( #836, #717, #575, #585 ) ) ;
#1447 = CARTESIAN_POINT ( 'NONE',  ( 12.00000034882887334, 79.20000000002099227, -5.834999999999995524 ) ) ;
#1448 = CARTESIAN_POINT ( 'NONE',  ( -17.04000000000000981, 6.349999999999999645, 2.023943035306047023E-15 ) ) ;
#1449 = AXIS2_PLACEMENT_3D ( 'NONE', #1342, #516, #429 ) ;
#1450 = DIRECTION ( 'NONE',  ( 0.000000000000000000, 0.000000000000000000, 1.000000000000000000 ) ) ;
#1451 = AXIS2_PLACEMENT_3D ( 'NONE', #878, #1359, #437 ) ;
#1452 = DIRECTION ( 'NONE',  ( 1.000000000000000000, -0.000000000000000000, -0.000000000000000000 ) ) ;
#1453 = ORIENTED_EDGE ( 'NONE', *, *, #411, .T. ) ;
#1454 = ORIENTED_EDGE ( 'NONE', *, *, #596, .F. ) ;
#1455 = CARTESIAN_POINT ( 'NONE',  ( -14.50000000000000888, 6.349999999999999645, -36.94999999999998863 ) ) ;
#1456 = ORIENTED_EDGE ( 'NONE', *, *, #55, .F. ) ;
#1457 = PLANE ( 'NONE',  #265 ) ;
#1458 = CYLINDRICAL_SURFACE ( 'NONE', #983, 1.599999999999997202 ) ;
#1459 = ADVANCED_FACE ( 'NONE', ( #745, #95 ), #1438, .F. ) ;
#1460 = CARTESIAN_POINT ( 'NONE',  ( -13.25000034895430012, 68.85000000001392095, -5.200000000000006395 ) ) ;
#1461 = CARTESIAN_POINT ( 'NONE',  ( -9.500000000000008882, 31.35000000000000142, -5.200000000000006395 ) ) ;
#1462 = EDGE_LOOP ( 'NONE', ( #66, #557, #594, #1195, #1111 ) ) ;
#1463 = ORIENTED_EDGE ( 'NONE', *, *, #213, .T. ) ;
#1464 = DIRECTION ( 'NONE',  ( -1.000000000000000000, 0.000000000000000000, 1.018030208906576943E-16 ) ) ;
#1465 = DIRECTION ( 'NONE',  ( -0.000000000000000000, -1.000000000000000000, -0.000000000000000000 ) ) ;
#1466 = CYLINDRICAL_SURFACE ( 'NONE', #518, 2.540000000000000480 ) ;
#1467 = EDGE_CURVE ( 'NONE', #42, #350, #1205, .T. ) ;
#1468 = CARTESIAN_POINT ( 'NONE',  ( -13.25000034895430012, 68.85000000001392095, -7.739999999999993996 ) ) ;
#1469 = ORIENTED_EDGE ( 'NONE', *, *, #115, .F. ) ;
#1470 = ORIENTED_EDGE ( 'NONE', *, *, #47, .F. ) ;
#1471 = ORIENTED_EDGE ( 'NONE', *, *, #643, .F. ) ;
#1472 = CARTESIAN_POINT ( 'NONE',  ( 17.03999999999999204, 62.50000000000000000, 7.739999999999995772 ) ) ;
#1473 = DIRECTION ( 'NONE',  ( -1.000000000000000000, 0.000000000000000000, -2.276539994720218856E-16 ) ) ;
#1474 = DIRECTION ( 'NONE',  ( -0.000000000000000000, -1.000000000000000000, -0.000000000000000000 ) ) ;
#1475 = AXIS2_PLACEMENT_3D ( 'NONE', #615, #621, #1075 ) ;
#1476 = VECTOR ( 'NONE', #9, 1000.000000000000000 ) ;
#1477 = ORIENTED_EDGE ( 'NONE', *, *, #821, .T. ) ;
#1478 = ORIENTED_EDGE ( 'NONE', *, *, #782, .T. ) ;
#1479 = CARTESIAN_POINT ( 'NONE',  ( 0.000000000000000000, 6.349999999999999645, 0.000000000000000000 ) ) ;
#1480 = DIRECTION ( 'NONE',  ( -0.000000000000000000, -1.000000000000000000, -0.000000000000000000 ) ) ;
#1481 = AXIS2_PLACEMENT_3D ( 'NONE', #65, #974, #995 ) ;
#1482 = EDGE_CURVE ( 'NONE', #1152, #1232, #797, .T. ) ;
#1483 = EDGE_CURVE ( 'NONE', #1232, #392, #82, .T. ) ;
#1484 = VERTEX_POINT ( 'NONE', #428 ) ;
#1485 = SHAPE_DEFINITION_REPRESENTATION ( #10, #566 ) ;
#1486 = DIRECTION ( 'NONE',  ( -1.000000000000000000, 0.000000000000000000, 0.000000000000000000 ) ) ;
#1487 = AXIS2_PLACEMENT_3D ( 'NONE', #424, #1122, #1094 ) ;
#1488 = CARTESIAN_POINT ( 'NONE',  ( -14.50000000000000888, 6.349999999999999645, -39.48999999999998778 ) ) ;
#1489 = AXIS2_PLACEMENT_3D ( 'NONE', #738, #168, #1049 ) ;
ENDSEC;
END-ISO-10303-21;
