ISO-10303-21;
HEADER;
FILE_DESCRIPTION (( 'STEP AP214' ),
    '1' );
FILE_NAME ('PCB_shelf_step.STEP',
    '2026-07-29T00:37:09',
    ( '' ),
    ( '' ),
    'SwSTEP 2.0',
    'SolidWorks 2025',
    '' );
FILE_SCHEMA (( 'AUTOMOTIVE_DESIGN' ));
ENDSEC;

DATA;
#1 = CARTESIAN_POINT ( 'NONE',  ( 105.0899555704146167, -131.4495136430570597, -4.552240120728362704 ) ) ;
#2 = VECTOR ( 'NONE', #1375, 1000.000000000000000 ) ;
#3 = AXIS2_PLACEMENT_3D ( 'NONE', #1297, #952, #1662 ) ;
#4 = CARTESIAN_POINT ( 'NONE',  ( 109.0000000000000000, -125.5000000000000000, -5.000000000000000000 ) ) ;
#5 = DIRECTION ( 'NONE',  ( 1.000000000000000000, 0.000000000000000000, 0.000000000000000000 ) ) ;
#6 = PRODUCT_DEFINITION_CONTEXT ( 'detailed design', #119, 'design' ) ;
#7 = ORIENTED_EDGE ( 'NONE', *, *, #1042, .F. ) ;
#8 = AXIS2_PLACEMENT_3D ( 'NONE', #945, #1326, #1658 ) ;
#9 = CARTESIAN_POINT ( 'NONE',  ( 173.9000000000000057, -127.9500000000000028, 1.371604415045033344E-15 ) ) ;
#10 = CARTESIAN_POINT ( 'NONE',  ( 173.8220198675449524, -131.0826746058455399, -3.529373764291930726 ) ) ;
#11 = AXIS2_PLACEMENT_3D ( 'NONE', #2125, #1432, #15 ) ;
#12 = CIRCLE ( 'NONE', #1620, 3.499999999999989342 ) ;
#13 = ADVANCED_FACE ( 'NONE', ( #2058 ), #851, .T. ) ;
#14 = ORIENTED_EDGE ( 'NONE', *, *, #425, .T. ) ;
#15 = DIRECTION ( 'NONE',  ( 1.000000000000000000, 0.000000000000000000, -0.000000000000000000 ) ) ;
#16 = CARTESIAN_POINT ( 'NONE',  ( 105.2582578390073564, -131.4424800117295433, -4.501530991938799353 ) ) ;
#17 = PLANE ( 'NONE',  #2208 ) ;
#18 = ORIENTED_EDGE ( 'NONE', *, *, #485, .T. ) ;
#19 = CYLINDRICAL_SURFACE ( 'NONE', #1464, 6.000000000000005329 ) ;
#20 = CARTESIAN_POINT ( 'NONE',  ( 175.8058337467856802, -131.5000000000000853, -5.000000000000316192 ) ) ;
#21 = CARTESIAN_POINT ( 'NONE',  ( 172.8545454545454731, -130.3522200475862007, -3.012687179830230377 ) ) ;
#22 = EDGE_CURVE ( 'NONE', #2314, #1855, #1858, .T. ) ;
#23 = EDGE_CURVE ( 'NONE', #1919, #232, #1882, .T. ) ;
#24 = EDGE_LOOP ( 'NONE', ( #1841, #834, #185, #593 ) ) ;
#25 = EDGE_CURVE ( 'NONE', #411, #1469, #1499, .T. ) ;
#26 = CARTESIAN_POINT ( 'NONE',  ( 105.9482479007244962, -131.3261316345119951, -4.025305703022573844 ) ) ;
#27 = CARTESIAN_POINT ( 'NONE',  ( 160.2000000000000171, -66.00000000000001421, 16.00000000000000355 ) ) ;
#28 = LINE ( 'NONE', #745, #459 ) ;
#29 = VERTEX_POINT ( 'NONE', #134 ) ;
#30 = CARTESIAN_POINT ( 'NONE',  ( 175.4000000000000057, -127.9500000000000028, -11.00000000000000000 ) ) ;
#31 = CARTESIAN_POINT ( 'NONE',  ( 175.4000000000000057, -127.9500000000000028, 0.000000000000000000 ) ) ;
#32 = DIRECTION ( 'NONE',  ( 0.000000000000000000, 0.000000000000000000, 1.000000000000000000 ) ) ;
#33 = ORIENTED_EDGE ( 'NONE', *, *, #1400, .F. ) ;
#34 = CARTESIAN_POINT ( 'NONE',  ( 172.8100530507246049, -130.3050747447827007, -3.004302440079909875 ) ) ;
#35 = EDGE_LOOP ( 'NONE', ( #530, #588, #1031, #1366, #1049 ) ) ;
#36 = EDGE_CURVE ( 'NONE', #1670, #2136, #1002, .T. ) ;
#37 = CIRCLE ( 'NONE', #754, 3.500000000000003109 ) ;
#38 = LINE ( 'NONE', #2153, #1827 ) ;
#39 = EDGE_CURVE ( 'NONE', #1802, #1447, #110, .T. ) ;
#40 = CIRCLE ( 'NONE', #1345, 6.000000000000005329 ) ;
#41 = ORIENTED_EDGE ( 'NONE', *, *, #480, .T. ) ;
#42 = FACE_OUTER_BOUND ( 'NONE', #243, .T. ) ;
#43 = CIRCLE ( 'NONE', #1013, 5.000000000000000888 ) ;
#44 = DIRECTION ( 'NONE',  ( 1.000000000000000000, 0.000000000000000000, 0.000000000000000000 ) ) ;
#45 = VECTOR ( 'NONE', #2057, 1000.000000000000000 ) ;
#46 = ORIENTED_EDGE ( 'NONE', *, *, #53, .T. ) ;
#47 = DIRECTION ( 'NONE',  ( 1.000000000000000000, 0.000000000000000000, 0.000000000000000000 ) ) ;
#48 = CONICAL_SURFACE ( 'NONE', #943, 3.898900000000010913, 0.7155849933176793298 ) ;
#49 = AXIS2_PLACEMENT_3D ( 'NONE', #478, #644, #1512 ) ;
#50 = EDGE_LOOP ( 'NONE', ( #2292, #1730, #1253, #453 ) ) ;
#51 = DIRECTION ( 'NONE',  ( -0.000000000000000000, -1.000000000000000000, -0.000000000000000000 ) ) ;
#52 = CARTESIAN_POINT ( 'NONE',  ( 97.62068965517239860, -66.00000000000001421, 3.469446951953614189E-15 ) ) ;
#53 = EDGE_CURVE ( 'NONE', #1413, #1179, #491, .T. ) ;
#54 = ORIENTED_EDGE ( 'NONE', *, *, #2235, .F. ) ;
#55 = DIRECTION ( 'NONE',  ( 0.7272727272727207426, -0.6863485850246205944, 8.673617379884100553E-16 ) ) ;
#56 = CARTESIAN_POINT ( 'NONE',  ( 110.1999999999999886, -59.00000000000001421, 24.00000000000000355 ) ) ;
#57 = DIRECTION ( 'NONE',  ( -0.000000000000000000, -1.000000000000000000, -0.000000000000000000 ) ) ;
#58 = ORIENTED_EDGE ( 'NONE', *, *, #2182, .T. ) ;
#59 = CARTESIAN_POINT ( 'NONE',  ( 173.9000000000000057, -127.9500000000000028, -11.00000000000000000 ) ) ;
#60 = ORIENTED_EDGE ( 'NONE', *, *, #1278, .T. ) ;
#61 = CARTESIAN_POINT ( 'NONE',  ( 185.4000000000000057, -59.00000000000001421, -5.000000000000000000 ) ) ;
#62 = CARTESIAN_POINT ( 'NONE',  ( 176.0288320362985246, -131.3947684964044242, -4.267690163864015673 ) ) ;
#63 = CYLINDRICAL_SURFACE ( 'NONE', #2083, 3.500000000000031086 ) ;
#64 = DIRECTION ( 'NONE',  ( 1.000000000000000000, 0.000000000000000000, 0.000000000000000000 ) ) ;
#65 = EDGE_CURVE ( 'NONE', #2302, #1249, #1976, .T. ) ;
#66 = ORIENTED_EDGE ( 'NONE', *, *, #2060, .F. ) ;
#67 = DIRECTION ( 'NONE',  ( 1.000000000000000000, 0.000000000000000000, 0.000000000000000000 ) ) ;
#68 = CARTESIAN_POINT ( 'NONE',  ( 108.4999999999999858, -127.9500000000000028, 0.000000000000000000 ) ) ;
#69 = EDGE_CURVE ( 'NONE', #595, #2026, #2265, .T. ) ;
#70 = VERTEX_POINT ( 'NONE', #1697 ) ;
#71 = DIRECTION ( 'NONE',  ( 1.000000000000000000, 0.000000000000000000, 0.000000000000000000 ) ) ;
#72 = AXIS2_PLACEMENT_3D ( 'NONE', #701, #1422, #1954 ) ;
#73 = CARTESIAN_POINT ( 'NONE',  ( 177.4588575758797049, -130.7829808314730826, -3.210608615083237805 ) ) ;
#74 = DIRECTION ( 'NONE',  ( -0.000000000000000000, -0.000000000000000000, -1.000000000000000000 ) ) ;
#75 = CARTESIAN_POINT ( 'NONE',  ( 177.7721175655937884, -130.5358923983874320, -3.045353120417044757 ) ) ;
#76 = VECTOR ( 'NONE', #2211, 1000.000000000000000 ) ;
#77 = ORIENTED_EDGE ( 'NONE', *, *, #964, .F. ) ;
#78 = LINE ( 'NONE', #1511, #757 ) ;
#79 = FACE_OUTER_BOUND ( 'NONE', #1380, .T. ) ;
#80 = EDGE_CURVE ( 'NONE', #70, #2063, #2084, .T. ) ;
#81 = EDGE_LOOP ( 'NONE', ( #862, #1496, #1244, #164 ) ) ;
#82 = AXIS2_PLACEMENT_3D ( 'NONE', #2237, #2226, #1519 ) ;
#83 = EDGE_CURVE ( 'NONE', #882, #1623, #112, .T. ) ;
#84 = AXIS2_PLACEMENT_3D ( 'NONE', #688, #1757, #1446 ) ;
#85 = FACE_OUTER_BOUND ( 'NONE', #572, .T. ) ;
#86 = AXIS2_PLACEMENT_3D ( 'NONE', #1040, #1748, #147 ) ;
#87 = CARTESIAN_POINT ( 'NONE',  ( 175.6869927696126581, -131.4388106946957180, -4.483805973874854800 ) ) ;
#88 = CARTESIAN_POINT ( 'NONE',  ( 102.5410381950784426, -130.4438699943758877, -3.028987028019094918 ) ) ;
#89 = CARTESIAN_POINT ( 'NONE',  ( 107.6357445193428077, -130.2527919638461071, -3.001237011492039919 ) ) ;
#90 = DIRECTION ( 'NONE',  ( -0.000000000000000000, -1.000000000000000000, -0.000000000000000000 ) ) ;
#91 = CARTESIAN_POINT ( 'NONE',  ( 100.9326073980494414, -131.5000000003572040, -5.000000000040423664 ) ) ;
#92 = DIRECTION ( 'NONE',  ( 1.000000000000000000, 0.000000000000000000, 0.000000000000000000 ) ) ;
#93 = ORIENTED_EDGE ( 'NONE', *, *, #36, .T. ) ;
#94 = EDGE_CURVE ( 'NONE', #1306, #868, #1304, .T. ) ;
#95 = ORIENTED_EDGE ( 'NONE', *, *, #925, .F. ) ;
#96 = DIRECTION ( 'NONE',  ( 1.000000000000000000, 0.000000000000000000, 0.000000000000000000 ) ) ;
#97 = CARTESIAN_POINT ( 'NONE',  ( 173.6505800122085645, -130.9911270998064481, -3.402903111374690148 ) ) ;
#98 = CARTESIAN_POINT ( 'NONE',  ( 103.5000000000000000, -78.20000000000000284, -11.00000000000000000 ) ) ;
#99 = DIRECTION ( 'NONE',  ( -0.000000000000000000, -1.000000000000000000, -0.000000000000000000 ) ) ;
#100 = FACE_OUTER_BOUND ( 'NONE', #1285, .T. ) ;
#101 = CARTESIAN_POINT ( 'NONE',  ( 179.3999999999999488, -131.5000000000000000, -5.000000000000000888 ) ) ;
#102 = CARTESIAN_POINT ( 'NONE',  ( 175.4250000000000114, -78.22500000000000853, 0.000000000000000000 ) ) ;
#103 = EDGE_LOOP ( 'NONE', ( #648, #2036, #1151, #1480 ) ) ;
#104 = EDGE_LOOP ( 'NONE', ( #1923, #1474, #1523, #2202 ) ) ;
#105 = CARTESIAN_POINT ( 'NONE',  ( 109.2038165564665348, -131.4965372350474127, -5.000000000000000000 ) ) ;
#106 = CARTESIAN_POINT ( 'NONE',  ( 105.0000000000000000, -127.9500000000000028, -5.000000000000000000 ) ) ;
#107 = ADVANCED_FACE ( 'NONE', ( #100 ), #1084, .F. ) ;
#108 = DIRECTION ( 'NONE',  ( 1.224646799147353207E-16, 1.000000000000000000, 0.000000000000000000 ) ) ;
#109 = DIRECTION ( 'NONE',  ( -0.000000000000000000, 0.000000000000000000, -1.000000000000000000 ) ) ;
#110 = LINE ( 'NONE', #1198, #1193 ) ;
#111 = CARTESIAN_POINT ( 'NONE',  ( 177.9896232688015232, -130.3054177249915142, -3.004363437490475963 ) ) ;
#112 = CIRCLE ( 'NONE', #1268, 5.500000000000005329 ) ;
#113 = CARTESIAN_POINT ( 'NONE',  ( 160.2000000000000171, -59.00000000000001421, 17.75259999999999749 ) ) ;
#114 = ORIENTED_EDGE ( 'NONE', *, *, #480, .F. ) ;
#115 = EDGE_LOOP ( 'NONE', ( #1648, #2269, #1301, #1328 ) ) ;
#116 = CARTESIAN_POINT ( 'NONE',  ( 171.8999999999999773, -127.9500000000000028, 9.899494936611741736 ) ) ;
#117 = DIRECTION ( 'NONE',  ( 1.000000000000000000, 0.000000000000000000, 0.000000000000000000 ) ) ;
#118 = AXIS2_PLACEMENT_3D ( 'NONE', #1553, #473, #284 ) ;
#119 = APPLICATION_CONTEXT ( 'automotive_design' ) ;
#120 = CIRCLE ( 'NONE', #647, 5.000000000000000888 ) ;
#121 = CARTESIAN_POINT ( 'NONE',  ( 175.4250000000000114, -78.22500000000000853, -5.000000000000000000 ) ) ;
#122 = LINE ( 'NONE', #1917, #45 ) ;
#123 = ADVANCED_FACE ( 'NONE', ( #1930 ), #19, .T. ) ;
#124 = ORIENTED_EDGE ( 'NONE', *, *, #609, .T. ) ;
#125 = ORIENTED_EDGE ( 'NONE', *, *, #281, .F. ) ;
#126 = DIRECTION ( 'NONE',  ( -0.000000000000000000, -0.000000000000000000, 1.000000000000000000 ) ) ;
#127 = CARTESIAN_POINT ( 'NONE',  ( 120.1999999999999886, -66.00000000000001421, 16.00000000000000355 ) ) ;
#128 = ORIENTED_EDGE ( 'NONE', *, *, #1627, .F. ) ;
#129 = EDGE_LOOP ( 'NONE', ( #1533, #920, #515, #657, #1043, #7, #1729, #965 ) ) ;
#130 = CARTESIAN_POINT ( 'NONE',  ( 178.9000000000000341, -127.9500000000000028, 0.000000000000000000 ) ) ;
#131 = DIRECTION ( 'NONE',  ( -0.000000000000000000, -0.000000000000000000, 1.000000000000000000 ) ) ;
#132 = DIRECTION ( 'NONE',  ( -0.000000000000000000, 0.000000000000000000, 1.000000000000000000 ) ) ;
#133 = DIRECTION ( 'NONE',  ( -0.000000000000000000, 0.000000000000000000, -1.000000000000000000 ) ) ;
#134 = CARTESIAN_POINT ( 'NONE',  ( 176.9250000000000114, -78.22500000000000853, 1.371604415045033344E-15 ) ) ;
#135 = CARTESIAN_POINT ( 'NONE',  ( 179.5353388538845536, -131.4988647266100656, -5.000000000000000000 ) ) ;
#136 = EDGE_CURVE ( 'NONE', #1897, #1893, #559, .T. ) ;
#137 =( LENGTH_UNIT ( ) NAMED_UNIT ( * ) SI_UNIT ( .MILLI., .METRE. ) );
#138 = ORIENTED_EDGE ( 'NONE', *, *, #914, .T. ) ;
#139 = ADVANCED_FACE ( 'NONE', ( #1403 ), #2118, .F. ) ;
#140 = ORIENTED_EDGE ( 'NONE', *, *, #776, .F. ) ;
#141 = CARTESIAN_POINT ( 'NONE',  ( 171.4000000000000625, -131.5000000000000000, -5.000000000000000000 ) ) ;
#142 = CARTESIAN_POINT ( 'NONE',  ( 160.2000000000000171, -66.00000000000001421, 12.10109999999999353 ) ) ;
#143 = DIRECTION ( 'NONE',  ( -0.4642352275297614850, 0.000000000000000000, 0.8857119472607278832 ) ) ;
#144 = VERTEX_POINT ( 'NONE', #171 ) ;
#145 = CARTESIAN_POINT ( 'NONE',  ( 106.4999999999999858, -127.9500000000000028, 0.000000000000000000 ) ) ;
#146 = LINE ( 'NONE', #490, #262 ) ;
#147 = DIRECTION ( 'NONE',  ( 1.000000000000000000, 0.000000000000000000, 0.000000000000000000 ) ) ;
#148 = VECTOR ( 'NONE', #1705, 1000.000000000000000 ) ;
#149 = VERTEX_POINT ( 'NONE', #1080 ) ;
#150 = EDGE_CURVE ( 'NONE', #668, #1079, #37, .T. ) ;
#151 = AXIS2_PLACEMENT_3D ( 'NONE', #1795, #1218, #2113 ) ;
#152 = EDGE_CURVE ( 'NONE', #694, #1839, #1605, .T. ) ;
#153 = ORIENTED_EDGE ( 'NONE', *, *, #2257, .F. ) ;
#154 = DIRECTION ( 'NONE',  ( 0.000000000000000000, -1.000000000000000000, 0.000000000000000000 ) ) ;
#155 = DIRECTION ( 'NONE',  ( 1.000000000000000000, 0.000000000000000000, 0.000000000000000000 ) ) ;
#156 = AXIS2_PLACEMENT_3D ( 'NONE', #1622, #347, #1601 ) ;
#157 = CIRCLE ( 'NONE', #1312, 6.000000000000005329 ) ;
#158 = FACE_OUTER_BOUND ( 'NONE', #50, .T. ) ;
#159 = CIRCLE ( 'NONE', #2138, 3.898899999999996702 ) ;
#160 = ORIENTED_EDGE ( 'NONE', *, *, #2139, .F. ) ;
#161 = DIRECTION ( 'NONE',  ( -1.000000000000000000, 0.000000000000000000, 1.734723475976807341E-16 ) ) ;
#162 = CARTESIAN_POINT ( 'NONE',  ( 172.9316201634932781, -130.4596531100249308, -4.573621600447738800 ) ) ;
#163 = LINE ( 'NONE', #1774, #500 ) ;
#164 = ORIENTED_EDGE ( 'NONE', *, *, #1835, .F. ) ;
#165 = B_SPLINE_CURVE_WITH_KNOTS ( 'NONE', 3,
 ( #838, #1525, #2037, #660 ),
 .UNSPECIFIED., .F., .F.,
 ( 4, 4 ),
 ( 0.000000000000000000, 0.0001952050915556165483 ),
 .UNSPECIFIED. ) ;
#166 = CARTESIAN_POINT ( 'NONE',  ( 107.1597590735015189, -130.7071459051462909, -3.154377845838944427 ) ) ;
#167 = ADVANCED_FACE ( 'NONE', ( #2309 ), #540, .T. ) ;
#168 = DIRECTION ( 'NONE',  ( 0.000000000000000000, -0.000000000000000000, 1.000000000000000000 ) ) ;
#169 = FACE_OUTER_BOUND ( 'NONE', #1908, .T. ) ;
#170 = VERTEX_POINT ( 'NONE', #370 ) ;
#171 = CARTESIAN_POINT ( 'NONE',  ( 171.8999999999999773, -127.9500000000000028, -2.999999999999999112 ) ) ;
#172 = CARTESIAN_POINT ( 'NONE',  ( 176.5956559167038904, -131.2618294229309015, -4.551390170590223327 ) ) ;
#173 = SURFACE_STYLE_FILL_AREA ( #339 ) ;
#174 = VERTEX_POINT ( 'NONE', #9 ) ;
#175 = ORIENTED_EDGE ( 'NONE', *, *, #341, .F. ) ;
#176 = CARTESIAN_POINT ( 'NONE',  ( 105.0000000000000000, -127.9500000000000028, -11.00000000000000000 ) ) ;
#177 = CARTESIAN_POINT ( 'NONE',  ( 104.5160626134109663, -131.4184416710215828, -4.372829612113123154 ) ) ;
#178 = DIRECTION ( 'NONE',  ( -0.000000000000000000, -0.000000000000000000, 1.000000000000000000 ) ) ;
#179 = ADVANCED_FACE ( 'NONE', ( #1943 ), #1790, .F. ) ;
#180 = ORIENTED_EDGE ( 'NONE', *, *, #1039, .T. ) ;
#181 = FACE_OUTER_BOUND ( 'NONE', #1567, .T. ) ;
#182 = CARTESIAN_POINT ( 'NONE',  ( 174.6395269637881995, -131.4999999999999432, -4.999999999999838352 ) ) ;
#183 =( NAMED_UNIT ( * ) PLANE_ANGLE_UNIT ( ) SI_UNIT ( $, .RADIAN. ) );
#184 = VERTEX_POINT ( 'NONE', #722 ) ;
#185 = ORIENTED_EDGE ( 'NONE', *, *, #1977, .F. ) ;
#186 = CIRCLE ( 'NONE', #374, 5.500000000000032863 ) ;
#187 = PLANE ( 'NONE',  #11 ) ;
#188 = AXIS2_PLACEMENT_3D ( 'NONE', #1715, #256, #1888 ) ;
#189 = DIRECTION ( 'NONE',  ( 1.000000000000000000, 0.000000000000000000, 0.000000000000000000 ) ) ;
#190 = DIRECTION ( 'NONE',  ( 0.000000000000000000, 0.000000000000000000, 1.000000000000000000 ) ) ;
#191 = ORIENTED_EDGE ( 'NONE', *, *, #410, .T. ) ;
#192 = AXIS2_PLACEMENT_3D ( 'NONE', #1401, #707, #2116 ) ;
#193 = CARTESIAN_POINT ( 'NONE',  ( 160.2000000000000171, -66.00000000000001421, 16.00000000000000355 ) ) ;
#194 = CARTESIAN_POINT ( 'NONE',  ( 174.2133967443079143, -131.2650324928679595, -4.553597271215656050 ) ) ;
#195 = CARTESIAN_POINT ( 'NONE',  ( 175.4250000000000114, -78.22500000000000853, 9.899494936611741736 ) ) ;
#196 = ADVANCED_FACE ( 'NONE', ( #910, #690, #337 ), #709, .F. ) ;
#197 = CIRCLE ( 'NONE', #308, 2.000000000000000000 ) ;
#198 = AXIS2_PLACEMENT_3D ( 'NONE', #2111, #507, #492 ) ;
#199 = CARTESIAN_POINT ( 'NONE',  ( 107.5454545454545325, -130.3522200475861723, -3.012687179830225492 ) ) ;
#200 = ORIENTED_EDGE ( 'NONE', *, *, #584, .T. ) ;
#201 = CARTESIAN_POINT ( 'NONE',  ( 120.1999999999999886, -63.53096428758156833, 17.75259999999999749 ) ) ;
#202 = CARTESIAN_POINT ( 'NONE',  ( 185.4000000000000057, -71.00000000000002842, -5.000000000000000000 ) ) ;
#203 = CARTESIAN_POINT ( 'NONE',  ( 180.9250000000000114, -78.22500000000000853, -4.999999999999999112 ) ) ;
#204 = ORIENTED_EDGE ( 'NONE', *, *, #1489, .T. ) ;
#205 = CARTESIAN_POINT ( 'NONE',  ( 179.3999999999999773, -131.5000000000000000, -5.000000000000000000 ) ) ;
#206 = CARTESIAN_POINT ( 'NONE',  ( 173.2541120551963161, -130.7539027583486018, -4.440247934839232080 ) ) ;
#207 = CARTESIAN_POINT ( 'NONE',  ( 0.000000000000000000, 0.000000000000000000, 0.000000000000000000 ) ) ;
#208 = EDGE_CURVE ( 'NONE', #1079, #668, #1078, .T. ) ;
#209 = CARTESIAN_POINT ( 'NONE',  ( 107.6751559904787001, -130.2068873313938298, -2.999999999999999112 ) ) ;
#210 = EDGE_CURVE ( 'NONE', #2044, #544, #325, .T. ) ;
#211 = ORIENTED_EDGE ( 'NONE', *, *, #2016, .T. ) ;
#212 = CARTESIAN_POINT ( 'NONE',  ( 179.3999999999999773, -131.5000000000000000, -11.00000000000000000 ) ) ;
#213 = CARTESIAN_POINT ( 'NONE',  ( 107.1817690279091693, -130.6973832661021504, -3.136656771567495117 ) ) ;
#214 = EDGE_LOOP ( 'NONE', ( #856, #200 ) ) ;
#215 = DIRECTION ( 'NONE',  ( 1.000000000000000000, 0.000000000000000000, -0.000000000000000000 ) ) ;
#216 = CARTESIAN_POINT ( 'NONE',  ( 113.2244865394850848, -66.00000000000001421, 24.00000000000000355 ) ) ;
#217 = CARTESIAN_POINT ( 'NONE',  ( 160.2000000000000171, -59.00000000000001421, 16.00000000000000355 ) ) ;
#218 = EDGE_LOOP ( 'NONE', ( #1452, #1759, #2313, #558 ) ) ;
#219 = DIRECTION ( 'NONE',  ( 0.000000000000000000, -0.000000000000000000, 1.000000000000000000 ) ) ;
#220 = ORIENTED_EDGE ( 'NONE', *, *, #1666, .T. ) ;
#221 = EDGE_CURVE ( 'NONE', #525, #1118, #863, .T. ) ;
#222 = VECTOR ( 'NONE', #2109, 1000.000000000000000 ) ;
#223 = CARTESIAN_POINT ( 'NONE',  ( 115.0000000000000000, -125.5000000000000000, -11.00000000000000000 ) ) ;
#224 = DIRECTION ( 'NONE',  ( -1.000000000000000000, 0.000000000000000000, 0.000000000000000000 ) ) ;
#225 = AXIS2_PLACEMENT_3D ( 'NONE', #784, #980, #1317 ) ;
#226 = EDGE_LOOP ( 'NONE', ( #1885, #842, #125, #1656, #60, #659 ) ) ;
#227 = CARTESIAN_POINT ( 'NONE',  ( 105.0000000000000000, -127.9500000000000028, -2.999999999999999112 ) ) ;
#228 = FACE_OUTER_BOUND ( 'NONE', #909, .T. ) ;
#229 = CARTESIAN_POINT ( 'NONE',  ( 120.1999999999999886, -59.00000000000001421, 14.24740000000001139 ) ) ;
#230 = AXIS2_PLACEMENT_3D ( 'NONE', #586, #793, #1292 ) ;
#231 = ADVANCED_FACE ( 'NONE', ( #1746 ), #1581, .F. ) ;
#232 = VERTEX_POINT ( 'NONE', #1060 ) ;
#233 = FACE_OUTER_BOUND ( 'NONE', #24, .T. ) ;
#234 = AXIS2_PLACEMENT_3D ( 'NONE', #1219, #1926, #1181 ) ;
#235 = CIRCLE ( 'NONE', #1586, 3.898899999999996702 ) ;
#236 = VERTEX_POINT ( 'NONE', #1772 ) ;
#237 = CYLINDRICAL_SURFACE ( 'NONE', #1937, 1.499999999999987566 ) ;
#238 = EDGE_CURVE ( 'NONE', #1839, #676, #673, .T. ) ;
#239 = CARTESIAN_POINT ( 'NONE',  ( 175.4899555704146223, -131.4495136430571165, -4.552240120728485273 ) ) ;
#240 = ADVANCED_FACE ( 'NONE', ( #181 ), #1291, .T. ) ;
#241 = LINE ( 'NONE', #1664, #1120 ) ;
#242 = CARTESIAN_POINT ( 'NONE',  ( 110.4999999999999858, -127.9500000000000028, -4.999999999999999112 ) ) ;
#243 = EDGE_LOOP ( 'NONE', ( #801, #1369, #747, #305 ) ) ;
#244 = CARTESIAN_POINT ( 'NONE',  ( 185.3999999999999773, -131.5000000000000000, -5.000000000000000000 ) ) ;
#245 = VERTEX_POINT ( 'NONE', #1095 ) ;
#246 = B_SPLINE_CURVE_WITH_KNOTS ( 'NONE', 3,
 ( #2102, #2173, #320, #373 ),
 .UNSPECIFIED., .F., .F.,
 ( 4, 4 ),
 ( 0.000000000000000000, 0.0001952050915556651205 ),
 .UNSPECIFIED. ) ;
#247 = DIRECTION ( 'NONE',  ( 8.034405899049493242E-17, -0.7547095802227692385, 0.6560590289905104955 ) ) ;
#248 = CARTESIAN_POINT ( 'NONE',  ( 175.3530239689580981, -131.4503544099275416, -4.558031128233158924 ) ) ;
#249 = CARTESIAN_POINT ( 'NONE',  ( 108.7959268031814446, -59.00000000000001421, 21.32117613764880915 ) ) ;
#250 = LINE ( 'NONE', #963, #2245 ) ;
#251 = EDGE_CURVE ( 'NONE', #1873, #700, #2214, .T. ) ;
#252 = ORIENTED_EDGE ( 'NONE', *, *, #238, .T. ) ;
#253 = CARTESIAN_POINT ( 'NONE',  ( 176.9000000000000057, -127.9500000000000028, -11.00000000000000000 ) ) ;
#254 = CARTESIAN_POINT ( 'NONE',  ( 176.9250000000000114, -78.22500000000000853, -11.00000000000000000 ) ) ;
#255 = VERTEX_POINT ( 'NONE', #1115 ) ;
#256 = DIRECTION ( 'NONE',  ( -0.000000000000000000, -1.000000000000000000, -0.000000000000000000 ) ) ;
#257 = CARTESIAN_POINT ( 'NONE',  ( 176.3482479007244876, -131.3261316345120520, -4.025305703022637793 ) ) ;
#258 = AXIS2_PLACEMENT_3D ( 'NONE', #1844, #1643, #1507 ) ;
#259 = CARTESIAN_POINT ( 'NONE',  ( 109.2038165564665206, -131.4965372350474127, -3.000000000000000000 ) ) ;
#260 = PLANE ( 'NONE',  #682 ) ;
#261 = AXIS2_PLACEMENT_3D ( 'NONE', #1573, #1270, #1206 ) ;
#262 = VECTOR ( 'NONE', #278, 1000.000000000000000 ) ;
#263 = DIRECTION ( 'NONE',  ( -0.000000000000000000, 0.000000000000000000, -1.000000000000000000 ) ) ;
#264 = DIRECTION ( 'NONE',  ( -0.000000000000000000, -0.000000000000000000, -1.000000000000000000 ) ) ;
#265 = EDGE_CURVE ( 'NONE', #354, #810, #2275, .T. ) ;
#266 = CARTESIAN_POINT ( 'NONE',  ( 160.2000000000000171, -66.00000000000001421, 16.00000000000000355 ) ) ;
#267 = VECTOR ( 'NONE', #1374, 1000.000000000000000 ) ;
#268 = ORIENTED_EDGE ( 'NONE', *, *, #776, .T. ) ;
#269 = CIRCLE ( 'NONE', #797, 5.000000000000000888 ) ;
#270 = CIRCLE ( 'NONE', #719, 1.500000000000001332 ) ;
#271 = EDGE_LOOP ( 'NONE', ( #303, #1953, #590, #1708, #1333 ) ) ;
#272 = CYLINDRICAL_SURFACE ( 'NONE', #1899, 1.499999999999987566 ) ;
#273 = MECHANICAL_DESIGN_GEOMETRIC_PRESENTATION_REPRESENTATION (  '', ( #1396 ), #348 ) ;
#274 = DIRECTION ( 'NONE',  ( 1.000000000000000000, 0.000000000000000000, 0.000000000000000000 ) ) ;
#275 = LINE ( 'NONE', #464, #1192 ) ;
#276 = CARTESIAN_POINT ( 'NONE',  ( 107.6062069974059909, -130.2866002117392270, -3.003067740733465829 ) ) ;
#277 = DIRECTION ( 'NONE',  ( 1.000000000000000000, 0.000000000000000000, 0.000000000000000000 ) ) ;
#278 = DIRECTION ( 'NONE',  ( 0.000000000000000000, 0.000000000000000000, -1.000000000000000000 ) ) ;
#279 = DIRECTION ( 'NONE',  ( 1.000000000000000000, 0.000000000000000000, 0.000000000000000000 ) ) ;
#280 = VERTEX_POINT ( 'NONE', #2167 ) ;
#281 = EDGE_CURVE ( 'NONE', #1118, #1802, #1263, .T. ) ;
#282 = ORIENTED_EDGE ( 'NONE', *, *, #741, .F. ) ;
#283 = DIRECTION ( 'NONE',  ( 0.000000000000000000, -0.7547095802227692385, -0.6560590289905104955 ) ) ;
#284 = DIRECTION ( 'NONE',  ( 1.000000000000000000, 0.000000000000000000, 0.000000000000000000 ) ) ;
#285 = CARTESIAN_POINT ( 'NONE',  ( 120.1999999999999886, -66.00000000000001421, 14.24740000000001139 ) ) ;
#286 = FACE_OUTER_BOUND ( 'NONE', #1780, .T. ) ;
#287 = EDGE_LOOP ( 'NONE', ( #1055, #1036 ) ) ;
#288 = CARTESIAN_POINT ( 'NONE',  ( 120.1999999999999886, -66.00000000000001421, 19.89890000000000114 ) ) ;
#289 = LINE ( 'NONE', #1003, #1717 ) ;
#290 = LINE ( 'NONE', #1848, #764 ) ;
#291 = ORIENTED_EDGE ( 'NONE', *, *, #22, .T. ) ;
#292 = EDGE_LOOP ( 'NONE', ( #1513, #2192, #470, #926, #1535, #220, #1524, #598 ) ) ;
#293 = CARTESIAN_POINT ( 'NONE',  ( 105.0000000000000000, -127.9500000000000028, -11.00000000000000000 ) ) ;
#294 = CARTESIAN_POINT ( 'NONE',  ( 165.4000000000000057, -125.5000000000000000, -11.00000000000000000 ) ) ;
#295 = ADVANCED_FACE ( 'NONE', ( #416 ), #1281, .F. ) ;
#296 = DIRECTION ( 'NONE',  ( -0.000000000000000000, -0.000000000000000000, 1.000000000000000000 ) ) ;
#297 = DIRECTION ( 'NONE',  ( 1.224646799147353207E-16, 1.000000000000000000, 0.000000000000000000 ) ) ;
#298 = EDGE_LOOP ( 'NONE', ( #1235, #363, #1751, #630 ) ) ;
#299 = ORIENTED_EDGE ( 'NONE', *, *, #1222, .F. ) ;
#300 = DIRECTION ( 'NONE',  ( 0.000000000000000000, 0.000000000000000000, -1.000000000000000000 ) ) ;
#301 = DIRECTION ( 'NONE',  ( -0.000000000000000000, 0.000000000000000000, -1.000000000000000000 ) ) ;
#302 = CIRCLE ( 'NONE', #1307, 5.999999999999991118 ) ;
#303 = ORIENTED_EDGE ( 'NONE', *, *, #1278, .F. ) ;
#304 = CIRCLE ( 'NONE', #457, 5.499999999999991118 ) ;
#305 = ORIENTED_EDGE ( 'NONE', *, *, #2312, .F. ) ;
#306 = CARTESIAN_POINT ( 'NONE',  ( 108.9999999999999574, -131.5000000000000000, -4.999999999999999112 ) ) ;
#307 = CARTESIAN_POINT ( 'NONE',  ( 94.99999999999998579, -131.5000000000000000, -5.000000000000000000 ) ) ;
#308 = AXIS2_PLACEMENT_3D ( 'NONE', #1836, #1694, #445 ) ;
#309 = EDGE_CURVE ( 'NONE', #900, #872, #529, .T. ) ;
#310 = PRESENTATION_LAYER_ASSIGNMENT (  '', '', ( #1396 ) ) ;
#311 = CARTESIAN_POINT ( 'NONE',  ( 171.8999999999999773, -127.9500000000000028, 0.000000000000000000 ) ) ;
#312 = ADVANCED_FACE ( 'NONE', ( #771, #1475 ), #1484, .T. ) ;
#313 = DIRECTION ( 'NONE',  ( -4.237492460401361489E-16, -1.000000000000000000, -0.000000000000000000 ) ) ;
#314 = ADVANCED_FACE ( 'NONE', ( #1990 ), #63, .T. ) ;
#315 = ORIENTED_EDGE ( 'NONE', *, *, #329, .F. ) ;
#316 = DIRECTION ( 'NONE',  ( 0.6840353361467572668, -0.7248215488817912888, -0.08203280550605362986 ) ) ;
#317 = DIRECTION ( 'NONE',  ( 0.000000000000000000, 0.000000000000000000, -1.000000000000000000 ) ) ;
#318 = ORIENTED_EDGE ( 'NONE', *, *, #1778, .T. ) ;
#319 = ORIENTED_EDGE ( 'NONE', *, *, #1835, .T. ) ;
#320 = CARTESIAN_POINT ( 'NONE',  ( 172.8101480791472966, -130.3051754393592603, -3.004320349356047082 ) ) ;
#321 = CARTESIAN_POINT ( 'NONE',  ( 175.4000000000000057, -127.9500000000000028, 1.371604415045033344E-15 ) ) ;
#322 = CARTESIAN_POINT ( 'NONE',  ( 101.7292824779860467, -131.4999999999998863, -4.999999999999940492 ) ) ;
#323 = CARTESIAN_POINT ( 'NONE',  ( 185.3999999999999773, -131.5000000000000000, -11.00000000000000000 ) ) ;
#324 = ORIENTED_EDGE ( 'NONE', *, *, #855, .F. ) ;
#325 = LINE ( 'NONE', #145, #1302 ) ;
#326 = ADVANCED_FACE ( 'NONE', ( #42 ), #1083, .F. ) ;
#327 = CARTESIAN_POINT ( 'NONE',  ( 113.2244865394850848, -59.00000000000001421, 19.00000000000000355 ) ) ;
#328 = DIRECTION ( 'NONE',  ( -0.000000000000000000, -1.000000000000000000, -0.000000000000000000 ) ) ;
#329 = EDGE_CURVE ( 'NONE', #245, #1114, #1814, .T. ) ;
#330 = ORIENTED_EDGE ( 'NONE', *, *, #1359, .T. ) ;
#331 = EDGE_LOOP ( 'NONE', ( #1707, #1436, #563, #1141 ) ) ;
#332 = CARTESIAN_POINT ( 'NONE',  ( 171.4000000000000341, -131.5000000000000000, -11.00000000000000000 ) ) ;
#333 = DIRECTION ( 'NONE',  ( 0.000000000000000000, 0.000000000000000000, 1.000000000000000000 ) ) ;
#334 = CARTESIAN_POINT ( 'NONE',  ( 104.8785571079027505, -131.4484424105721416, -4.544478694746604042 ) ) ;
#335 = CARTESIAN_POINT ( 'NONE',  ( 105.0000000000000000, -127.9500000000000028, -2.999999999999999112 ) ) ;
#336 = VERTEX_POINT ( 'NONE', #405 ) ;
#337 = FACE_OUTER_BOUND ( 'NONE', #129, .T. ) ;
#338 = CARTESIAN_POINT ( 'NONE',  ( 176.0321605055376040, -131.3984207954106864, -4.692231340498520531 ) ) ;
#339 = FILL_AREA_STYLE ('',( #1200 ) ) ;
#340 = VECTOR ( 'NONE', #215, 1000.000000000000000 ) ;
#341 = EDGE_CURVE ( 'NONE', #236, #482, #1824, .T. ) ;
#342 = AXIS2_PLACEMENT_3D ( 'NONE', #1693, #960, #1671 ) ;
#343 = ORIENTED_EDGE ( 'NONE', *, *, #1515, .F. ) ;
#344 = CARTESIAN_POINT ( 'NONE',  ( 104.0750178335299125, -131.3328004536021751, -4.044307203693040087 ) ) ;
#345 = VECTOR ( 'NONE', #1871, 1000.000000000000227 ) ;
#346 = AXIS2_PLACEMENT_3D ( 'NONE', #634, #1998, #403 ) ;
#347 = DIRECTION ( 'NONE',  ( 0.000000000000000000, -0.000000000000000000, 1.000000000000000000 ) ) ;
#348 =( GEOMETRIC_REPRESENTATION_CONTEXT ( 3 ) GLOBAL_UNCERTAINTY_ASSIGNED_CONTEXT ( ( #1728 ) ) GLOBAL_UNIT_ASSIGNED_CONTEXT ( ( #137, #1053, #679 ) ) REPRESENTATION_CONTEXT ( 'NONE', 'WORKASPACE' ) );
#349 = ORIENTED_EDGE ( 'NONE', *, *, #1428, .F. ) ;
#350 = DIRECTION ( 'NONE',  ( 0.000000000000000000, -1.000000000000000000, 0.000000000000000000 ) ) ;
#351 = CARTESIAN_POINT ( 'NONE',  ( 172.9203169352430507, -131.4999999999990621, -4.999999999998904876 ) ) ;
#352 = CARTESIAN_POINT ( 'NONE',  ( 108.4999999999999858, -78.20000000000000284, -2.999999999999999112 ) ) ;
#353 = EDGE_LOOP ( 'NONE', ( #1262, #1877 ) ) ;
#354 = VERTEX_POINT ( 'NONE', #205 ) ;
#355 = CARTESIAN_POINT ( 'NONE',  ( 107.5454545454545467, -130.3522200475861439, -3.012687179830215278 ) ) ;
#356 = EDGE_CURVE ( 'NONE', #174, #817, #1645, .T. ) ;
#357 = CARTESIAN_POINT ( 'NONE',  ( 101.2782206848623616, -131.5000000000000284, -5.000000000000011546 ) ) ;
#358 = DIRECTION ( 'NONE',  ( 0.000000000000000000, -0.000000000000000000, 1.000000000000000000 ) ) ;
#359 = ORIENTED_EDGE ( 'NONE', *, *, #1211, .F. ) ;
#360 = DIRECTION ( 'NONE',  ( 0.000000000000000000, -0.000000000000000000, 1.000000000000000000 ) ) ;
#361 = CARTESIAN_POINT ( 'NONE',  ( 176.8609095336477992, -131.1561811199287604, -4.490070858665443865 ) ) ;
#362 = DIRECTION ( 'NONE',  ( 0.000000000000000000, -1.000000000000000000, 0.000000000000000000 ) ) ;
#363 = ORIENTED_EDGE ( 'NONE', *, *, #954, .T. ) ;
#364 = CARTESIAN_POINT ( 'NONE',  ( 165.4000000000000057, -92.00000000000002842, -5.000000000000000000 ) ) ;
#365 = CARTESIAN_POINT ( 'NONE',  ( 104.2395269637882507, -131.4999999999999147, -4.999999999999759304 ) ) ;
#366 = EDGE_CURVE ( 'NONE', #1817, #1389, #241, .T. ) ;
#367 = DIRECTION ( 'NONE',  ( 1.000000000000000000, 0.000000000000000000, 0.000000000000000000 ) ) ;
#368 = PLANE ( 'NONE',  #387 ) ;
#369 = ORIENTED_EDGE ( 'NONE', *, *, #2268, .F. ) ;
#370 = CARTESIAN_POINT ( 'NONE',  ( 94.99999999999998579, -125.5000000000000000, -5.000000000000000000 ) ) ;
#371 = CARTESIAN_POINT ( 'NONE',  ( 175.7315655809329940, -131.4381433855843397, -4.754590978514118937 ) ) ;
#372 = LINE ( 'NONE', #407, #1727 ) ;
#373 = CARTESIAN_POINT ( 'NONE',  ( 172.8545454545454447, -130.3522200475861723, -3.012687179830224160 ) ) ;
#374 = AXIS2_PLACEMENT_3D ( 'NONE', #1010, #486, #1695 ) ;
#375 = VERTEX_POINT ( 'NONE', #781 ) ;
#376 = AXIS2_PLACEMENT_3D ( 'NONE', #611, #1322, #2027 ) ;
#377 = CARTESIAN_POINT ( 'NONE',  ( 121.0000000000000142, -92.00000000000002842, -5.000000000000000000 ) ) ;
#378 = VECTOR ( 'NONE', #2074, 1000.000000000000000 ) ;
#379 = CARTESIAN_POINT ( 'NONE',  ( 107.8035469915017046, -131.5000000000000853, -5.000000000000040856 ) ) ;
#380 = CIRCLE ( 'NONE', #680, 6.000000000000005329 ) ;
#381 = ADVANCED_FACE ( 'NONE', ( #2197 ), #635, .F. ) ;
#382 = ORIENTED_EDGE ( 'NONE', *, *, #1653, .F. ) ;
#383 = CIRCLE ( 'NONE', #1905, 6.000000000000005329 ) ;
#384 = DIRECTION ( 'NONE',  ( -0.000000000000000000, -0.000000000000000000, -1.000000000000000000 ) ) ;
#385 = CARTESIAN_POINT ( 'NONE',  ( 175.6090004300138787, -131.5000000000000000, -4.999999999999999112 ) ) ;
#386 = DIRECTION ( 'NONE',  ( 0.000000000000000000, 0.000000000000000000, -1.000000000000000000 ) ) ;
#387 = AXIS2_PLACEMENT_3D ( 'NONE', #2306, #190, #1973 ) ;
#388 = ADVANCED_FACE ( 'NONE', ( #1136 ), #792, .T. ) ;
#389 = CIRCLE ( 'NONE', #875, 1.499999999999987566 ) ;
#390 = FACE_OUTER_BOUND ( 'NONE', #787, .T. ) ;
#391 = EDGE_LOOP ( 'NONE', ( #770, #1427, #1686, #1094 ) ) ;
#392 = CARTESIAN_POINT ( 'NONE',  ( 165.4000000000000057, -92.00000000000002842, -11.00000000000000000 ) ) ;
#393 = CARTESIAN_POINT ( 'NONE',  ( 106.8235174459385917, -131.5000000000000853, -5.000000000000099476 ) ) ;
#394 = EDGE_LOOP ( 'NONE', ( #1130, #1570 ) ) ;
#395 = CARTESIAN_POINT ( 'NONE',  ( 0.000000000000000000, 0.000000000000000000, 0.000000000000000000 ) ) ;
#396 = CARTESIAN_POINT ( 'NONE',  ( 179.3999999999999773, -131.5000000000000000, -4.999999999999998224 ) ) ;
#397 = DIRECTION ( 'NONE',  ( 0.000000000000000000, -0.000000000000000000, 1.000000000000000000 ) ) ;
#398 = EDGE_CURVE ( 'NONE', #280, #1012, #275, .T. ) ;
#399 = ORIENTED_EDGE ( 'NONE', *, *, #1738, .F. ) ;
#400 = CARTESIAN_POINT ( 'NONE',  ( 175.4250000000000114, -78.22500000000000853, 0.000000000000000000 ) ) ;
#401 = ORIENTED_EDGE ( 'NONE', *, *, #2139, .T. ) ;
#402 = CARTESIAN_POINT ( 'NONE',  ( 120.1999999999999886, -59.00000000000001421, 16.00000000000000355 ) ) ;
#403 = DIRECTION ( 'NONE',  ( -0.7643302829939170318, -0.6448249518268029945, 0.000000000000000000 ) ) ;
#404 = VERTEX_POINT ( 'NONE', #651 ) ;
#405 = CARTESIAN_POINT ( 'NONE',  ( 178.9000000000000341, -127.9500000000000028, -2.999999999999999112 ) ) ;
#406 = DIRECTION ( 'NONE',  ( -0.000000000000000000, -0.000000000000000000, -1.000000000000000000 ) ) ;
#407 = CARTESIAN_POINT ( 'NONE',  ( 94.99999999999998579, -59.00000000000001421, -5.000000000000000000 ) ) ;
#408 = ORIENTED_EDGE ( 'NONE', *, *, #1677, .F. ) ;
#409 = CARTESIAN_POINT ( 'NONE',  ( 103.5000000000000142, -78.20000000000000284, 1.371604415045033344E-15 ) ) ;
#410 = EDGE_CURVE ( 'NONE', #1467, #820, #186, .T. ) ;
#411 = VERTEX_POINT ( 'NONE', #98 ) ;
#412 = EDGE_CURVE ( 'NONE', #184, #676, #1856, .T. ) ;
#413 = CARTESIAN_POINT ( 'NONE',  ( 105.3315655809316667, -131.4381433855870682, -4.754590978519737554 ) ) ;
#414 = CARTESIAN_POINT ( 'NONE',  ( 167.1755134605149351, -59.00000000000001421, 18.99999999999999289 ) ) ;
#415 = AXIS2_PLACEMENT_3D ( 'NONE', #1000, #108, #1904 ) ;
#416 = FACE_OUTER_BOUND ( 'NONE', #2244, .T. ) ;
#417 = AXIS2_PLACEMENT_3D ( 'NONE', #1367, #2080, #1558 ) ;
#418 = CARTESIAN_POINT ( 'NONE',  ( 178.2035469914989676, -131.4999999999995737, -4.999999999999747757 ) ) ;
#419 = AXIS2_PLACEMENT_3D ( 'NONE', #2040, #448, #733 ) ;
#420 = ORIENTED_EDGE ( 'NONE', *, *, #1807, .T. ) ;
#421 = DIRECTION ( 'NONE',  ( -1.000000000000000000, 0.000000000000000000, 0.000000000000000000 ) ) ;
#422 = VECTOR ( 'NONE', #2170, 1000.000000000000114 ) ;
#423 = EDGE_LOOP ( 'NONE', ( #1017, #615, #41, #2185 ) ) ;
#424 = CARTESIAN_POINT ( 'NONE',  ( 105.6321605055390762, -131.3984207954078727, -4.692231340492768688 ) ) ;
#425 = EDGE_CURVE ( 'NONE', #494, #2121, #934, .T. ) ;
#426 = DIRECTION ( 'NONE',  ( -4.237492460401361489E-16, -1.000000000000000000, -0.000000000000000000 ) ) ;
#427 = DIRECTION ( 'NONE',  ( 1.000000000000000000, 0.000000000000000000, 0.000000000000000000 ) ) ;
#428 = CARTESIAN_POINT ( 'NONE',  ( 178.8284941852623433, -131.5000000000004547, -5.000000000000246914 ) ) ;
#429 = ADVANCED_FACE ( 'NONE', ( #1170 ), #613, .F. ) ;
#430 = EDGE_LOOP ( 'NONE', ( #408, #1417, #997, #138, #14, #1088, #420, #1887, #175, #1166, #854, #689, #359, #1108, #191, #1459, #2085, #608 ) ) ;
#431 = CARTESIAN_POINT ( 'NONE',  ( 102.3503199216372934, -130.2417799749707967, -4.857598992805501226 ) ) ;
#432 = DIRECTION ( 'NONE',  ( 0.000000000000000000, 0.000000000000000000, -1.000000000000000000 ) ) ;
#433 = EDGE_LOOP ( 'NONE', ( #1005, #1026, #471, #1288 ) ) ;
#434 = CARTESIAN_POINT ( 'NONE',  ( 178.0751559904787484, -130.2068873313938298, -2.999999999999999112 ) ) ;
#435 = CARTESIAN_POINT ( 'NONE',  ( 94.99999999999998579, -71.00000000000002842, -5.000000000000000000 ) ) ;
#436 = EDGE_CURVE ( 'NONE', #872, #817, #2225, .T. ) ;
#437 = CARTESIAN_POINT ( 'NONE',  ( 179.3999999999999773, -125.5000000000000000, -11.00000000000000000 ) ) ;
#438 =( BOUNDED_CURVE ( )  B_SPLINE_CURVE ( 3, ( #1247, #1029, #1597, #1922 ),
 .UNSPECIFIED., .F., .F. ) 
 B_SPLINE_CURVE_WITH_KNOTS ( ( 4, 4 ),
 ( 1.570796326794896114, 3.141592653589793116 ),
 .UNSPECIFIED. ) 
 CURVE ( )  GEOMETRIC_REPRESENTATION_ITEM ( )  RATIONAL_B_SPLINE_CURVE ( ( 1.000000000000000000, 0.8047378541243649375, 0.8047378541243649375, 1.000000000000000000 ) ) 
 REPRESENTATION_ITEM ( '' )  );
#439 = ORIENTED_EDGE ( 'NONE', *, *, #1308, .F. ) ;
#440 = LINE ( 'NONE', #244, #2090 ) ;
#441 = DIRECTION ( 'NONE',  ( 1.000000000000000000, 0.000000000000000000, 0.000000000000000000 ) ) ;
#442 = ORIENTED_EDGE ( 'NONE', *, *, #556, .F. ) ;
#443 = ORIENTED_EDGE ( 'NONE', *, *, #1562, .F. ) ;
#444 = CARTESIAN_POINT ( 'NONE',  ( 171.4000000000000341, -125.5000000000000000, -5.000000000000000000 ) ) ;
#445 = DIRECTION ( 'NONE',  ( 0.000000000000000000, 0.000000000000000000, -1.000000000000000000 ) ) ;
#446 = CIRCLE ( 'NONE', #415, 2.000000000000001776 ) ;
#447 = CARTESIAN_POINT ( 'NONE',  ( 102.3741728012619348, -130.2748471344536938, -4.771009218559790099 ) ) ;
#448 = DIRECTION ( 'NONE',  ( -0.000000000000000000, -1.000000000000000000, -0.000000000000000000 ) ) ;
#449 = TOROIDAL_SURFACE ( 'NONE', #1647, 5.499999999999994671, 2.000000000000000000 ) ;
#450 = EDGE_CURVE ( 'NONE', #2101, #29, #1880, .T. ) ;
#451 = B_SPLINE_CURVE_WITH_KNOTS ( 'NONE', 3,
 ( #503, #652, #276, #89, #806, #1696, #1210 ),
 .UNSPECIFIED., .F., .F.,
 ( 4, 3, 4 ),
 ( 0.000000000000000000, 0.0001347936555477696004, 0.0001952526514628892833 ),
 .UNSPECIFIED. ) ;
#452 = ORIENTED_EDGE ( 'NONE', *, *, #1321, .T. ) ;
#453 = ORIENTED_EDGE ( 'NONE', *, *, #366, .T. ) ;
#454 = CARTESIAN_POINT ( 'NONE',  ( 175.4000000000000057, -127.9500000000000028, -11.00000000000000000 ) ) ;
#455 = DIRECTION ( 'NONE',  ( -0.000000000000000000, -0.000000000000000000, 1.000000000000000000 ) ) ;
#456 = EDGE_CURVE ( 'NONE', #2101, #987, #1266, .T. ) ;
#457 = AXIS2_PLACEMENT_3D ( 'NONE', #637, #133, #1542 ) ;
#458 = ORIENTED_EDGE ( 'NONE', *, *, #1348, .F. ) ;
#459 = VECTOR ( 'NONE', #1457, 1000.000000000000000 ) ;
#460 = AXIS2_PLACEMENT_3D ( 'NONE', #102, #1342, #92 ) ;
#461 = ORIENTED_EDGE ( 'NONE', *, *, #1607, .F. ) ;
#462 = DIRECTION ( 'NONE',  ( 0.000000000000000000, -0.000000000000000000, 1.000000000000000000 ) ) ;
#463 = DIRECTION ( 'NONE',  ( -0.000000000000000000, -0.000000000000000000, 1.000000000000000000 ) ) ;
#464 = CARTESIAN_POINT ( 'NONE',  ( 159.4000000000000057, -86.00000000000001421, -5.000000000000000000 ) ) ;
#465 = CARTESIAN_POINT ( 'NONE',  ( 180.9000000000000341, -127.9500000000000028, -4.999999999999999112 ) ) ;
#466 = ORIENTED_EDGE ( 'NONE', *, *, #1918, .F. ) ;
#467 = ORIENTED_EDGE ( 'NONE', *, *, #743, .T. ) ;
#468 = DIRECTION ( 'NONE',  ( -0.000000000000000000, -0.000000000000000000, -1.000000000000000000 ) ) ;
#469 = CARTESIAN_POINT ( 'NONE',  ( 175.4000000000000057, -127.9500000000000028, -2.999999999999999112 ) ) ;
#470 = ORIENTED_EDGE ( 'NONE', *, *, #655, .T. ) ;
#471 = ORIENTED_EDGE ( 'NONE', *, *, #1236, .T. ) ;
#472 = FACE_BOUND ( 'NONE', #1085, .T. ) ;
#473 = DIRECTION ( 'NONE',  ( 0.000000000000000000, 0.000000000000000000, 1.000000000000000000 ) ) ;
#474 = CARTESIAN_POINT ( 'NONE',  ( 175.4000000000000057, -127.9500000000000028, 0.000000000000000000 ) ) ;
#475 = LINE ( 'NONE', #1906, #345 ) ;
#476 = CARTESIAN_POINT ( 'NONE',  ( 105.0000000000000000, -78.20000000000000284, 0.000000000000000000 ) ) ;
#477 = CARTESIAN_POINT ( 'NONE',  ( 172.8545454545454447, -130.3522200475861723, -3.012687179830223716 ) ) ;
#478 = CARTESIAN_POINT ( 'NONE',  ( 115.0000000000000000, -86.00000000000001421, -11.00000000000000000 ) ) ;
#479 = VERTEX_POINT ( 'NONE', #975 ) ;
#480 = EDGE_CURVE ( 'NONE', #2302, #255, #1364, .T. ) ;
#481 = EDGE_CURVE ( 'NONE', #375, #1957, #1350, .T. ) ;
#482 = VERTEX_POINT ( 'NONE', #1733 ) ;
#483 = DIRECTION ( 'NONE',  ( -0.000000000000000000, -0.000000000000000000, 1.000000000000000000 ) ) ;
#484 = CARTESIAN_POINT ( 'NONE',  ( 108.7959268031814446, -66.00000000000001421, 21.32117613764881270 ) ) ;
#485 = EDGE_CURVE ( 'NONE', #1079, #882, #446, .T. ) ;
#486 = DIRECTION ( 'NONE',  ( -0.000000000000000000, 0.000000000000000000, -1.000000000000000000 ) ) ;
#487 = LINE ( 'NONE', #323, #976 ) ;
#488 = EDGE_LOOP ( 'NONE', ( #1280, #2220 ) ) ;
#489 = CARTESIAN_POINT ( 'NONE',  ( 105.0000000000000000, -78.20000000000000284, -11.00000000000000000 ) ) ;
#490 = CARTESIAN_POINT ( 'NONE',  ( 94.99999999999998579, -59.00000000000001421, -5.000000000000000000 ) ) ;
#491 = CIRCLE ( 'NONE', #935, 2.000000000000000000 ) ;
#492 = DIRECTION ( 'NONE',  ( 1.000000000000000000, 0.000000000000000000, 0.000000000000000000 ) ) ;
#493 = CIRCLE ( 'NONE', #342, 1.999999999999991118 ) ;
#494 = VERTEX_POINT ( 'NONE', #805 ) ;
#495 = CIRCLE ( 'NONE', #2284, 3.499999999999989342 ) ;
#496 = VERTEX_POINT ( 'NONE', #826 ) ;
#497 = DIRECTION ( 'NONE',  ( -1.000000000000000000, 0.000000000000000000, 0.000000000000000000 ) ) ;
#498 = DIRECTION ( 'NONE',  ( -0.000000000000000000, 0.000000000000000000, -1.000000000000000000 ) ) ;
#499 = VECTOR ( 'NONE', #1349, 1000.000000000000000 ) ;
#500 = VECTOR ( 'NONE', #1956, 1000.000000000000000 ) ;
#501 = ADVANCED_FACE ( 'NONE', ( #848 ), #1182, .T. ) ;
#502 = CARTESIAN_POINT ( 'NONE',  ( 104.3812020579762248, -131.4007680505585540, -4.695496396211765067 ) ) ;
#503 = CARTESIAN_POINT ( 'NONE',  ( 107.5454545454545467, -130.3522200475861439, -3.012687179830215278 ) ) ;
#504 = VERTEX_POINT ( 'NONE', #1554 ) ;
#505 = DIRECTION ( 'NONE',  ( 1.000000000000000000, 0.000000000000000000, 0.000000000000000000 ) ) ;
#506 = LINE ( 'NONE', #1162, #1758 ) ;
#507 = DIRECTION ( 'NONE',  ( 0.000000000000000000, -0.000000000000000000, 1.000000000000000000 ) ) ;
#508 = ORIENTED_EDGE ( 'NONE', *, *, #2257, .T. ) ;
#509 = VERTEX_POINT ( 'NONE', #311 ) ;
#510 = CARTESIAN_POINT ( 'NONE',  ( 107.6695688034725436, -130.2135100011747113, -4.949778226999664632 ) ) ;
#511 = FACE_OUTER_BOUND ( 'NONE', #837, .T. ) ;
#512 = CARTESIAN_POINT ( 'NONE',  ( 104.6943520993241066, -131.4371406790760375, -4.473573762413897370 ) ) ;
#513 = CARTESIAN_POINT ( 'NONE',  ( 175.4250000000000114, -78.22500000000000853, 1.371604415045033344E-15 ) ) ;
#514 = EDGE_CURVE ( 'NONE', #942, #932, #1791, .T. ) ;
#515 = ORIENTED_EDGE ( 'NONE', *, *, #1456, .F. ) ;
#516 = DIRECTION ( 'NONE',  ( 0.000000000000000000, 0.000000000000000000, -1.000000000000000000 ) ) ;
#517 = CARTESIAN_POINT ( 'NONE',  ( 173.9300028099484337, -131.4999999999998579, -4.999999999999712230 ) ) ;
#518 = CARTESIAN_POINT ( 'NONE',  ( 160.2000000000000171, -66.00000000000001421, 19.89890000000001535 ) ) ;
#519 = EDGE_LOOP ( 'NONE', ( #160, #1740, #1962, #1913 ) ) ;
#520 = CARTESIAN_POINT ( 'NONE',  ( 109.0668921598354473, -131.5000000006909602, -5.000000000078197004 ) ) ;
#521 = CARTESIAN_POINT ( 'NONE',  ( 106.5584752747024169, -131.0915465156112418, -3.544213174690102441 ) ) ;
#522 = EDGE_CURVE ( 'NONE', #1623, #882, #2201, .T. ) ;
#523 = CARTESIAN_POINT ( 'NONE',  ( 104.8091611696390828, -131.5000000000000284, -5.000000000000078160 ) ) ;
#524 = LINE ( 'NONE', #2154, #2015 ) ;
#525 = VERTEX_POINT ( 'NONE', #1144 ) ;
#526 = DIRECTION ( 'NONE',  ( -1.734723475976807341E-16, 0.000000000000000000, -1.000000000000000000 ) ) ;
#527 = CARTESIAN_POINT ( 'NONE',  ( 175.3430531471660743, -131.4501094194626205, -4.556344669333358688 ) ) ;
#528 = CYLINDRICAL_SURFACE ( 'NONE', #1585, 1.499999999999987566 ) ;
#529 = CIRCLE ( 'NONE', #898, 1.500000000000001332 ) ;
#530 = ORIENTED_EDGE ( 'NONE', *, *, #1323, .F. ) ;
#531 = ADVANCED_FACE ( 'NONE', ( #1337 ), #629, .F. ) ;
#532 = ORIENTED_EDGE ( 'NONE', *, *, #1806, .T. ) ;
#533 = FACE_BOUND ( 'NONE', #2279, .T. ) ;
#534 = AXIS2_PLACEMENT_3D ( 'NONE', #1566, #2271, #1183 ) ;
#535 = CARTESIAN_POINT ( 'NONE',  ( 103.0683472259709959, -130.9072759051916819, -4.433498552464978815 ) ) ;
#536 = TOROIDAL_SURFACE ( 'NONE', #2249, 5.500000000000020428, 2.000000000000000000 ) ;
#537 = CARTESIAN_POINT ( 'NONE',  ( 185.4000000000000057, -59.00000000000001421, -5.000000000000000000 ) ) ;
#538 = CIRCLE ( 'NONE', #1241, 1.500000000000001332 ) ;
#539 = ORIENTED_EDGE ( 'NONE', *, *, #456, .F. ) ;
#540 = PLANE ( 'NONE',  #1646 ) ;
#541 = CARTESIAN_POINT ( 'NONE',  ( 176.9804584008984136, -131.0811732915779828, -3.527620737916338900 ) ) ;
#542 = DIRECTION ( 'NONE',  ( 0.000000000000000000, 0.000000000000000000, -1.000000000000000000 ) ) ;
#543 = EDGE_CURVE ( 'NONE', #1798, #2227, #1455, .T. ) ;
#544 = VERTEX_POINT ( 'NONE', #591 ) ;
#545 = CARTESIAN_POINT ( 'NONE',  ( 105.6288320362985473, -131.3947684964043674, -4.267690163863938402 ) ) ;
#546 = CARTESIAN_POINT ( 'NONE',  ( 102.1962160138085807, -131.5000000000002274, -5.000000000000127898 ) ) ;
#547 = CARTESIAN_POINT ( 'NONE',  ( 100.9999999999999858, -125.5000000000000000, -5.000000000000000000 ) ) ;
#548 = ORIENTED_EDGE ( 'NONE', *, *, #897, .T. ) ;
#549 = DIRECTION ( 'NONE',  ( 1.000000000000000000, 0.000000000000000000, 0.000000000000000000 ) ) ;
#550 = CARTESIAN_POINT ( 'NONE',  ( 175.5705290686127000, -131.4496304809792662, -4.779832449234370451 ) ) ;
#551 = SHAPE_DEFINITION_REPRESENTATION ( #1269, #729 ) ;
#552 = ORIENTED_EDGE ( 'NONE', *, *, #23, .F. ) ;
#553 = CARTESIAN_POINT ( 'NONE',  ( 169.8999999999999773, -127.9500000000000028, -2.999999999999999112 ) ) ;
#554 = ADVANCED_FACE ( 'NONE', ( #1289 ), #732, .F. ) ;
#555 = CARTESIAN_POINT ( 'NONE',  ( 106.1956559167094554, -131.2618294229364437, -4.551390170591236739 ) ) ;
#556 = EDGE_CURVE ( 'NONE', #1839, #1817, #38, .T. ) ;
#557 = CARTESIAN_POINT ( 'NONE',  ( 167.1755134605149351, -59.00000000000001421, 23.99999999999999289 ) ) ;
#558 = ORIENTED_EDGE ( 'NONE', *, *, #774, .F. ) ;
#559 = LINE ( 'NONE', #1254, #866 ) ;
#560 = CARTESIAN_POINT ( 'NONE',  ( 173.9495395395734931, -131.1610667088829700, -4.491850460383195021 ) ) ;
#561 = CARTESIAN_POINT ( 'NONE',  ( 160.2000000000000171, -59.00000000000001421, 16.00000000000000355 ) ) ;
#562 = AXIS2_PLACEMENT_3D ( 'NONE', #259, #1023, #815 ) ;
#563 = ORIENTED_EDGE ( 'NONE', *, *, #713, .F. ) ;
#564 = CIRCLE ( 'NONE', #188, 3.898900000000010913 ) ;
#565 = DIRECTION ( 'NONE',  ( -1.000000000000000000, 0.000000000000000000, 0.000000000000000000 ) ) ;
#566 = VECTOR ( 'NONE', #90, 1000.000000000000000 ) ;
#567 = AXIS2_PLACEMENT_3D ( 'NONE', #454, #126, #843 ) ;
#568 = DIRECTION ( 'NONE',  ( 0.000000000000000000, -1.000000000000000000, 0.000000000000000000 ) ) ;
#569 = CIRCLE ( 'NONE', #1864, 6.000000000000005329 ) ;
#570 = EDGE_CURVE ( 'NONE', #482, #1957, #599, .T. ) ;
#571 = ADVANCED_FACE ( 'NONE', ( #2018 ), #237, .F. ) ;
#572 = EDGE_LOOP ( 'NONE', ( #778, #2253, #318, #2194 ) ) ;
#573 = AXIS2_PLACEMENT_3D ( 'NONE', #1753, #463, #1022 ) ;
#574 = DIRECTION ( 'NONE',  ( -0.000000000000000000, -0.000000000000000000, 1.000000000000000000 ) ) ;
#575 = LINE ( 'NONE', #1314, #833 ) ;
#576 = FACE_OUTER_BOUND ( 'NONE', #1650, .T. ) ;
#577 = CIRCLE ( 'NONE', #1164, 6.000000000000005329 ) ;
#578 = ORIENTED_EDGE ( 'NONE', *, *, #1412, .F. ) ;
#579 = CIRCLE ( 'NONE', #836, 1.752599999999993052 ) ;
#580 = DIRECTION ( 'NONE',  ( 0.000000000000000000, -0.000000000000000000, -1.000000000000000000 ) ) ;
#581 = VERTEX_POINT ( 'NONE', #202 ) ;
#582 = DIRECTION ( 'NONE',  ( -1.000000000000000000, 0.000000000000000000, 0.000000000000000000 ) ) ;
#583 = EDGE_LOOP ( 'NONE', ( #1823, #1478 ) ) ;
#584 = EDGE_CURVE ( 'NONE', #1249, #2302, #791, .T. ) ;
#585 = CARTESIAN_POINT ( 'NONE',  ( 185.4000000000000057, -66.00000000000001421, 0.000000000000000000 ) ) ;
#586 = CARTESIAN_POINT ( 'NONE',  ( 120.1999999999999886, -66.00000000000001421, 16.00000000000000355 ) ) ;
#587 = ADVANCED_FACE ( 'NONE', ( #768 ), #2011, .F. ) ;
#588 = ORIENTED_EDGE ( 'NONE', *, *, #897, .F. ) ;
#589 = CARTESIAN_POINT ( 'NONE',  ( 159.4000000000000057, -92.00000000000002842, -5.000000000000000000 ) ) ;
#590 = ORIENTED_EDGE ( 'NONE', *, *, #2107, .T. ) ;
#591 = CARTESIAN_POINT ( 'NONE',  ( 106.4999999999999858, -127.9500000000000028, 1.371604415045033344E-15 ) ) ;
#592 = FACE_OUTER_BOUND ( 'NONE', #433, .T. ) ;
#593 = ORIENTED_EDGE ( 'NONE', *, *, #2041, .F. ) ;
#594 = CARTESIAN_POINT ( 'NONE',  ( 175.4000000000000057, -127.9500000000000028, -5.000000000000000000 ) ) ;
#595 = VERTEX_POINT ( 'NONE', #61 ) ;
#596 = CARTESIAN_POINT ( 'NONE',  ( 100.9999999999999858, -125.5000000000000000, -5.000000000000000000 ) ) ;
#597 = EDGE_CURVE ( 'NONE', #1239, #375, #302, .T. ) ;
#598 = ORIENTED_EDGE ( 'NONE', *, *, #2206, .T. ) ;
#599 = LINE ( 'NONE', #223, #1465 ) ;
#600 = CARTESIAN_POINT ( 'NONE',  ( 94.99999999999995737, -68.07106781186548972, -5.000000000000000000 ) ) ;
#601 = DIRECTION ( 'NONE',  ( -0.000000000000000000, -0.000000000000000000, -1.000000000000000000 ) ) ;
#602 = AXIS2_PLACEMENT_3D ( 'NONE', #1853, #1282, #1991 ) ;
#603 = VERTEX_POINT ( 'NONE', #434 ) ;
#604 = CARTESIAN_POINT ( 'NONE',  ( 102.4545454545454675, -130.3522200475861723, -3.012687179830223716 ) ) ;
#605 = CIRCLE ( 'NONE', #1353, 1.499999999999987566 ) ;
#606 = DIRECTION ( 'NONE',  ( 1.000000000000000000, 0.000000000000000000, 0.000000000000000000 ) ) ;
#607 = CIRCLE ( 'NONE', #1315, 6.000000000000005329 ) ;
#608 = ORIENTED_EDGE ( 'NONE', *, *, #2071, .T. ) ;
#609 = EDGE_CURVE ( 'NONE', #2136, #1820, #988, .T. ) ;
#610 = EDGE_CURVE ( 'NONE', #1556, #170, #998, .T. ) ;
#611 = CARTESIAN_POINT ( 'NONE',  ( 109.0000000000000000, -131.7249172176353795, -3.012687179830215278 ) ) ;
#612 = CARTESIAN_POINT ( 'NONE',  ( 176.5538563900980478, -131.2616121636807804, -3.856887489275479641 ) ) ;
#613 = CYLINDRICAL_SURFACE ( 'NONE', #675, 1.500000000000001332 ) ;
#614 = CARTESIAN_POINT ( 'NONE',  ( 177.5458847620762697, -130.7539758472851759, -4.440105097204651408 ) ) ;
#615 = ORIENTED_EDGE ( 'NONE', *, *, #65, .F. ) ;
#616 = CARTESIAN_POINT ( 'NONE',  ( 169.9249999999999829, -78.22500000000002274, -4.999999999999999112 ) ) ;
#617 = DIRECTION ( 'NONE',  ( 0.000000000000000000, -1.000000000000000000, 0.000000000000000000 ) ) ;
#618 = ORIENTED_EDGE ( 'NONE', *, *, #1603, .T. ) ;
#619 = CARTESIAN_POINT ( 'NONE',  ( 175.4250000000000114, -78.22500000000000853, -11.00000000000000000 ) ) ;
#620 = ADVANCED_FACE ( 'NONE', ( #472, #1142, #1334 ), #2064, .T. ) ;
#621 = CARTESIAN_POINT ( 'NONE',  ( 175.2836163490359525, -131.4486813917347661, -4.546033075457891037 ) ) ;
#622 = ADVANCED_FACE ( 'NONE', ( #85 ), #272, .F. ) ;
#623 = CARTESIAN_POINT ( 'NONE',  ( 115.0000000000000000, -86.00000000000001421, -11.00000000000000000 ) ) ;
#624 = LINE ( 'NONE', #849, #1201 ) ;
#625 = ORIENTED_EDGE ( 'NONE', *, *, #2071, .F. ) ;
#626 = EDGE_LOOP ( 'NONE', ( #1020, #1561, #466, #442 ) ) ;
#627 = CARTESIAN_POINT ( 'NONE',  ( 102.3304331992749212, -130.2135123760350552, -4.949760237844820665 ) ) ;
#628 = DIRECTION ( 'NONE',  ( 1.000000000000000000, 0.000000000000000000, 0.000000000000000000 ) ) ;
#629 =( BOUNDED_SURFACE ( )  B_SPLINE_SURFACE ( 3, 2, ( 
 ( #1852, #1194, #1684 ),
 ( #88, #447, #1057 ),
 ( #1927, #2304, #357 ),
 ( #1434, #1034, #1419 ),
 ( #1756, #1410, #322 ),
 ( #706, #1743, #546 ),
 ( #1066, #535, #2127 ),
 ( #1592, #905, #1577 ),
 ( #2296, #1242, #859 ),
 ( #697, #1951, #1777 ),
 ( #177, #502, #365 ),
 ( #512, #1386, #1075 ),
 ( #2091, #2105, #2115 ),
 ( #334, #1046, #523 ),
 ( #1228, #1938, #2006 ),
 ( #1276, #1988, #1102 ),
 ( #16, #413, #1481 ),
 ( #1112, #424, #2177 ),
 ( #928, #1842, #1445 ),
 ( #779, #555, #1092 ),
 ( #1123, #1492, #393 ),
 ( #1258, #918, #1133 ),
 ( #2186, #1811, #379 ),
 ( #213, #1632, #1621 ),
 ( #2162, #1472, #1833 ),
 ( #2195, #1997, #1801 ) ),
 .UNSPECIFIED., .F., .F., .T. ) 
 B_SPLINE_SURFACE_WITH_KNOTS ( ( 4, 2, 2, 2, 2, 2, 2, 2, 2, 2, 2, 2, 4 ),
 ( 3, 3 ),
 ( 0.003681970924375036706, 0.004279589748941995536, 0.004877208573508953933, 0.006072446222642870726, 0.007267683871776788387, 0.007865302696343747652, 0.008164112108627226416, 0.008462921520910705181, 0.009060540345477662710, 0.009658159170044621974, 0.01085339681917853877, 0.01204863446831245556, 0.01324387211744637236 ),
 ( 0.000000000000000000, 1.000000000000000000 ),
 .UNSPECIFIED. ) 
 GEOMETRIC_REPRESENTATION_ITEM ( )  RATIONAL_B_SPLINE_SURFACE ( (
 ( 1.000000000000000000, 0.7338888904445430850, 1.000000000000000000),
 ( 1.000000000000000000, 0.7517346391591855914, 1.000000000000000000),
 ( 1.000000000000000000, 0.7697367091418663154, 1.000000000000000000),
 ( 1.000000000000000000, 0.8050409898141170917, 1.000000000000000000),
 ( 1.000000000000000000, 0.8221514176630143611, 1.000000000000000000),
 ( 1.000000000000000000, 0.8701441953671371632, 1.000000000000000000),
 ( 1.000000000000000000, 0.8982151102330734327, 1.000000000000000000),
 ( 1.000000000000000000, 0.9442942260394026066, 1.000000000000000000),
 ( 1.000000000000000000, 0.9619737534859356121, 1.000000000000000000),
 ( 1.000000000000000000, 0.9804552146025480308, 1.000000000000000000),
 ( 1.000000000000000000, 0.9852978643519333390, 1.000000000000000000),
 ( 1.000000000000000000, 0.9902898429988596929, 1.000000000000000000),
 ( 1.000000000000000000, 0.9915739677724688672, 1.000000000000000000),
 ( 1.000000000000000000, 0.9933131340176237778, 1.000000000000000000),
 ( 1.000000000000000000, 0.9937596426541789318, 1.000000000000000000),
 ( 1.000000000000000000, 0.9936670973133815421, 1.000000000000000000),
 ( 1.000000000000000000, 0.9917146499897562251, 1.000000000000000000),
 ( 1.000000000000000000, 0.9848948550348599618, 1.000000000000000000),
 ( 1.000000000000000000, 0.9800451901632750706, 1.000000000000000000),
 ( 1.000000000000000000, 0.9614177340639979974, 1.000000000000000000),
 ( 1.000000000000000000, 0.9434111595416376783, 1.000000000000000000),
 ( 1.000000000000000000, 0.8978436044166870911, 1.000000000000000000),
 ( 1.000000000000000000, 0.8701790703535901006, 1.000000000000000000),
 ( 1.000000000000000000, 0.8059241284968476915, 1.000000000000000000),
 ( 1.000000000000000000, 0.7697490220991914933, 1.000000000000000000),
 ( 1.000000000000000000, 0.7338888904445468597, 1.000000000000000000) ) ) 
 REPRESENTATION_ITEM ( '' )  SURFACE ( )  );
#630 = ORIENTED_EDGE ( 'NONE', *, *, #655, .F. ) ;
#631 = VERTEX_POINT ( 'NONE', #1850 ) ;
#632 = CARTESIAN_POINT ( 'NONE',  ( 101.5000000000000000, -78.20000000000000284, 9.899494936611741736 ) ) ;
#633 = AXIS2_PLACEMENT_3D ( 'NONE', #1781, #1050, #1437 ) ;
#634 = CARTESIAN_POINT ( 'NONE',  ( 171.1961834435334424, -131.4965372350474127, -2.999999999999999112 ) ) ;
#635 = TOROIDAL_SURFACE ( 'NONE', #1935, 5.499999999999994671, 2.000000000000000000 ) ;
#636 = DIRECTION ( 'NONE',  ( 1.000000000000000000, 0.000000000000000000, 0.000000000000000000 ) ) ;
#637 = CARTESIAN_POINT ( 'NONE',  ( 105.0000000000000000, -78.20000000000000284, -5.000000000000000000 ) ) ;
#638 = EDGE_CURVE ( 'NONE', #987, #2101, #899, .T. ) ;
#639 = CIRCLE ( 'NONE', #1975, 1.752599999999993052 ) ;
#640 = EDGE_LOOP ( 'NONE', ( #458, #2082, #1999, #467 ) ) ;
#641 = AXIS2_PLACEMENT_3D ( 'NONE', #1303, #2013, #421 ) ;
#642 = DIRECTION ( 'NONE',  ( 0.000000000000000000, 0.000000000000000000, 1.000000000000000000 ) ) ;
#643 = CARTESIAN_POINT ( 'NONE',  ( 99.50000000000000000, -78.20000000000000284, -4.999999999999999112 ) ) ;
#644 = DIRECTION ( 'NONE',  ( -1.000000000000000000, 0.000000000000000000, -0.000000000000000000 ) ) ;
#645 = AXIS2_PLACEMENT_3D ( 'NONE', #2009, #1128, #44 ) ;
#646 = ORIENTED_EDGE ( 'NONE', *, *, #2235, .T. ) ;
#647 = AXIS2_PLACEMENT_3D ( 'NONE', #809, #617, #1522 ) ;
#648 = ORIENTED_EDGE ( 'NONE', *, *, #1500, .F. ) ;
#649 = CARTESIAN_POINT ( 'NONE',  ( 109.0000000000000000, -131.5000000000000000, -11.00000000000000000 ) ) ;
#650 = CARTESIAN_POINT ( 'NONE',  ( 175.4000000000000057, -127.9500000000000028, -2.999999999999999112 ) ) ;
#651 = CARTESIAN_POINT ( 'NONE',  ( 102.4545454545454390, -130.3522200475861439, -3.012687179830218831 ) ) ;
#652 = CARTESIAN_POINT ( 'NONE',  ( 107.5760382516465654, -130.3198127608258972, -3.006923580457828038 ) ) ;
#653 = VERTEX_POINT ( 'NONE', #1703 ) ;
#654 = DIRECTION ( 'NONE',  ( -0.000000000000000000, 0.000000000000000000, -1.000000000000000000 ) ) ;
#655 = EDGE_CURVE ( 'NONE', #509, #144, #1900, .T. ) ;
#656 = CARTESIAN_POINT ( 'NONE',  ( 160.2000000000000171, -63.53096428758156833, 14.24740000000001139 ) ) ;
#657 = ORIENTED_EDGE ( 'NONE', *, *, #69, .T. ) ;
#658 = EDGE_CURVE ( 'NONE', #1820, #2227, #564, .T. ) ;
#659 = ORIENTED_EDGE ( 'NONE', *, *, #329, .T. ) ;
#660 = CARTESIAN_POINT ( 'NONE',  ( 102.4545454545454390, -130.3522200475861439, -3.012687179830218831 ) ) ;
#661 = CARTESIAN_POINT ( 'NONE',  ( 101.5000000000000000, -78.20000000000000284, 0.000000000000000000 ) ) ;
#662 = DIRECTION ( 'NONE',  ( -0.000000000000000000, 0.000000000000000000, -1.000000000000000000 ) ) ;
#663 = DIRECTION ( 'NONE',  ( 1.000000000000000000, 0.000000000000000000, 0.000000000000000000 ) ) ;
#664 = EDGE_LOOP ( 'NONE', ( #846, #1440, #740, #1041 ) ) ;
#665 = CARTESIAN_POINT ( 'NONE',  ( 185.4000000000000057, -59.00000000000001421, -5.000000000000000000 ) ) ;
#666 = CARTESIAN_POINT ( 'NONE',  ( 120.1999999999999886, -63.53096428758156833, 16.00000000000000355 ) ) ;
#667 = FACE_OUTER_BOUND ( 'NONE', #1766, .T. ) ;
#668 = VERTEX_POINT ( 'NONE', #1346 ) ;
#669 = EDGE_CURVE ( 'NONE', #1332, #404, #165, .T. ) ;
#670 = EDGE_LOOP ( 'NONE', ( #349, #1587, #2048, #716 ) ) ;
#671 = CARTESIAN_POINT ( 'NONE',  ( 105.0000000000000000, -127.9500000000000028, -2.999999999999999112 ) ) ;
#672 = CARTESIAN_POINT ( 'NONE',  ( 101.5000000000000000, -127.9500000000000028, 0.000000000000000000 ) ) ;
#673 = CIRCLE ( 'NONE', #1969, 6.000000000000005329 ) ;
#674 = CARTESIAN_POINT ( 'NONE',  ( 120.1999999999999886, -59.00000000000001421, 17.75259999999999749 ) ) ;
#675 = AXIS2_PLACEMENT_3D ( 'NONE', #474, #2039, #636 ) ;
#676 = VERTEX_POINT ( 'NONE', #105 ) ;
#677 = DIRECTION ( 'NONE',  ( 0.000000000000000000, 0.000000000000000000, 1.000000000000000000 ) ) ;
#678 = CARTESIAN_POINT ( 'NONE',  ( 106.4999999999999858, -78.20000000000000284, 0.000000000000000000 ) ) ;
#679 =( NAMED_UNIT ( * ) SI_UNIT ( $, .STERADIAN. ) SOLID_ANGLE_UNIT ( ) );
#680 = AXIS2_PLACEMENT_3D ( 'NONE', #589, #1295, #2003 ) ;
#681 = ORIENTED_EDGE ( 'NONE', *, *, #658, .T. ) ;
#682 = AXIS2_PLACEMENT_3D ( 'NONE', #56, #1508, #772 ) ;
#683 = ORIENTED_EDGE ( 'NONE', *, *, #1854, .T. ) ;
#684 = CARTESIAN_POINT ( 'NONE',  ( 94.99999999999998579, -71.00000000000002842, -5.000000000000000000 ) ) ;
#685 = CARTESIAN_POINT ( 'NONE',  ( 177.9760382516465711, -130.3198127608259540, -3.006923580457834699 ) ) ;
#686 = EDGE_CURVE ( 'NONE', #1660, #1467, #40, .T. ) ;
#687 = AXIS2_PLACEMENT_3D ( 'NONE', #106, #498, #2053 ) ;
#688 = CARTESIAN_POINT ( 'NONE',  ( 105.0000000000000000, -127.9500000000000028, 9.899494936611741736 ) ) ;
#689 = ORIENTED_EDGE ( 'NONE', *, *, #925, .T. ) ;
#690 = FACE_BOUND ( 'NONE', #214, .T. ) ;
#691 = CARTESIAN_POINT ( 'NONE',  ( 175.2785571079034241, -131.4484424105721700, -4.544478694746186598 ) ) ;
#692 = DIRECTION ( 'NONE',  ( -0.000000000000000000, -0.000000000000000000, 1.000000000000000000 ) ) ;
#693 = ORIENTED_EDGE ( 'NONE', *, *, #2193, .T. ) ;
#694 = VERTEX_POINT ( 'NONE', #649 ) ;
#695 = CARTESIAN_POINT ( 'NONE',  ( 172.7668130632285681, -130.2566345048030030, -3.000000002300212021 ) ) ;
#696 = DIRECTION ( 'NONE',  ( 0.000000000000000000, 0.000000000000000000, 1.000000000000000000 ) ) ;
#697 = CARTESIAN_POINT ( 'NONE',  ( 104.4010470217198758, -131.4002722221351291, -4.289631070244979583 ) ) ;
#698 = LINE ( 'NONE', #885, #1505 ) ;
#699 = EDGE_CURVE ( 'NONE', #1924, #2044, #2086, .T. ) ;
#700 = VERTEX_POINT ( 'NONE', #2233 ) ;
#701 = CARTESIAN_POINT ( 'NONE',  ( 165.4000000000000057, -86.00000000000001421, -11.00000000000000000 ) ) ;
#702 = CARTESIAN_POINT ( 'NONE',  ( 174.4587881771007289, -131.5000000000000568, -5.000000000000147438 ) ) ;
#703 = DIRECTION ( 'NONE',  ( 1.000000000000000000, 0.000000000000000000, 0.000000000000000000 ) ) ;
#704 = ORIENTED_EDGE ( 'NONE', *, *, #727, .T. ) ;
#705 = CARTESIAN_POINT ( 'NONE',  ( 105.1581817723773327, -131.4470192221548359, -4.534772148444430329 ) ) ;
#706 = CARTESIAN_POINT ( 'NONE',  ( 103.2157738276255401, -130.9706473802576454, -3.378837660431343703 ) ) ;
#707 = DIRECTION ( 'NONE',  ( 0.000000000000000000, 0.000000000000000000, 1.000000000000000000 ) ) ;
#708 = EDGE_LOOP ( 'NONE', ( #1406, #1378, #204, #1986 ) ) ;
#709 = PLANE ( 'NONE',  #823 ) ;
#710 = EDGE_CURVE ( 'NONE', #2231, #986, #1861, .T. ) ;
#711 = CARTESIAN_POINT ( 'NONE',  ( 171.4000000000000057, -131.5000000000000000, -5.000000000000000000 ) ) ;
#712 = CYLINDRICAL_SURFACE ( 'NONE', #86, 1.500000000000001332 ) ;
#713 = EDGE_CURVE ( 'NONE', #603, #868, #493, .T. ) ;
#714 = ORIENTED_EDGE ( 'NONE', *, *, #1067, .F. ) ;
#715 = VECTOR ( 'NONE', #283, 1000.000000000000000 ) ;
#716 = ORIENTED_EDGE ( 'NONE', *, *, #136, .T. ) ;
#717 = CARTESIAN_POINT ( 'NONE',  ( 107.4513715867997661, -130.4519127859755372, -3.030417420830131103 ) ) ;
#718 = CIRCLE ( 'NONE', #192, 3.500000000000003109 ) ;
#719 = AXIS2_PLACEMENT_3D ( 'NONE', #321, #1574, #1589 ) ;
#720 = DIRECTION ( 'NONE',  ( 0.000000000000000000, -0.000000000000000000, 1.000000000000000000 ) ) ;
#721 = ORIENTED_EDGE ( 'NONE', *, *, #514, .T. ) ;
#722 = CARTESIAN_POINT ( 'NONE',  ( 107.6751559904787001, -130.2068873313938298, -2.999999999999999112 ) ) ;
#723 = CARTESIAN_POINT ( 'NONE',  ( 173.2208578670165764, -130.6916845240755549, -3.144515403456911162 ) ) ;
#724 = APPLICATION_PROTOCOL_DEFINITION ( 'draft international standard', 'automotive_design', 1998, #1327 ) ;
#725 = EDGE_LOOP ( 'NONE', ( #282, #252, #728, #2172 ) ) ;
#726 = EDGE_CURVE ( 'NONE', #1855, #2231, #1866, .T. ) ;
#727 = EDGE_CURVE ( 'NONE', #1249, #1919, #789, .T. ) ;
#728 = ORIENTED_EDGE ( 'NONE', *, *, #412, .F. ) ;
#729 = ADVANCED_BREP_SHAPE_REPRESENTATION ( 'PCB_shelf_step', ( #2243, #1872 ), #949 ) ;
#730 = FACE_OUTER_BOUND ( 'NONE', #1176, .T. ) ;
#731 = B_SPLINE_CURVE_WITH_KNOTS ( 'NONE', 3,
 ( #2114, #927, #1240, #917, #1600, #1936, #344, #891, #1631, #1786, #1610, #1767, #902, #1, #705, #1409, #1669, #1950, #545, #26, #2151, #521, #1418, #1250, #166, #1257, #717, #355 ),
 .UNSPECIFIED., .F., .F.,
 ( 4, 2, 2, 2, 2, 2, 2, 2, 2, 2, 2, 2, 2, 4 ),
 ( 0.000000000000000000, 0.0008289430452601616751, 0.001657886090520323350, 0.002486829135780485242, 0.002901300658410541685, 0.003108536419725548006, 0.003315772181040554760, 0.003523007942355561514, 0.003730243703670567835, 0.004144715226300582644, 0.004973658271560627009, 0.005802601316820672241, 0.006217072839450679678, 0.006631544362080687115 ),
 .UNSPECIFIED. ) ;
#732 = CYLINDRICAL_SURFACE ( 'NONE', #1423, 1.752599999999993052 ) ;
#733 = DIRECTION ( 'NONE',  ( 0.000000000000000000, 0.000000000000000000, -1.000000000000000000 ) ) ;
#734 = ORIENTED_EDGE ( 'NONE', *, *, #699, .T. ) ;
#735 = DIRECTION ( 'NONE',  ( 0.000000000000000000, -0.000000000000000000, -1.000000000000000000 ) ) ;
#736 = CARTESIAN_POINT ( 'NONE',  ( 176.0076985251765791, -131.3987295074097972, -4.283271944647646379 ) ) ;
#737 = DIRECTION ( 'NONE',  ( 0.000000000000000000, 0.000000000000000000, -1.000000000000000000 ) ) ;
#738 = ORIENTED_EDGE ( 'NONE', *, *, #152, .F. ) ;
#739 = CARTESIAN_POINT ( 'NONE',  ( 172.7503199216372423, -130.2417799749707683, -4.857598992805484350 ) ) ;
#740 = ORIENTED_EDGE ( 'NONE', *, *, #356, .T. ) ;
#741 = EDGE_CURVE ( 'NONE', #1839, #850, #1388, .T. ) ;
#742 = FACE_OUTER_BOUND ( 'NONE', #430, .T. ) ;
#743 = EDGE_CURVE ( 'NONE', #1272, #1239, #1681, .T. ) ;
#744 = CARTESIAN_POINT ( 'NONE',  ( 105.0000000000000000, -78.20000000000000284, 0.000000000000000000 ) ) ;
#745 = CARTESIAN_POINT ( 'NONE',  ( 185.3999999999999773, -131.5000000000000000, -11.00000000000000000 ) ) ;
#746 = EDGE_CURVE ( 'NONE', #581, #2108, #873, .T. ) ;
#747 = ORIENTED_EDGE ( 'NONE', *, *, #425, .F. ) ;
#748 = CARTESIAN_POINT ( 'NONE',  ( 105.0000000000000000, -127.9500000000000028, 9.899494936611741736 ) ) ;
#749 = DIRECTION ( 'NONE',  ( -0.000000000000000000, -0.000000000000000000, 1.000000000000000000 ) ) ;
#750 = DIRECTION ( 'NONE',  ( 0.000000000000000000, 0.000000000000000000, 1.000000000000000000 ) ) ;
#751 = ORIENTED_EDGE ( 'NONE', *, *, #410, .F. ) ;
#752 = CARTESIAN_POINT ( 'NONE',  ( 107.6610847676098501, -130.2255779183552420, -4.901772738111950467 ) ) ;
#753 = VECTOR ( 'NONE', #992, 1000.000000000000000 ) ;
#754 = AXIS2_PLACEMENT_3D ( 'NONE', #1448, #887, #1612 ) ;
#755 = ORIENTED_EDGE ( 'NONE', *, *, #1666, .F. ) ;
#756 = VECTOR ( 'NONE', #264, 1000.000000000000000 ) ;
#757 = VECTOR ( 'NONE', #2218, 1000.000000000000000 ) ;
#758 = DIRECTION ( 'NONE',  ( -0.000000000000000000, -0.000000000000000000, 1.000000000000000000 ) ) ;
#759 = ADVANCED_FACE ( 'NONE', ( #1286 ), #864, .F. ) ;
#760 = ORIENTED_EDGE ( 'NONE', *, *, #2206, .F. ) ;
#761 = VECTOR ( 'NONE', #426, 1000.000000000000000 ) ;
#762 = DIRECTION ( 'NONE',  ( -1.000000000000000000, 0.000000000000000000, 0.000000000000000000 ) ) ;
#763 = CYLINDRICAL_SURFACE ( 'NONE', #1651, 1.500000000000001332 ) ;
#764 = VECTOR ( 'NONE', #1699, 1000.000000000000000 ) ;
#765 = ORIENTED_EDGE ( 'NONE', *, *, #1009, .T. ) ;
#766 = DIRECTION ( 'NONE',  ( 0.000000000000000000, -0.000000000000000000, 1.000000000000000000 ) ) ;
#767 = ORIENTED_EDGE ( 'NONE', *, *, #543, .F. ) ;
#768 = FACE_OUTER_BOUND ( 'NONE', #2014, .T. ) ;
#769 = CARTESIAN_POINT ( 'NONE',  ( 177.7555520513384408, -130.5418694664802786, -3.064693674133934564 ) ) ;
#770 = ORIENTED_EDGE ( 'NONE', *, *, #1903, .F. ) ;
#771 = FACE_BOUND ( 'NONE', #583, .T. ) ;
#772 = DIRECTION ( 'NONE',  ( 0.4642352275297610409, 0.000000000000000000, 0.8857119472607282162 ) ) ;
#773 = CARTESIAN_POINT ( 'NONE',  ( 185.4000000000000057, -66.00000000000001421, -5.000000000000000000 ) ) ;
#774 = EDGE_CURVE ( 'NONE', #653, #2063, #246, .T. ) ;
#775 = ORIENTED_EDGE ( 'NONE', *, *, #2282, .F. ) ;
#776 = EDGE_CURVE ( 'NONE', #2130, #1670, #639, .T. ) ;
#777 = CARTESIAN_POINT ( 'NONE',  ( 100.8647138686116307, -131.4988665180541432, -5.000000000000000000 ) ) ;
#778 = ORIENTED_EDGE ( 'NONE', *, *, #699, .F. ) ;
#779 = CARTESIAN_POINT ( 'NONE',  ( 105.9428681492082660, -131.3283325035192206, -4.030208654318701456 ) ) ;
#780 = CARTESIAN_POINT ( 'NONE',  ( 177.5597590735014251, -130.7071459051462909, -3.154377845838964856 ) ) ;
#781 = CARTESIAN_POINT ( 'NONE',  ( 115.0000000000000000, -92.00000000000002842, -11.00000000000000000 ) ) ;
#782 = CYLINDRICAL_SURFACE ( 'NONE', #978, 3.499999999999989342 ) ;
#783 = ORIENTED_EDGE ( 'NONE', *, *, #726, .F. ) ;
#784 = CARTESIAN_POINT ( 'NONE',  ( 105.0000000000000000, -127.9500000000000028, -2.999999999999999112 ) ) ;
#785 = ADVANCED_FACE ( 'NONE', ( #2280 ), #1441, .F. ) ;
#786 = CARTESIAN_POINT ( 'NONE',  ( 105.0000000000000000, -78.20000000000000284, -11.00000000000000000 ) ) ;
#787 = EDGE_LOOP ( 'NONE', ( #1745, #760, #1642, #1483 ) ) ;
#788 = AXIS2_PLACEMENT_3D ( 'NONE', #1725, #1568, #1546 ) ;
#789 = LINE ( 'NONE', #1503, #76 ) ;
#790 = CARTESIAN_POINT ( 'NONE',  ( 171.4000000000000341, -125.5000000000000000, -11.00000000000000000 ) ) ;
#791 = CIRCLE ( 'NONE', #1714, 1.752599999999993052 ) ;
#792 = CYLINDRICAL_SURFACE ( 'NONE', #2199, 3.500000000000031086 ) ;
#793 = DIRECTION ( 'NONE',  ( -0.000000000000000000, -1.000000000000000000, -0.000000000000000000 ) ) ;
#794 = AXIS2_PLACEMENT_3D ( 'NONE', #594, #1300, #977 ) ;
#795 = VERTEX_POINT ( 'NONE', #130 ) ;
#796 = LINE ( 'NONE', #1687, #756 ) ;
#797 = AXIS2_PLACEMENT_3D ( 'NONE', #414, #1526, #2187 ) ;
#798 = CARTESIAN_POINT ( 'NONE',  ( 101.5000000000000000, -127.9500000000000028, -2.999999999999999112 ) ) ;
#799 = EDGE_CURVE ( 'NONE', #2144, #2231, #1267, .T. ) ;
#800 = AXIS2_PLACEMENT_3D ( 'NONE', #266, #2047, #1004 ) ;
#801 = ORIENTED_EDGE ( 'NONE', *, *, #2016, .F. ) ;
#802 = EDGE_CURVE ( 'NONE', #694, #1389, #2087, .T. ) ;
#803 = CARTESIAN_POINT ( 'NONE',  ( 121.0000000000000142, -86.00000000000001421, -11.00000000000000000 ) ) ;
#804 = DIRECTION ( 'NONE',  ( 0.000000000000000000, 0.000000000000000000, 1.000000000000000000 ) ) ;
#805 = CARTESIAN_POINT ( 'NONE',  ( 100.7961834435334509, -131.4965372350474127, -5.000000000000000000 ) ) ;
#806 = CARTESIAN_POINT ( 'NONE',  ( 107.6490051911641928, -130.2376139783290796, -3.000415117911519935 ) ) ;
#807 = ORIENTED_EDGE ( 'NONE', *, *, #1336, .F. ) ;
#808 = FACE_OUTER_BOUND ( 'NONE', #1501, .T. ) ;
#809 = CARTESIAN_POINT ( 'NONE',  ( 113.2244865394850848, -66.00000000000001421, 19.00000000000000355 ) ) ;
#810 = VERTEX_POINT ( 'NONE', #1408 ) ;
#811 = VERTEX_POINT ( 'NONE', #332 ) ;
#812 = ADVANCED_FACE ( 'NONE', ( #390 ), #1154, .F. ) ;
#813 = DIRECTION ( 'NONE',  ( 0.000000000000000000, -1.000000000000000000, 0.000000000000000000 ) ) ;
#814 = CARTESIAN_POINT ( 'NONE',  ( 173.8545519998300790, -131.0983002027689679, -3.553853597572714129 ) ) ;
#815 = DIRECTION ( 'NONE',  ( 0.7643302829939170318, -0.6448249518268029945, 0.000000000000000000 ) ) ;
#816 = PLANE ( 'NONE',  #82 ) ;
#817 = VERTEX_POINT ( 'NONE', #1044 ) ;
#818 = LINE ( 'NONE', #678, #1425 ) ;
#819 = CARTESIAN_POINT ( 'NONE',  ( 179.3999999999999773, -125.5000000000000000, -5.000000000000000000 ) ) ;
#820 = VERTEX_POINT ( 'NONE', #1226 ) ;
#821 = ORIENTED_EDGE ( 'NONE', *, *, #985, .F. ) ;
#822 = CARTESIAN_POINT ( 'NONE',  ( 121.0000000000000142, -92.00000000000002842, -11.00000000000000000 ) ) ;
#823 = AXIS2_PLACEMENT_3D ( 'NONE', #1920, #350, #1245 ) ;
#824 = DIRECTION ( 'NONE',  ( -0.000000000000000000, -1.000000000000000000, -0.000000000000000000 ) ) ;
#825 = ADVANCED_FACE ( 'NONE', ( #1588 ), #1347, .F. ) ;
#826 = CARTESIAN_POINT ( 'NONE',  ( 110.4999999999999858, -78.20000000000000284, -4.999999999999999112 ) ) ;
#827 = CARTESIAN_POINT ( 'NONE',  ( 165.4000000000000057, -86.00000000000001421, -11.00000000000000000 ) ) ;
#828 = ORIENTED_EDGE ( 'NONE', *, *, #1933, .T. ) ;
#829 = AXIS2_PLACEMENT_3D ( 'NONE', #1038, #1569, #300 ) ;
#830 = DIRECTION ( 'NONE',  ( -0.000000000000000000, 1.000000000000000000, -0.000000000000000000 ) ) ;
#831 = CARTESIAN_POINT ( 'NONE',  ( 167.1755134605149351, -66.00000000000001421, 18.99999999999999289 ) ) ;
#832 = CARTESIAN_POINT ( 'NONE',  ( 172.8545454545454447, -130.3522200475861723, -3.012687179830224160 ) ) ;
#833 = VECTOR ( 'NONE', #2022, 1000.000000000000000 ) ;
#834 = ORIENTED_EDGE ( 'NONE', *, *, #743, .F. ) ;
#835 = CIRCLE ( 'NONE', #1868, 2.000000000000005329 ) ;
#836 = AXIS2_PLACEMENT_3D ( 'NONE', #217, #1659, #737 ) ;
#837 = EDGE_LOOP ( 'NONE', ( #461, #2287, #2239, #1876, #2179 ) ) ;
#838 = CARTESIAN_POINT ( 'NONE',  ( 102.3248440095212999, -130.2068873313938298, -2.999999999999999112 ) ) ;
#839 = CARTESIAN_POINT ( 'NONE',  ( 109.0000000000000000, -131.5000000000000000, -5.000000000000000000 ) ) ;
#840 = DIRECTION ( 'NONE',  ( -0.000000000000000000, -0.000000000000000000, 1.000000000000000000 ) ) ;
#841 = FACE_BOUND ( 'NONE', #287, .T. ) ;
#842 = ORIENTED_EDGE ( 'NONE', *, *, #1067, .T. ) ;
#843 = DIRECTION ( 'NONE',  ( 1.000000000000000000, 0.000000000000000000, 0.000000000000000000 ) ) ;
#844 = ADVANCED_FACE ( 'NONE', ( #1099 ), #449, .F. ) ;
#845 = VERTEX_POINT ( 'NONE', #1808 ) ;
#846 = ORIENTED_EDGE ( 'NONE', *, *, #309, .F. ) ;
#847 = CARTESIAN_POINT ( 'NONE',  ( 105.0000000000000000, -127.9500000000000028, 1.371604415045033344E-15 ) ) ;
#848 = FACE_OUTER_BOUND ( 'NONE', #1172, .T. ) ;
#849 = CARTESIAN_POINT ( 'NONE',  ( 160.2000000000000171, -66.00000000000001421, 17.75259999999999749 ) ) ;
#850 = VERTEX_POINT ( 'NONE', #2203 ) ;
#851 = CYLINDRICAL_SURFACE ( 'NONE', #1150, 5.000000000000000888 ) ;
#852 = DIRECTION ( 'NONE',  ( -1.000000000000000000, 0.000000000000000000, 0.000000000000000000 ) ) ;
#853 = CARTESIAN_POINT ( 'NONE',  ( 180.9250000000000114, -78.22500000000000853, -2.999999999999999112 ) ) ;
#854 = ORIENTED_EDGE ( 'NONE', *, *, #1718, .F. ) ;
#855 = EDGE_CURVE ( 'NONE', #479, #2272, #796, .T. ) ;
#856 = ORIENTED_EDGE ( 'NONE', *, *, #65, .T. ) ;
#857 = DIRECTION ( 'NONE',  ( 0.000000000000000000, 0.000000000000000000, -1.000000000000000000 ) ) ;
#858 = CARTESIAN_POINT ( 'NONE',  ( 175.4250000000000114, -78.22500000000000853, 1.371604415045033344E-15 ) ) ;
#859 = CARTESIAN_POINT ( 'NONE',  ( 103.5300028099456995, -131.4999999999998010, -4.999999999999568345 ) ) ;
#860 = DIRECTION ( 'NONE',  ( 0.000000000000000000, -0.000000000000000000, 1.000000000000000000 ) ) ;
#861 = AXIS2_PLACEMENT_3D ( 'NONE', #748, #384, #762 ) ;
#862 = ORIENTED_EDGE ( 'NONE', *, *, #2029, .F. ) ;
#863 = LINE ( 'NONE', #1037, #2122 ) ;
#864 = CONICAL_SURFACE ( 'NONE', #2277, 3.898900000000010913, 0.7155849933176793298 ) ;
#865 = CYLINDRICAL_SURFACE ( 'NONE', #2049, 3.499999999999989342 ) ;
#866 = VECTOR ( 'NONE', #735, 1000.000000000000000 ) ;
#867 = DIRECTION ( 'NONE',  ( 0.000000000000000000, -0.000000000000000000, 1.000000000000000000 ) ) ;
#868 = VERTEX_POINT ( 'NONE', #1497 ) ;
#869 = AXIS2_PLACEMENT_3D ( 'NONE', #877, #2285, #1260 ) ;
#870 = ADVANCED_FACE ( 'NONE', ( #808 ), #937, .F. ) ;
#871 = CIRCLE ( 'NONE', #1430, 1.500000000000001332 ) ;
#872 = VERTEX_POINT ( 'NONE', #253 ) ;
#873 = LINE ( 'NONE', #684, #1679 ) ;
#874 = LINE ( 'NONE', #1916, #499 ) ;
#875 = AXIS2_PLACEMENT_3D ( 'NONE', #967, #692, #2134 ) ;
#876 = ADVANCED_FACE ( 'NONE', ( #1840 ), #1847, .F. ) ;
#877 = CARTESIAN_POINT ( 'NONE',  ( 160.2000000000000171, -63.53096428758156833, 16.00000000000000355 ) ) ;
#878 = ORIENTED_EDGE ( 'NONE', *, *, #2268, .T. ) ;
#879 = DIRECTION ( 'NONE',  ( 0.4642352275297614850, 0.000000000000000000, -0.8857119472607279942 ) ) ;
#880 = CARTESIAN_POINT ( 'NONE',  ( 173.0315949812178360, -130.5299519631780925, -3.059972391684359305 ) ) ;
#881 = CARTESIAN_POINT ( 'NONE',  ( 110.1999999999999886, -59.00000000000001421, 24.00000000000000355 ) ) ;
#882 = VERTEX_POINT ( 'NONE', #616 ) ;
#883 = FACE_BOUND ( 'NONE', #1813, .T. ) ;
#884 = ADVANCED_FACE ( 'NONE', ( #1148 ), #1287, .F. ) ;
#885 = CARTESIAN_POINT ( 'NONE',  ( 185.4000000000000057, -59.00000000000001421, -5.000000000000000000 ) ) ;
#886 = ORIENTED_EDGE ( 'NONE', *, *, #436, .T. ) ;
#887 = DIRECTION ( 'NONE',  ( 0.000000000000000000, -0.000000000000000000, 1.000000000000000000 ) ) ;
#888 = CARTESIAN_POINT ( 'NONE',  ( 173.5908019515386798, -131.5000000000009379, -5.000000000001090683 ) ) ;
#889 = LINE ( 'NONE', #1560, #1357 ) ;
#890 = ORIENTED_EDGE ( 'NONE', *, *, #2295, .F. ) ;
#891 = CARTESIAN_POINT ( 'NONE',  ( 104.3999563043419840, -131.3999536652824531, -4.288731368596863547 ) ) ;
#892 = CARTESIAN_POINT ( 'NONE',  ( 94.99999999999998579, -125.5000000000000000, -11.00000000000000000 ) ) ;
#893 = ADVANCED_FACE ( 'NONE', ( #1479 ), #1139, .F. ) ;
#894 = ORIENTED_EDGE ( 'NONE', *, *, #2152, .F. ) ;
#895 = DIRECTION ( 'NONE',  ( 0.000000000000000000, 0.000000000000000000, 1.000000000000000000 ) ) ;
#896 = CARTESIAN_POINT ( 'NONE',  ( 174.2486921513161349, -131.2633309104421642, -3.858632742296488782 ) ) ;
#897 = EDGE_CURVE ( 'NONE', #70, #811, #78, .T. ) ;
#898 = AXIS2_PLACEMENT_3D ( 'NONE', #30, #574, #2000 ) ;
#899 = CIRCLE ( 'NONE', #2165, 1.500000000000001332 ) ;
#900 = VERTEX_POINT ( 'NONE', #59 ) ;
#901 = AXIS2_PLACEMENT_3D ( 'NONE', #400, #1676, #47 ) ;
#902 = CARTESIAN_POINT ( 'NONE',  ( 104.9530239689581350, -131.4503544099275132, -4.558031128233040796 ) ) ;
#903 = AXIS2_PLACEMENT_3D ( 'NONE', #1892, #297, #2093 ) ;
#904 = ADVANCED_FACE ( 'NONE', ( #2033 ), #1902, .F. ) ;
#905 = CARTESIAN_POINT ( 'NONE',  ( 103.5495395395707021, -131.1610667088883133, -4.491850460382158516 ) ) ;
#906 = CIRCLE ( 'NONE', #2209, 5.999999999999991118 ) ;
#907 = DIRECTION ( 'NONE',  ( 1.000000000000000000, 0.000000000000000000, 0.000000000000000000 ) ) ;
#908 = CIRCLE ( 'NONE', #460, 3.500000000000003109 ) ;
#909 = EDGE_LOOP ( 'NONE', ( #2267, #1675, #1749, #783 ) ) ;
#910 = FACE_BOUND ( 'NONE', #1690, .T. ) ;
#911 = CARTESIAN_POINT ( 'NONE',  ( 172.1292824779888235, -131.5000000000000284, -5.000000000000023093 ) ) ;
#912 = AXIS2_PLACEMENT_3D ( 'NONE', #1117, #1477, #946 ) ;
#913 = EDGE_CURVE ( 'NONE', #354, #70, #440, .T. ) ;
#914 = EDGE_CURVE ( 'NONE', #170, #494, #1794, .T. ) ;
#915 = CARTESIAN_POINT ( 'NONE',  ( 107.6332159502559023, -130.2566001142528478, -3.000000000306641823 ) ) ;
#916 = ORIENTED_EDGE ( 'NONE', *, *, #597, .T. ) ;
#917 = CARTESIAN_POINT ( 'NONE',  ( 103.2505800122084310, -130.9911270998063344, -3.402903111374662171 ) ) ;
#918 = CARTESIAN_POINT ( 'NONE',  ( 106.9339300367594774, -130.9053992211828188, -4.433775953454690999 ) ) ;
#919 = PRODUCT ( 'PCB_shelf_step', 'PCB_shelf_step', '', ( #1439 ) ) ;
#920 = ORIENTED_EDGE ( 'NONE', *, *, #1653, .T. ) ;
#921 = DIRECTION ( 'NONE',  ( 1.000000000000000000, 0.000000000000000000, 0.000000000000000000 ) ) ;
#922 = CARTESIAN_POINT ( 'NONE',  ( 172.8153347535170212, -130.3293214574517549, -4.694567382567845115 ) ) ;
#923 = CARTESIAN_POINT ( 'NONE',  ( 179.3999999999999773, -125.5000000000000000, -5.000000000000000000 ) ) ;
#924 = EDGE_LOOP ( 'NONE', ( #153, #775 ) ) ;
#925 = EDGE_CURVE ( 'NONE', #1012, #1897, #380, .T. ) ;
#926 = ORIENTED_EDGE ( 'NONE', *, *, #2137, .T. ) ;
#927 = CARTESIAN_POINT ( 'NONE',  ( 102.6443920159739491, -130.5533863783778088, -3.048464384706217611 ) ) ;
#928 = CARTESIAN_POINT ( 'NONE',  ( 105.6076985251726228, -131.3987295074105930, -4.283271944648777918 ) ) ;
#929 = ORIENTED_EDGE ( 'NONE', *, *, #1843, .T. ) ;
#930 = DIRECTION ( 'NONE',  ( 1.000000000000000000, 0.000000000000000000, -1.734723475976807094E-16 ) ) ;
#931 = FACE_OUTER_BOUND ( 'NONE', #1978, .T. ) ;
#932 = VERTEX_POINT ( 'NONE', #409 ) ;
#933 = DIRECTION ( 'NONE',  ( 1.000000000000000000, 0.000000000000000000, 0.000000000000000000 ) ) ;
#934 = CIRCLE ( 'NONE', #2161, 5.499999999999991118 ) ;
#935 = AXIS2_PLACEMENT_3D ( 'NONE', #1161, #1894, #1014 ) ;
#936 = ORIENTED_EDGE ( 'NONE', *, *, #1097, .F. ) ;
#937 = TOROIDAL_SURFACE ( 'NONE', #225, 5.499999999999994671, 2.000000000000000000 ) ;
#938 = DIRECTION ( 'NONE',  ( 0.000000000000000000, 0.000000000000000000, -1.000000000000000000 ) ) ;
#939 = ADVANCED_FACE ( 'NONE', ( #233 ), #950, .F. ) ;
#940 = FACE_OUTER_BOUND ( 'NONE', #2217, .T. ) ;
#941 = CIRCLE ( 'NONE', #2131, 1.499999999999987566 ) ;
#942 = VERTEX_POINT ( 'NONE', #1131 ) ;
#943 = AXIS2_PLACEMENT_3D ( 'NONE', #1399, #824, #1208 ) ;
#944 = CARTESIAN_POINT ( 'NONE',  ( 115.0000000000000000, -86.00000000000001421, -5.000000000000000000 ) ) ;
#945 = CARTESIAN_POINT ( 'NONE',  ( 159.4000000000000057, -92.00000000000002842, -11.00000000000000000 ) ) ;
#946 = DIRECTION ( 'NONE',  ( -0.7643302829939199183, -0.6448249518267996638, 0.000000000000000000 ) ) ;
#947 = CIRCLE ( 'NONE', #800, 3.898900000000010913 ) ;
#948 = ORIENTED_EDGE ( 'NONE', *, *, #1627, .T. ) ;
#949 =( GEOMETRIC_REPRESENTATION_CONTEXT ( 3 ) GLOBAL_UNCERTAINTY_ASSIGNED_CONTEXT ( ( #1331 ) ) GLOBAL_UNIT_ASSIGNED_CONTEXT ( ( #1783, #183, #1615 ) ) REPRESENTATION_CONTEXT ( 'NONE', 'WORKASPACE' ) );
#950 = CYLINDRICAL_SURFACE ( 'NONE', #641, 6.000000000000005329 ) ;
#951 = ORIENTED_EDGE ( 'NONE', *, *, #398, .F. ) ;
#952 = DIRECTION ( 'NONE',  ( -0.000000000000000000, -1.000000000000000000, -0.000000000000000000 ) ) ;
#953 = DIRECTION ( 'NONE',  ( 0.000000000000000000, 1.000000000000000000, 0.000000000000000000 ) ) ;
#954 = EDGE_CURVE ( 'NONE', #795, #336, #958, .T. ) ;
#955 = DIRECTION ( 'NONE',  ( 0.000000000000000000, -0.000000000000000000, 1.000000000000000000 ) ) ;
#956 = CYLINDRICAL_SURFACE ( 'NONE', #1091, 6.000000000000005329 ) ;
#957 = VERTEX_POINT ( 'NONE', #1174 ) ;
#958 = LINE ( 'NONE', #1668, #1830 ) ;
#959 = ORIENTED_EDGE ( 'NONE', *, *, #913, .F. ) ;
#960 = DIRECTION ( 'NONE',  ( -0.6448249518268007741, -0.7643302829939189191, -2.573152301584203479E-15 ) ) ;
#961 = CARTESIAN_POINT ( 'NONE',  ( 173.2475125640830242, -130.7205093699680845, -3.152005785368967583 ) ) ;
#962 = DIRECTION ( 'NONE',  ( -0.000000000000000000, 1.000000000000000000, -0.000000000000000000 ) ) ;
#963 = CARTESIAN_POINT ( 'NONE',  ( 120.1999999999999886, -66.00000000000001421, 12.10110000000000774 ) ) ;
#964 = EDGE_CURVE ( 'NONE', #1469, #942, #818, .T. ) ;
#965 = ORIENTED_EDGE ( 'NONE', *, *, #968, .T. ) ;
#966 = DIRECTION ( 'NONE',  ( 0.000000000000000000, 0.000000000000000000, -1.000000000000000000 ) ) ;
#967 = CARTESIAN_POINT ( 'NONE',  ( 105.0000000000000000, -78.20000000000000284, 1.371604415045033344E-15 ) ) ;
#968 = EDGE_CURVE ( 'NONE', #700, #525, #1940, .T. ) ;
#969 = ORIENTED_EDGE ( 'NONE', *, *, #1948, .T. ) ;
#970 = VECTOR ( 'NONE', #2236, 1000.000000000000000 ) ;
#971 = VECTOR ( 'NONE', #580, 1000.000000000000000 ) ;
#972 = DIRECTION ( 'NONE',  ( 1.224646799147353207E-16, 1.000000000000000000, 0.000000000000000000 ) ) ;
#973 = LINE ( 'NONE', #1682, #761 ) ;
#974 = CIRCLE ( 'NONE', #567, 1.500000000000001332 ) ;
#975 = CARTESIAN_POINT ( 'NONE',  ( 185.3999999999999773, -125.5000000000000000, -5.000000000000000000 ) ) ;
#976 = VECTOR ( 'NONE', #313, 1000.000000000000000 ) ;
#977 = DIRECTION ( 'NONE',  ( 1.000000000000000000, 0.000000000000000000, 0.000000000000000000 ) ) ;
#978 = AXIS2_PLACEMENT_3D ( 'NONE', #2190, #406, #1116 ) ;
#979 = DIRECTION ( 'NONE',  ( 1.000000000000000000, 0.000000000000000000, 0.000000000000000000 ) ) ;
#980 = DIRECTION ( 'NONE',  ( 0.000000000000000000, -0.000000000000000000, 1.000000000000000000 ) ) ;
#981 = VECTOR ( 'NONE', #1045, 1000.000000000000000 ) ;
#982 = DIRECTION ( 'NONE',  ( 0.000000000000000000, -0.000000000000000000, 1.000000000000000000 ) ) ;
#983 = ADVANCED_FACE ( 'NONE', ( #2289 ), #1764, .F. ) ;
#984 = VECTOR ( 'NONE', #1762, 1000.000000000000000 ) ;
#985 = EDGE_CURVE ( 'NONE', #872, #900, #974, .T. ) ;
#986 = VERTEX_POINT ( 'NONE', #643 ) ;
#987 = VERTEX_POINT ( 'NONE', #1910 ) ;
#988 = LINE ( 'NONE', #1878, #715 ) ;
#989 = CARTESIAN_POINT ( 'NONE',  ( 105.0000000000000000, -78.20000000000000284, -2.999999999999999112 ) ) ;
#990 = DIRECTION ( 'NONE',  ( -0.000000000000000000, 0.000000000000000000, 1.000000000000000000 ) ) ;
#991 = LINE ( 'NONE', #827, #267 ) ;
#992 = DIRECTION ( 'NONE',  ( 8.034405899049462427E-17, -0.7547095802227713479, 0.6560590289905080530 ) ) ;
#993 = CARTESIAN_POINT ( 'NONE',  ( 171.9249999999999829, -78.22500000000000853, -2.999999999999999112 ) ) ;
#994 = DIRECTION ( 'NONE',  ( 0.000000000000000000, 0.000000000000000000, 1.000000000000000000 ) ) ;
#995 = ORIENTED_EDGE ( 'NONE', *, *, #1009, .F. ) ;
#996 = ADVANCED_FACE ( 'NONE', ( #1895 ), #1376, .F. ) ;
#997 = ORIENTED_EDGE ( 'NONE', *, *, #1793, .F. ) ;
#998 = LINE ( 'NONE', #2261, #378 ) ;
#999 = CARTESIAN_POINT ( 'NONE',  ( 178.0490051911641842, -130.2376139783291364, -3.000415117911519491 ) ) ;
#1000 = CARTESIAN_POINT ( 'NONE',  ( 169.9249999999999829, -78.22500000000000853, -2.999999999999999112 ) ) ;
#1001 = DIRECTION ( 'NONE',  ( -0.000000000000000000, -0.000000000000000000, 1.000000000000000000 ) ) ;
#1002 = LINE ( 'NONE', #2228, #566 ) ;
#1003 = CARTESIAN_POINT ( 'NONE',  ( 178.9250000000000114, -78.22500000000000853, 9.899494936611741736 ) ) ;
#1004 = DIRECTION ( 'NONE',  ( 0.000000000000000000, 0.000000000000000000, -1.000000000000000000 ) ) ;
#1005 = ORIENTED_EDGE ( 'NONE', *, *, #710, .F. ) ;
#1006 = ORIENTED_EDGE ( 'NONE', *, *, #1933, .F. ) ;
#1007 = DIRECTION ( 'NONE',  ( 1.000000000000000000, 0.000000000000000000, 0.000000000000000000 ) ) ;
#1008 = AXIS2_PLACEMENT_3D ( 'NONE', #1494, #1127, #1837 ) ;
#1009 = EDGE_CURVE ( 'NONE', #2272, #2254, #2168, .T. ) ;
#1010 = CARTESIAN_POINT ( 'NONE',  ( 175.4000000000000057, -127.9500000000000028, -5.000000000000000000 ) ) ;
#1011 = CARTESIAN_POINT ( 'NONE',  ( 175.4250000000000114, -78.22500000000000853, 9.899494936611741736 ) ) ;
#1012 = VERTEX_POINT ( 'NONE', #2059 ) ;
#1013 = AXIS2_PLACEMENT_3D ( 'NONE', #831, #1582, #1391 ) ;
#1014 = DIRECTION ( 'NONE',  ( 0.000000000000000000, 0.000000000000000000, -1.000000000000000000 ) ) ;
#1015 = CARTESIAN_POINT ( 'NONE',  ( 172.7503199216372991, -130.2417799749707967, -4.857598992805502114 ) ) ;
#1016 = CARTESIAN_POINT ( 'NONE',  ( 106.5000000000000000, -127.9500000000000028, -11.00000000000000000 ) ) ;
#1017 = ORIENTED_EDGE ( 'NONE', *, *, #727, .F. ) ;
#1018 = VECTOR ( 'NONE', #2160, 1000.000000000000000 ) ;
#1019 = CIRCLE ( 'NONE', #1204, 2.000000000000000000 ) ;
#1020 = ORIENTED_EDGE ( 'NONE', *, *, #741, .T. ) ;
#1021 = CARTESIAN_POINT ( 'NONE',  ( 171.1961834435334708, -131.4965372350474127, -5.000000000000000000 ) ) ;
#1022 = DIRECTION ( 'NONE',  ( 1.000000000000000000, 0.000000000000000000, 0.000000000000000000 ) ) ;
#1023 = DIRECTION ( 'NONE',  ( -0.6448249518268044378, -0.7643302829939156995, -1.613682068284210221E-15 ) ) ;
#1024 = CARTESIAN_POINT ( 'NONE',  ( 173.9249999999999829, -78.22500000000000853, 0.000000000000000000 ) ) ;
#1025 = EDGE_CURVE ( 'NONE', #1924, #149, #506, .T. ) ;
#1026 = ORIENTED_EDGE ( 'NONE', *, *, #799, .F. ) ;
#1027 = DIRECTION ( 'NONE',  ( -0.7272727272727272929, -0.6863485850246136000, 1.864827736675062578E-14 ) ) ;
#1028 = FACE_OUTER_BOUND ( 'NONE', #1611, .T. ) ;
#1029 = CARTESIAN_POINT ( 'NONE',  ( 184.3144748020567079, -66.00000000000001421, -2.928932188134524051 ) ) ;
#1030 = EDGE_LOOP ( 'NONE', ( #1339, #1789 ) ) ;
#1031 = ORIENTED_EDGE ( 'NONE', *, *, #1442, .F. ) ;
#1032 = CARTESIAN_POINT ( 'NONE',  ( 172.7248440095212914, -130.2068873313938298, -4.999999999999982236 ) ) ;
#1033 = DIRECTION ( 'NONE',  ( 0.000000000000000000, -0.000000000000000000, 1.000000000000000000 ) ) ;
#1034 = CARTESIAN_POINT ( 'NONE',  ( 102.5316201634946935, -130.4596531100276309, -4.573621600446585944 ) ) ;
#1035 = FACE_OUTER_BOUND ( 'NONE', #2141, .T. ) ;
#1036 = ORIENTED_EDGE ( 'NONE', *, *, #356, .F. ) ;
#1037 = CARTESIAN_POINT ( 'NONE',  ( 113.2244865394850848, -66.00000000000001421, 24.00000000000000355 ) ) ;
#1038 = CARTESIAN_POINT ( 'NONE',  ( 120.1999999999999886, -66.00000000000001421, 16.00000000000000355 ) ) ;
#1039 = EDGE_CURVE ( 'NONE', #1919, #255, #1271, .T. ) ;
#1040 = CARTESIAN_POINT ( 'NONE',  ( 175.4250000000000114, -78.22500000000000853, 0.000000000000000000 ) ) ;
#1041 = ORIENTED_EDGE ( 'NONE', *, *, #436, .F. ) ;
#1042 = EDGE_CURVE ( 'NONE', #957, #2073, #146, .T. ) ;
#1043 = ORIENTED_EDGE ( 'NONE', *, *, #2147, .F. ) ;
#1044 = CARTESIAN_POINT ( 'NONE',  ( 176.9000000000000057, -127.9500000000000028, 1.371604415045033344E-15 ) ) ;
#1045 = DIRECTION ( 'NONE',  ( 0.000000000000000000, 1.000000000000000000, 0.000000000000000000 ) ) ;
#1046 = CARTESIAN_POINT ( 'NONE',  ( 104.8442269021495719, -131.4475572844265798, -4.775288518616976674 ) ) ;
#1047 = CARTESIAN_POINT ( 'NONE',  ( 171.4000000000000341, -125.5000000000000000, -5.000000000000000000 ) ) ;
#1048 = AXIS2_PLACEMENT_3D ( 'NONE', #1299, #1460, #55 ) ;
#1049 = ORIENTED_EDGE ( 'NONE', *, *, #1890, .F. ) ;
#1050 = DIRECTION ( 'NONE',  ( 0.000000000000000000, -0.000000000000000000, 1.000000000000000000 ) ) ;
#1051 = AXIS2_PLACEMENT_3D ( 'NONE', #1891, #296, #2251 ) ;
#1052 = CARTESIAN_POINT ( 'NONE',  ( 176.1770441272477399, -131.4999999999999147, -4.999999999999682920 ) ) ;
#1053 =( NAMED_UNIT ( * ) PLANE_ANGLE_UNIT ( ) SI_UNIT ( $, .RADIAN. ) );
#1054 = AXIS2_PLACEMENT_3D ( 'NONE', #858, #131, #117 ) ;
#1055 = ORIENTED_EDGE ( 'NONE', *, *, #1843, .F. ) ;
#1056 = DIRECTION ( 'NONE',  ( 1.000000000000000000, 0.000000000000000000, 0.000000000000000000 ) ) ;
#1057 = CARTESIAN_POINT ( 'NONE',  ( 101.1359205895691815, -131.5000000000000000, -5.000000000000000888 ) ) ;
#1058 = DIRECTION ( 'NONE',  ( 1.000000000000000000, 0.000000000000000000, 0.000000000000000000 ) ) ;
#1059 = ORIENTED_EDGE ( 'NONE', *, *, #481, .F. ) ;
#1060 = CARTESIAN_POINT ( 'NONE',  ( 120.1999999999999886, -66.00000000000001421, 19.89890000000000114 ) ) ;
#1061 = CARTESIAN_POINT ( 'NONE',  ( 172.7741728012584304, -130.2748471344714574, -4.771009218567417776 ) ) ;
#1062 = DIRECTION ( 'NONE',  ( 1.000000000000000000, 0.000000000000000000, 0.000000000000000000 ) ) ;
#1063 = ORIENTED_EDGE ( 'NONE', *, *, #968, .F. ) ;
#1064 = DIRECTION ( 'NONE',  ( -0.7272727272727272929, -0.6863485850246136000, 0.000000000000000000 ) ) ;
#1065 = ADVANCED_FACE ( 'NONE', ( #1028 ), #865, .T. ) ;
#1066 = CARTESIAN_POINT ( 'NONE',  ( 103.4220198675429572, -131.0826746058446872, -3.529373764292589311 ) ) ;
#1067 = EDGE_CURVE ( 'NONE', #1594, #1802, #43, .T. ) ;
#1068 = DIRECTION ( 'NONE',  ( 1.000000000000000000, 0.000000000000000000, 0.000000000000000000 ) ) ;
#1069 = ORIENTED_EDGE ( 'NONE', *, *, #1487, .T. ) ;
#1070 = DIRECTION ( 'NONE',  ( 1.000000000000000000, 0.000000000000000000, 0.000000000000000000 ) ) ;
#1071 = CARTESIAN_POINT ( 'NONE',  ( 177.8835774869159252, -131.5000000000000853, -5.000000000000093259 ) ) ;
#1072 = B_SPLINE_CURVE_WITH_KNOTS ( 'NONE', 3,
 ( #1156, #2234, #961, #97, #814, #1310, #1851, #1504, #2224, #1124, #2020, #621, #248, #239, #2038, #87, #1867, #1663, #62, #257, #612, #1493, #1335, #73, #780, #769, #1324, #2196 ),
 .UNSPECIFIED., .F., .F.,
 ( 4, 2, 2, 2, 2, 2, 2, 2, 2, 2, 2, 2, 2, 4 ),
 ( 0.000000000000000000, 0.0008289430452600220298, 0.001657886090520044060, 0.002486829135780065873, 0.002901300658410116678, 0.003108536419725181545, 0.003315772181040246413, 0.003523007942355310413, 0.003730243703670375281, 0.004144715226300431724, 0.004973658271560530732, 0.005802601316820630607, 0.006217072839450679678, 0.006631544362080729615 ),
 .UNSPECIFIED. ) ;
#1073 = ORIENTED_EDGE ( 'NONE', *, *, #1607, .T. ) ;
#1074 = LINE ( 'NONE', #212, #1018 ) ;
#1075 = CARTESIAN_POINT ( 'NONE',  ( 104.5196961561523779, -131.5000000000000284, -5.000000000000118128 ) ) ;
#1076 = CARTESIAN_POINT ( 'NONE',  ( 106.5000000000000000, -78.20000000000000284, -11.00000000000000000 ) ) ;
#1077 = EDGE_CURVE ( 'NONE', #1389, #1556, #2129, .T. ) ;
#1078 = CIRCLE ( 'NONE', #633, 3.500000000000003109 ) ;
#1079 = VERTEX_POINT ( 'NONE', #993 ) ;
#1080 = CARTESIAN_POINT ( 'NONE',  ( 103.5000000000000142, -127.9500000000000028, 1.371604415045033344E-15 ) ) ;
#1081 = CARTESIAN_POINT ( 'NONE',  ( 175.8944826262836330, -131.4169295747162494, -4.365572728803958746 ) ) ;
#1082 = CARTESIAN_POINT ( 'NONE',  ( 108.4999999999999858, -78.20000000000000284, 0.000000000000000000 ) ) ;
#1083 = TOROIDAL_SURFACE ( 'NONE', #1384, 5.499999999999994671, 2.000000000000000000 ) ;
#1084 = TOROIDAL_SURFACE ( 'NONE', #1385, 5.499999999999994671, 2.000000000000000000 ) ;
#1085 = EDGE_LOOP ( 'NONE', ( #1520, #66 ) ) ;
#1086 = CARTESIAN_POINT ( 'NONE',  ( 107.5896232688013754, -130.3054177249916563, -3.004363437489725452 ) ) ;
#1087 = VECTOR ( 'NONE', #2052, 1000.000000000000000 ) ;
#1088 = ORIENTED_EDGE ( 'NONE', *, *, #1738, .T. ) ;
#1089 = AXIS2_PLACEMENT_3D ( 'NONE', #596, #766, #1649 ) ;
#1090 = DIRECTION ( 'NONE',  ( -0.000000000000000000, 0.000000000000000000, -1.000000000000000000 ) ) ;
#1091 = AXIS2_PLACEMENT_3D ( 'NONE', #437, #1665, #64 ) ;
#1092 = CARTESIAN_POINT ( 'NONE',  ( 106.4816499488787116, -131.5000000000001990, -5.000000000000430767 ) ) ;
#1093 = CIRCLE ( 'NONE', #1203, 3.499999999999989342 ) ;
#1094 = ORIENTED_EDGE ( 'NONE', *, *, #1146, .F. ) ;
#1095 = CARTESIAN_POINT ( 'NONE',  ( 97.62068965517239860, -66.00000000000001421, 3.469446951953614189E-15 ) ) ;
#1096 = CARTESIAN_POINT ( 'NONE',  ( 175.0943520993240838, -131.4371406790760659, -4.473573762413714405 ) ) ;
#1097 = EDGE_CURVE ( 'NONE', #631, #668, #289, .T. ) ;
#1098 = ADVANCED_FACE ( 'NONE', ( #1214 ), #1319, .F. ) ;
#1099 = FACE_OUTER_BOUND ( 'NONE', #1121, .T. ) ;
#1100 = ORIENTED_EDGE ( 'NONE', *, *, #481, .T. ) ;
#1101 = CARTESIAN_POINT ( 'NONE',  ( 115.0000000000000000, -125.5000000000000000, -11.00000000000000000 ) ) ;
#1102 = CARTESIAN_POINT ( 'NONE',  ( 105.2090004300111303, -131.5000000000000000, -4.999999999999999112 ) ) ;
#1103 = CARTESIAN_POINT ( 'NONE',  ( 105.0000000000000000, -78.20000000000000284, 0.000000000000000000 ) ) ;
#1104 = ORIENTED_EDGE ( 'NONE', *, *, #1702, .F. ) ;
#1105 = DIRECTION ( 'NONE',  ( 0.000000000000000000, 0.000000000000000000, 1.000000000000000000 ) ) ;
#1106 = CARTESIAN_POINT ( 'NONE',  ( 178.0024690701046950, -130.3072284219852861, -4.686215484691564015 ) ) ;
#1107 = DIRECTION ( 'NONE',  ( -0.000000000000000000, -0.000000000000000000, -1.000000000000000000 ) ) ;
#1108 = ORIENTED_EDGE ( 'NONE', *, *, #686, .T. ) ;
#1109 = CARTESIAN_POINT ( 'NONE',  ( 165.4000000000000057, -86.00000000000001421, -11.00000000000000000 ) ) ;
#1110 = ADVANCED_FACE ( 'NONE', ( #228 ), #782, .T. ) ;
#1111 = EDGE_LOOP ( 'NONE', ( #995, #324, #625, #1898, #1667 ) ) ;
#1112 = CARTESIAN_POINT ( 'NONE',  ( 105.4944826262866684, -131.4169295747159083, -4.365572728801280888 ) ) ;
#1113 = LINE ( 'NONE', #1822, #1584 ) ;
#1114 = VERTEX_POINT ( 'NONE', #1815 ) ;
#1115 = CARTESIAN_POINT ( 'NONE',  ( 120.1999999999999886, -63.53096428758156833, 14.24740000000001139 ) ) ;
#1116 = DIRECTION ( 'NONE',  ( -1.000000000000000000, 0.000000000000000000, 0.000000000000000000 ) ) ;
#1117 = CARTESIAN_POINT ( 'NONE',  ( 100.7961834435334652, -131.4965372350474127, -2.999999999999999112 ) ) ;
#1118 = VERTEX_POINT ( 'NONE', #216 ) ;
#1119 = CARTESIAN_POINT ( 'NONE',  ( 102.3248440095212999, -130.2068873313938298, -2.999999999999999112 ) ) ;
#1120 = VECTOR ( 'NONE', #74, 1000.000000000000000 ) ;
#1121 = EDGE_LOOP ( 'NONE', ( #2095, #2188, #46, #399 ) ) ;
#1122 = VECTOR ( 'NONE', #247, 1000.000000000000000 ) ;
#1123 = CARTESIAN_POINT ( 'NONE',  ( 106.1604201927360549, -131.2599123727302413, -3.851445729125106077 ) ) ;
#1124 = CARTESIAN_POINT ( 'NONE',  ( 175.0903012655864757, -131.4367877417403463, -4.471517354336326022 ) ) ;
#1125 = CIRCLE ( 'NONE', #419, 1.752599999999993052 ) ;
#1126 = AXIS2_PLACEMENT_3D ( 'NONE', #1103, #1812, #5 ) ;
#1127 = DIRECTION ( 'NONE',  ( -0.000000000000000000, -0.000000000000000000, 1.000000000000000000 ) ) ;
#1128 = DIRECTION ( 'NONE',  ( 0.000000000000000000, 0.000000000000000000, 1.000000000000000000 ) ) ;
#1129 = COLOUR_RGB ( '',0.7921568627450980005, 0.8196078431372548767, 0.9333333333333333481 ) ;
#1130 = ORIENTED_EDGE ( 'NONE', *, *, #522, .T. ) ;
#1131 = CARTESIAN_POINT ( 'NONE',  ( 106.4999999999999858, -78.20000000000000284, 1.371604415045033344E-15 ) ) ;
#1132 = ORIENTED_EDGE ( 'NONE', *, *, #251, .F. ) ;
#1133 = CARTESIAN_POINT ( 'NONE',  ( 107.4835774869186906, -131.4999999999999147, -4.999999999999905853 ) ) ;
#1134 = ADVANCED_FACE ( 'NONE', ( #931 ), #1644, .F. ) ;
#1135 = ADVANCED_FACE ( 'NONE', ( #2181 ), #260, .T. ) ;
#1136 = FACE_OUTER_BOUND ( 'NONE', #298, .T. ) ;
#1137 = CYLINDRICAL_SURFACE ( 'NONE', #230, 1.752599999999993052 ) ;
#1138 = EDGE_LOOP ( 'NONE', ( #1599, #821, #886, #929 ) ) ;
#1139 = CYLINDRICAL_SURFACE ( 'NONE', #901, 1.500000000000001332 ) ;
#1140 = DIRECTION ( 'NONE',  ( 0.000000000000000000, -0.000000000000000000, 1.000000000000000000 ) ) ;
#1141 = ORIENTED_EDGE ( 'NONE', *, *, #1860, .F. ) ;
#1142 = FACE_BOUND ( 'NONE', #924, .T. ) ;
#1143 = CYLINDRICAL_SURFACE ( 'NONE', #2286, 6.000000000000005329 ) ;
#1144 = CARTESIAN_POINT ( 'NONE',  ( 113.2244865394850848, -59.00000000000001421, 24.00000000000000355 ) ) ;
#1145 = CARTESIAN_POINT ( 'NONE',  ( 108.4999999999999858, -78.20000000000000284, 9.899494936611741736 ) ) ;
#1146 = EDGE_CURVE ( 'NONE', #820, #1306, #1984, .T. ) ;
#1147 = ORIENTED_EDGE ( 'NONE', *, *, #669, .T. ) ;
#1148 = FACE_OUTER_BOUND ( 'NONE', #115, .T. ) ;
#1149 = PLANE ( 'NONE',  #1765 ) ;
#1150 = AXIS2_PLACEMENT_3D ( 'NONE', #1557, #1173, #677 ) ;
#1151 = ORIENTED_EDGE ( 'NONE', *, *, #2042, .F. ) ;
#1152 = AXIS2_PLACEMENT_3D ( 'NONE', #1870, #840, #1518 ) ;
#1153 = ORIENTED_EDGE ( 'NONE', *, *, #1768, .T. ) ;
#1154 = TOROIDAL_SURFACE ( 'NONE', #151, 5.500000000000020428, 2.000000000000000000 ) ;
#1155 = DIRECTION ( 'NONE',  ( 0.000000000000000000, -0.000000000000000000, 1.000000000000000000 ) ) ;
#1156 = CARTESIAN_POINT ( 'NONE',  ( 172.8545454545454447, -130.3522200475861723, -3.012687179830224160 ) ) ;
#1157 = DIRECTION ( 'NONE',  ( -1.000000000000000000, 0.000000000000000000, 0.000000000000000000 ) ) ;
#1158 = CIRCLE ( 'NONE', #156, 3.500000000000031086 ) ;
#1159 = CARTESIAN_POINT ( 'NONE',  ( 121.0000000000000142, -86.00000000000001421, -5.000000000000000000 ) ) ;
#1160 = CIRCLE ( 'NONE', #1509, 3.499999999999989342 ) ;
#1161 = CARTESIAN_POINT ( 'NONE',  ( 110.4999999999999858, -127.9500000000000028, -2.999999999999999112 ) ) ;
#1162 = CARTESIAN_POINT ( 'NONE',  ( 103.5000000000000142, -127.9500000000000028, 0.000000000000000000 ) ) ;
#1163 = EDGE_CURVE ( 'NONE', #509, #795, #2283, .T. ) ;
#1164 = AXIS2_PLACEMENT_3D ( 'NONE', #923, #397, #1293 ) ;
#1165 = DIRECTION ( 'NONE',  ( 0.000000000000000000, -0.000000000000000000, 1.000000000000000000 ) ) ;
#1166 = ORIENTED_EDGE ( 'NONE', *, *, #1977, .T. ) ;
#1167 = ORIENTED_EDGE ( 'NONE', *, *, #1284, .T. ) ;
#1168 = DIRECTION ( 'NONE',  ( 1.000000000000000000, 0.000000000000000000, 0.000000000000000000 ) ) ;
#1169 = CARTESIAN_POINT ( 'NONE',  ( 105.0000000000000000, -127.9500000000000028, -5.000000000000000000 ) ) ;
#1170 = FACE_OUTER_BOUND ( 'NONE', #1138, .T. ) ;
#1171 = LINE ( 'NONE', #1024, #1470 ) ;
#1172 = EDGE_LOOP ( 'NONE', ( #1785, #1633, #1604, #2246, #2096 ) ) ;
#1173 = DIRECTION ( 'NONE',  ( 0.000000000000000000, 1.000000000000000000, 0.000000000000000000 ) ) ;
#1174 = CARTESIAN_POINT ( 'NONE',  ( 94.99999999999998579, -59.00000000000001421, -5.000000000000000000 ) ) ;
#1175 = FACE_BOUND ( 'NONE', #1354, .T. ) ;
#1176 = EDGE_LOOP ( 'NONE', ( #1167, #765, #948, #2149, #2232, #1865, #1212, #916, #1100, #330, #1680, #1221, #1073, #1361 ) ) ;
#1177 = ADVANCED_FACE ( 'NONE', ( #1461 ), #763, .F. ) ;
#1178 = ADVANCED_FACE ( 'NONE', ( #2031 ), #1137, .F. ) ;
#1179 = VERTEX_POINT ( 'NONE', #242 ) ;
#1180 = DIRECTION ( 'NONE',  ( 0.000000000000000000, -0.000000000000000000, -1.000000000000000000 ) ) ;
#1181 = DIRECTION ( 'NONE',  ( 0.000000000000000000, 0.000000000000000000, -1.000000000000000000 ) ) ;
#1182 = CYLINDRICAL_SURFACE ( 'NONE', #1613, 6.000000000000005329 ) ;
#1183 = DIRECTION ( 'NONE',  ( 0.000000000000000000, 0.000000000000000000, 1.000000000000000000 ) ) ;
#1184 = EDGE_LOOP ( 'NONE', ( #1343, #1320, #1344, #1598, #738 ) ) ;
#1185 = CARTESIAN_POINT ( 'NONE',  ( 178.0695688034709292, -130.2135100011770419, -4.949778227000861897 ) ) ;
#1186 = DIRECTION ( 'NONE',  ( -0.000000000000000000, -0.000000000000000000, 1.000000000000000000 ) ) ;
#1187 = EDGE_LOOP ( 'NONE', ( #2002, #1491 ) ) ;
#1188 = EDGE_LOOP ( 'NONE', ( #1637, #755, #2207, #959 ) ) ;
#1189 = DIRECTION ( 'NONE',  ( 1.000000000000000000, 0.000000000000000000, 0.000000000000000000 ) ) ;
#1190 = PLANE ( 'NONE',  #234 ) ;
#1191 = ADVANCED_FACE ( 'NONE', ( #1845 ), #956, .T. ) ;
#1192 = VECTOR ( 'NONE', #990, 1000.000000000000000 ) ;
#1193 = VECTOR ( 'NONE', #830, 1000.000000000000000 ) ;
#1194 = CARTESIAN_POINT ( 'NONE',  ( 102.3503199216372792, -130.2417799749707967, -4.857598992805537641 ) ) ;
#1195 = CARTESIAN_POINT ( 'NONE',  ( 171.4000000000000341, -125.5000000000000000, -11.00000000000000000 ) ) ;
#1196 = VECTOR ( 'NONE', #2247, 1000.000000000000000 ) ;
#1197 = ORIENTED_EDGE ( 'NONE', *, *, #1039, .F. ) ;
#1198 = CARTESIAN_POINT ( 'NONE',  ( 167.1755134605149351, -59.00000000000001421, 23.99999999999999289 ) ) ;
#1199 = CARTESIAN_POINT ( 'NONE',  ( 177.9454545454545098, -130.3522200475862007, -3.012687179830230377 ) ) ;
#1200 = FILL_AREA_STYLE_COLOUR ( '', #1129 ) ;
#1201 = VECTOR ( 'NONE', #99, 1000.000000000000000 ) ;
#1202 = VERTEX_POINT ( 'NONE', #2169 ) ;
#1203 = AXIS2_PLACEMENT_3D ( 'NONE', #2034, #1165, #279 ) ;
#1204 = AXIS2_PLACEMENT_3D ( 'NONE', #853, #1416, #542 ) ;
#1205 = ORIENTED_EDGE ( 'NONE', *, *, #2140, .F. ) ;
#1206 = DIRECTION ( 'NONE',  ( 1.000000000000000000, 0.000000000000000000, 0.000000000000000000 ) ) ;
#1207 = PRODUCT_DEFINITION_FORMATION_WITH_SPECIFIED_SOURCE ( 'ANY', '', #919, .NOT_KNOWN. ) ;
#1208 = DIRECTION ( 'NONE',  ( 0.000000000000000000, 0.000000000000000000, -1.000000000000000000 ) ) ;
#1209 = EDGE_CURVE ( 'NONE', #2314, #2144, #2215, .T. ) ;
#1210 = CARTESIAN_POINT ( 'NONE',  ( 107.6751559904787001, -130.2068873313938298, -2.999999999999999112 ) ) ;
#1211 = EDGE_CURVE ( 'NONE', #1660, #1897, #575, .T. ) ;
#1212 = ORIENTED_EDGE ( 'NONE', *, *, #1348, .T. ) ;
#1213 = CARTESIAN_POINT ( 'NONE',  ( 175.4000000000000057, -127.9500000000000028, -5.000000000000000000 ) ) ;
#1214 = FACE_OUTER_BOUND ( 'NONE', #1188, .T. ) ;
#1215 = FACE_OUTER_BOUND ( 'NONE', #1661, .T. ) ;
#1216 = ORIENTED_EDGE ( 'NONE', *, *, #1251, .T. ) ;
#1217 = ORIENTED_EDGE ( 'NONE', *, *, #2089, .F. ) ;
#1218 = DIRECTION ( 'NONE',  ( 0.000000000000000000, -0.000000000000000000, 1.000000000000000000 ) ) ;
#1219 = CARTESIAN_POINT ( 'NONE',  ( 94.99999999999998579, -131.5000000000000000, -11.00000000000000000 ) ) ;
#1220 = CARTESIAN_POINT ( 'NONE',  ( 105.0000000000000000, -78.20000000000000284, -2.999999999999999112 ) ) ;
#1221 = ORIENTED_EDGE ( 'NONE', *, *, #1077, .T. ) ;
#1222 = EDGE_CURVE ( 'NONE', #255, #2032, #250, .T. ) ;
#1223 = CARTESIAN_POINT ( 'NONE',  ( 175.1546682416463625, -131.4419421536551624, -4.502825415323044034 ) ) ;
#1224 = LINE ( 'NONE', #881, #984 ) ;
#1225 = ORIENTED_EDGE ( 'NONE', *, *, #746, .F. ) ;
#1226 = CARTESIAN_POINT ( 'NONE',  ( 169.8999999999999773, -127.9500000000000028, -4.999999999999999112 ) ) ;
#1227 = FACE_BOUND ( 'NONE', #394, .T. ) ;
#1228 = CARTESIAN_POINT ( 'NONE',  ( 104.9430531471667933, -131.4501094194625921, -4.556344669333155295 ) ) ;
#1229 = CARTESIAN_POINT ( 'NONE',  ( 185.3999999999999773, -131.5000000000000000, -11.00000000000000000 ) ) ;
#1230 = ORIENTED_EDGE ( 'NONE', *, *, #1456, .T. ) ;
#1231 = DIRECTION ( 'NONE',  ( 0.8857119472607279942, -0.000000000000000000, 0.4642352275297614850 ) ) ;
#1232 = AXIS2_PLACEMENT_3D ( 'NONE', #1516, #813, #1180 ) ;
#1233 = CARTESIAN_POINT ( 'NONE',  ( 176.1755170750147954, -131.3700590135270261, -4.655546549268930079 ) ) ;
#1234 = CARTESIAN_POINT ( 'NONE',  ( 105.0000000000000000, -127.9500000000000028, 0.000000000000000000 ) ) ;
#1235 = ORIENTED_EDGE ( 'NONE', *, *, #1854, .F. ) ;
#1236 = EDGE_CURVE ( 'NONE', #2144, #496, #1429, .T. ) ;
#1237 = ADVANCED_FACE ( 'NONE', ( #1721 ), #1352, .T. ) ;
#1238 = CIRCLE ( 'NONE', #1054, 1.500000000000001332 ) ;
#1239 = VERTEX_POINT ( 'NONE', #1685 ) ;
#1240 = CARTESIAN_POINT ( 'NONE',  ( 102.8475125640830043, -130.7205093699680276, -3.152005785368949820 ) ) ;
#1241 = AXIS2_PLACEMENT_3D ( 'NONE', #786, #455, #1358 ) ;
#1242 = CARTESIAN_POINT ( 'NONE',  ( 103.8133967443022527, -131.2650324928679026, -4.553597271217368458 ) ) ;
#1243 = DIRECTION ( 'NONE',  ( -0.000000000000000000, -1.000000000000000000, -0.000000000000000000 ) ) ;
#1244 = ORIENTED_EDGE ( 'NONE', *, *, #150, .T. ) ;
#1245 = DIRECTION ( 'NONE',  ( 0.000000000000000000, -0.000000000000000000, -1.000000000000000000 ) ) ;
#1246 = CARTESIAN_POINT ( 'NONE',  ( 177.3339300367650821, -130.9053992211884179, -4.433775953460481034 ) ) ;
#1247 = CARTESIAN_POINT ( 'NONE',  ( 182.7793103448275929, -66.00000000000001421, 4.336808689942017736E-15 ) ) ;
#1248 = ORIENTED_EDGE ( 'NONE', *, *, #2152, .T. ) ;
#1249 = VERTEX_POINT ( 'NONE', #674 ) ;
#1250 = CARTESIAN_POINT ( 'NONE',  ( 107.0588575758797418, -130.7829808314730542, -3.210608615083216932 ) ) ;
#1251 = EDGE_CURVE ( 'NONE', #850, #184, #451, .T. ) ;
#1252 = PLANE ( 'NONE',  #1946 ) ;
#1253 = ORIENTED_EDGE ( 'NONE', *, *, #556, .T. ) ;
#1254 = CARTESIAN_POINT ( 'NONE',  ( 165.4000000000000057, -92.00000000000002842, -11.00000000000000000 ) ) ;
#1255 = CARTESIAN_POINT ( 'NONE',  ( 173.0049349137305512, -130.5340334412454695, -4.528420209882892067 ) ) ;
#1256 = EDGE_LOOP ( 'NONE', ( #382, #2148, #714, #54 ) ) ;
#1257 = CARTESIAN_POINT ( 'NONE',  ( 107.3555520513384067, -130.5418694664801933, -3.064693674133923462 ) ) ;
#1258 = CARTESIAN_POINT ( 'NONE',  ( 106.5804584009003833, -131.0811732915770733, -3.527620737915949434 ) ) ;
#1259 = EDGE_CURVE ( 'NONE', #1739, #2062, #122, .T. ) ;
#1260 = DIRECTION ( 'NONE',  ( 0.000000000000000000, 0.000000000000000000, -1.000000000000000000 ) ) ;
#1261 = CARTESIAN_POINT ( 'NONE',  ( 94.99999999999998579, -131.5000000000000000, -11.00000000000000000 ) ) ;
#1262 = ORIENTED_EDGE ( 'NONE', *, *, #2042, .T. ) ;
#1263 = LINE ( 'NONE', #2180, #2045 ) ;
#1264 = CARTESIAN_POINT ( 'NONE',  ( 172.9410381950774536, -130.4438699943748361, -3.028987028018442551 ) ) ;
#1265 = DIRECTION ( 'NONE',  ( 0.000000000000000000, 0.000000000000000000, -1.000000000000000000 ) ) ;
#1266 = CIRCLE ( 'NONE', #1152, 1.500000000000001332 ) ;
#1267 = CIRCLE ( 'NONE', #261, 3.499999999999989342 ) ;
#1268 = AXIS2_PLACEMENT_3D ( 'NONE', #1735, #1390, #505 ) ;
#1269 = PRODUCT_DEFINITION_SHAPE ( 'NONE', 'NONE',  #1543 ) ;
#1270 = DIRECTION ( 'NONE',  ( 0.000000000000000000, -0.000000000000000000, 1.000000000000000000 ) ) ;
#1271 = CIRCLE ( 'NONE', #1539, 1.752599999999993052 ) ;
#1272 = VERTEX_POINT ( 'NONE', #1159 ) ;
#1273 = AXIS2_PLACEMENT_3D ( 'NONE', #1011, #1555, #1529 ) ;
#1274 = DIRECTION ( 'NONE',  ( 1.000000000000000000, 0.000000000000000000, -0.000000000000000000 ) ) ;
#1275 = CIRCLE ( 'NONE', #1797, 5.499999999999991118 ) ;
#1276 = CARTESIAN_POINT ( 'NONE',  ( 105.1330002736420539, -131.4497637772061864, -4.553961639473191880 ) ) ;
#1277 = VECTOR ( 'NONE', #2088, 1000.000000000000000 ) ;
#1278 = EDGE_CURVE ( 'NONE', #1873, #245, #475, .T. ) ;
#1279 = VECTOR ( 'NONE', #362, 1000.000000000000000 ) ;
#1280 = ORIENTED_EDGE ( 'NONE', *, *, #1321, .F. ) ;
#1281 = PLANE ( 'NONE',  #258 ) ;
#1282 = DIRECTION ( 'NONE',  ( 0.000000000000000000, -1.000000000000000000, -0.000000000000000000 ) ) ;
#1283 = CYLINDRICAL_SURFACE ( 'NONE', #2213, 3.500000000000003109 ) ;
#1284 = EDGE_CURVE ( 'NONE', #2026, #2272, #487, .T. ) ;
#1285 = EDGE_LOOP ( 'NONE', ( #1713, #18, #2012, #1967 ) ) ;
#1286 = FACE_OUTER_BOUND ( 'NONE', #519, .T. ) ;
#1287 =( BOUNDED_SURFACE ( )  B_SPLINE_SURFACE ( 3, 2, ( 
 ( #1119, #1818, #2229 ),
 ( #2184, #627, #777 ),
 ( #1995, #2024, #91 ),
 ( #604, #431, #1329 ) ),
 .UNSPECIFIED., .F., .F., .F. ) 
 B_SPLINE_SURFACE_WITH_KNOTS ( ( 4, 4 ),
 ( 3, 3 ),
 ( 0.003559147338967578317, 0.003865628031538715509 ),
 ( 0.000000000000000000, 1.000000000000000000 ),
 .UNSPECIFIED. ) 
 GEOMETRIC_REPRESENTATION_ITEM ( )  RATIONAL_B_SPLINE_SURFACE ( (
 ( 1.000000000000000000, 0.7071067811865504593, 1.000000000000000000),
 ( 1.000000000000000000, 0.7161008119878754519, 1.000000000000000000),
 ( 1.000000000000000000, 0.7250247073099715944, 1.000000000000000000),
 ( 1.000000000000000000, 0.7338888904445501904, 1.000000000000000000) ) ) 
 REPRESENTATION_ITEM ( '' )  SURFACE ( )  );
#1288 = ORIENTED_EDGE ( 'NONE', *, *, #1370, .F. ) ;
#1289 = FACE_OUTER_BOUND ( 'NONE', #2183, .T. ) ;
#1290 = ORIENTED_EDGE ( 'NONE', *, *, #450, .F. ) ;
#1291 = CYLINDRICAL_SURFACE ( 'NONE', #861, 3.499999999999989342 ) ;
#1292 = DIRECTION ( 'NONE',  ( 0.000000000000000000, 0.000000000000000000, -1.000000000000000000 ) ) ;
#1293 = DIRECTION ( 'NONE',  ( 1.000000000000000000, 0.000000000000000000, 0.000000000000000000 ) ) ;
#1294 = ORIENTED_EDGE ( 'NONE', *, *, #1259, .T. ) ;
#1295 = DIRECTION ( 'NONE',  ( -0.000000000000000000, 0.000000000000000000, -1.000000000000000000 ) ) ;
#1296 = ORIENTED_EDGE ( 'NONE', *, *, #514, .F. ) ;
#1297 = CARTESIAN_POINT ( 'NONE',  ( 120.1999999999999886, -66.00000000000001421, 16.00000000000000355 ) ) ;
#1298 = CARTESIAN_POINT ( 'NONE',  ( 113.2244865394850848, -59.00000000000001421, 19.00000000000000355 ) ) ;
#1299 = CARTESIAN_POINT ( 'NONE',  ( 179.3999999999999773, -131.7249172176354364, -3.012687179830222828 ) ) ;
#1300 = DIRECTION ( 'NONE',  ( -0.000000000000000000, 0.000000000000000000, -1.000000000000000000 ) ) ;
#1301 = ORIENTED_EDGE ( 'NONE', *, *, #1918, .T. ) ;
#1302 = VECTOR ( 'NONE', #1760, 1000.000000000000000 ) ;
#1303 = CARTESIAN_POINT ( 'NONE',  ( 121.0000000000000142, -92.00000000000002842, -11.00000000000000000 ) ) ;
#1304 = CIRCLE ( 'NONE', #1466, 5.500000000000032863 ) ;
#1305 = ADVANCED_FACE ( 'NONE', ( #841, #286 ), #816, .T. ) ;
#1306 = VERTEX_POINT ( 'NONE', #465 ) ;
#1307 = AXIS2_PLACEMENT_3D ( 'NONE', #822, #462, #1168 ) ;
#1308 = EDGE_CURVE ( 'NONE', #987, #504, #1171, .T. ) ;
#1309 = DIRECTION ( 'NONE',  ( -0.000000000000000000, -0.000000000000000000, -1.000000000000000000 ) ) ;
#1310 = CARTESIAN_POINT ( 'NONE',  ( 174.2686159511493145, -131.2696647152973810, -3.874718428332152076 ) ) ;
#1311 = AXIS2_PLACEMENT_3D ( 'NONE', #1195, #2252, #663 ) ;
#1312 = AXIS2_PLACEMENT_3D ( 'NONE', #4, #1961, #367 ) ;
#1313 = CARTESIAN_POINT ( 'NONE',  ( 175.4250000000000114, -78.22500000000000853, -2.999999999999999112 ) ) ;
#1314 = CARTESIAN_POINT ( 'NONE',  ( 165.4000000000000057, -86.00000000000001421, -5.000000000000000000 ) ) ;
#1315 = AXIS2_PLACEMENT_3D ( 'NONE', #1405, #867, #1062 ) ;
#1316 = ORIENTED_EDGE ( 'NONE', *, *, #638, .F. ) ;
#1317 = DIRECTION ( 'NONE',  ( 1.000000000000000000, 0.000000000000000000, 0.000000000000000000 ) ) ;
#1318 = CARTESIAN_POINT ( 'NONE',  ( 160.2000000000000171, -63.53096428758156833, 16.00000000000000355 ) ) ;
#1319 =( BOUNDED_SURFACE ( )  B_SPLINE_SURFACE ( 3, 2, ( 
 ( #477, #1015, #711 ),
 ( #1264, #1061, #1782 ),
 ( #880, #922, #2157 ),
 ( #723, #162, #1449 ),
 ( #1792, #1255, #911 ),
 ( #1438, #206, #2300 ),
 ( #10, #1625, #351 ),
 ( #896, #560, #888 ),
 ( #1981, #194, #517 ),
 ( #1931, #1596, #702 ),
 ( #2311, #2146, #182 ),
 ( #1096, #1614, #2119 ),
 ( #1223, #1804, #1955 ),
 ( #691, #1404, #1415 ),
 ( #527, #1635, #1773 ),
 ( #2110, #550, #385 ),
 ( #1964, #371, #20 ),
 ( #1081, #338, #1052 ),
 ( #736, #1233, #1761 ),
 ( #1944, #172, #1606 ),
 ( #1424, #361, #2133 ),
 ( #541, #1246, #1071 ),
 ( #1495, #614, #418 ),
 ( #2001, #1838, #428 ),
 ( #75, #1106, #2198 ),
 ( #1825, #1485, #396 ) ),
 .UNSPECIFIED., .F., .F., .T. ) 
 B_SPLINE_SURFACE_WITH_KNOTS ( ( 4, 2, 2, 2, 2, 2, 2, 2, 2, 2, 2, 2, 4 ),
 ( 3, 3 ),
 ( 0.003681970924375104360, 0.004279589748942063190, 0.004877208573509022455, 0.006072446222642940983, 0.007267683871776859511, 0.007865302696343818775, 0.008164112108627299275, 0.008462921520910778039, 0.009060540345477737303, 0.009658159170044696568, 0.01085339681917861510, 0.01204863446831253362, 0.01324387211744645215 ),
 ( 0.000000000000000000, 1.000000000000000000 ),
 .UNSPECIFIED. ) 
 GEOMETRIC_REPRESENTATION_ITEM ( )  RATIONAL_B_SPLINE_SURFACE ( (
 ( 1.000000000000000000, 0.7338888904445499684, 1.000000000000000000),
 ( 1.000000000000000000, 0.7517346391591452903, 1.000000000000000000),
 ( 1.000000000000000000, 0.7697367091419299312, 1.000000000000000000),
 ( 1.000000000000000000, 0.8050409898140696852, 1.000000000000000000),
 ( 1.000000000000000000, 0.8221514176632526150, 1.000000000000000000),
 ( 1.000000000000000000, 0.8701441953666821938, 1.000000000000000000),
 ( 1.000000000000000000, 0.8982151102334102744, 1.000000000000000000),
 ( 1.000000000000000000, 0.9442942260390739806, 1.000000000000000000),
 ( 1.000000000000000000, 0.9619737534860932637, 1.000000000000000000),
 ( 1.000000000000000000, 0.9804552146024738679, 1.000000000000000000),
 ( 1.000000000000000000, 0.9852978643519469948, 1.000000000000000000),
 ( 1.000000000000000000, 0.9902898429988566953, 1.000000000000000000),
 ( 1.000000000000000000, 0.9915739677724938472, 1.000000000000000000),
 ( 1.000000000000000000, 0.9933131340176043489, 1.000000000000000000),
 ( 1.000000000000000000, 0.9937596426541879246, 1.000000000000000000),
 ( 1.000000000000000000, 0.9936670973133739926, 1.000000000000000000),
 ( 1.000000000000000000, 0.9917146499896163370, 1.000000000000000000),
 ( 1.000000000000000000, 0.9848948550350067332, 1.000000000000000000),
 ( 1.000000000000000000, 0.9800451901632682983, 1.000000000000000000),
 ( 1.000000000000000000, 0.9614177340640241987, 1.000000000000000000),
 ( 1.000000000000000000, 0.9434111595416228013, 1.000000000000000000),
 ( 1.000000000000000000, 0.8978436044167159569, 1.000000000000000000),
 ( 1.000000000000000000, 0.8701790703543014205, 1.000000000000000000),
 ( 1.000000000000000000, 0.8059241284961445873, 1.000000000000000000),
 ( 1.000000000000000000, 0.7697490220997349475, 1.000000000000000000),
 ( 1.000000000000000000, 0.7338888904445567407, 1.000000000000000000) ) ) 
 REPRESENTATION_ITEM ( '' )  SURFACE ( )  );
#1320 = ORIENTED_EDGE ( 'NONE', *, *, #570, .F. ) ;
#1321 = EDGE_CURVE ( 'NONE', #544, #149, #941, .T. ) ;
#1322 = DIRECTION ( 'NONE',  ( 0.6840353361467549353, 0.7248215488817943974, 0.08203280550604537258 ) ) ;
#1323 = EDGE_CURVE ( 'NONE', #811, #1202, #1720, .T. ) ;
#1324 = CARTESIAN_POINT ( 'NONE',  ( 177.8513715867997860, -130.4519127859755656, -3.030417420830147535 ) ) ;
#1325 = DIRECTION ( 'NONE',  ( -0.000000000000000000, 0.000000000000000000, -1.000000000000000000 ) ) ;
#1326 = DIRECTION ( 'NONE',  ( 0.000000000000000000, 0.000000000000000000, -1.000000000000000000 ) ) ;
#1327 = APPLICATION_CONTEXT ( 'automotive_design' ) ;
#1328 = ORIENTED_EDGE ( 'NONE', *, *, #669, .F. ) ;
#1329 = CARTESIAN_POINT ( 'NONE',  ( 101.0000000000000142, -131.5000000000000000, -4.999999999999999112 ) ) ;
#1330 = CARTESIAN_POINT ( 'NONE',  ( 173.9000000000000057, -127.9500000000000028, 0.000000000000000000 ) ) ;
#1331 = UNCERTAINTY_MEASURE_WITH_UNIT (LENGTH_MEASURE( 1.000000000000000082E-05 ), #1783, 'distance_accuracy_value', 'NONE');
#1332 = VERTEX_POINT ( 'NONE', #2077 ) ;
#1333 = ORIENTED_EDGE ( 'NONE', *, *, #1640, .T. ) ;
#1334 = FACE_OUTER_BOUND ( 'NONE', #226, .T. ) ;
#1335 = CARTESIAN_POINT ( 'NONE',  ( 177.1576585237678785, -130.9863359746287017, -3.397167367984361697 ) ) ;
#1336 = EDGE_CURVE ( 'NONE', #2130, #1798, #624, .T. ) ;
#1337 = FACE_OUTER_BOUND ( 'NONE', #626, .T. ) ;
#1338 = CARTESIAN_POINT ( 'NONE',  ( 100.9999999999999858, -131.5000000000000000, -11.00000000000000000 ) ) ;
#1339 = ORIENTED_EDGE ( 'NONE', *, *, #1412, .T. ) ;
#1340 = ORIENTED_EDGE ( 'NONE', *, *, #584, .F. ) ;
#1341 = CARTESIAN_POINT ( 'NONE',  ( 179.4668921598355666, -131.5000000006909033, -5.000000000078192564 ) ) ;
#1342 = DIRECTION ( 'NONE',  ( 0.000000000000000000, 0.000000000000000000, 1.000000000000000000 ) ) ;
#1343 = ORIENTED_EDGE ( 'NONE', *, *, #1359, .F. ) ;
#1344 = ORIENTED_EDGE ( 'NONE', *, *, #1591, .F. ) ;
#1345 = AXIS2_PLACEMENT_3D ( 'NONE', #444, #1155, #96 ) ;
#1346 = CARTESIAN_POINT ( 'NONE',  ( 178.9250000000000114, -78.22500000000000853, -2.999999999999999112 ) ) ;
#1347 =( BOUNDED_SURFACE ( )  B_SPLINE_SURFACE ( 3, 2, ( 
 ( #2293, #1032, #1021 ),
 ( #695, #1966, #1451 ),
 ( #34, #1628, #1741 ),
 ( #21, #739, #141 ) ),
 .UNSPECIFIED., .F., .F., .F. ) 
 B_SPLINE_SURFACE_WITH_KNOTS ( ( 4, 4 ),
 ( 3, 3 ),
 ( 0.003559147338967576582, 0.003865628031538828266 ),
 ( 0.000000000000000000, 1.000000000000000000 ),
 .UNSPECIFIED. ) 
 GEOMETRIC_REPRESENTATION_ITEM ( )  RATIONAL_B_SPLINE_SURFACE ( (
 ( 1.000000000000000000, 0.7071067811865504593, 1.000000000000000000),
 ( 1.000000000000000000, 0.7161008119878622402, 1.000000000000000000),
 ( 1.000000000000000000, 0.7250247073099975736, 1.000000000000000000),
 ( 1.000000000000000000, 0.7338888904445538541, 1.000000000000000000) ) ) 
 REPRESENTATION_ITEM ( '' )  SURFACE ( )  );
#1348 = EDGE_CURVE ( 'NONE', #280, #1239, #991, .T. ) ;
#1349 = DIRECTION ( 'NONE',  ( -0.000000000000000000, -0.000000000000000000, 1.000000000000000000 ) ) ;
#1350 = LINE ( 'NONE', #623, #1463 ) ;
#1351 = VECTOR ( 'NONE', #1243, 1000.000000000000000 ) ;
#1352 = CYLINDRICAL_SURFACE ( 'NONE', #1273, 3.500000000000003109 ) ;
#1353 = AXIS2_PLACEMENT_3D ( 'NONE', #847, #1564, #155 ) ;
#1354 = EDGE_LOOP ( 'NONE', ( #1296, #1205 ) ) ;
#1355 = ORIENTED_EDGE ( 'NONE', *, *, #1562, .T. ) ;
#1356 = CARTESIAN_POINT ( 'NONE',  ( 178.0610847676228445, -130.2255779183587094, -4.901772738109895222 ) ) ;
#1357 = VECTOR ( 'NONE', #2266, 1000.000000000000000 ) ;
#1358 = DIRECTION ( 'NONE',  ( 1.000000000000000000, 0.000000000000000000, 0.000000000000000000 ) ) ;
#1359 = EDGE_CURVE ( 'NONE', #1957, #694, #2092, .T. ) ;
#1360 = ORIENTED_EDGE ( 'NONE', *, *, #2221, .F. ) ;
#1361 = ORIENTED_EDGE ( 'NONE', *, *, #2147, .T. ) ;
#1362 = DIRECTION ( 'NONE',  ( -0.000000000000000000, -0.000000000000000000, 1.000000000000000000 ) ) ;
#1363 = DIRECTION ( 'NONE',  ( -0.000000000000000000, 0.000000000000000000, -1.000000000000000000 ) ) ;
#1364 = LINE ( 'NONE', #285, #148 ) ;
#1365 = CARTESIAN_POINT ( 'NONE',  ( 109.0000000000000000, -125.5000000000000000, -11.00000000000000000 ) ) ;
#1366 = ORIENTED_EDGE ( 'NONE', *, *, #686, .F. ) ;
#1367 = CARTESIAN_POINT ( 'NONE',  ( 179.3999999999999773, -125.5000000000000000, -11.00000000000000000 ) ) ;
#1368 = CARTESIAN_POINT ( 'NONE',  ( 110.1999999999999886, -59.00000000000001421, 24.00000000000000355 ) ) ;
#1369 = ORIENTED_EDGE ( 'NONE', *, *, #1383, .T. ) ;
#1370 = EDGE_CURVE ( 'NONE', #986, #496, #304, .T. ) ;
#1371 = ORIENTED_EDGE ( 'NONE', *, *, #913, .T. ) ;
#1372 = DIRECTION ( 'NONE',  ( -1.000000000000000000, 0.000000000000000000, 0.000000000000000000 ) ) ;
#1373 = DIRECTION ( 'NONE',  ( 1.000000000000000000, 0.000000000000000000, 0.000000000000000000 ) ) ;
#1374 = DIRECTION ( 'NONE',  ( -1.000000000000000000, 0.000000000000000000, 0.000000000000000000 ) ) ;
#1375 = DIRECTION ( 'NONE',  ( 0.000000000000000000, 0.000000000000000000, -1.000000000000000000 ) ) ;
#1376 = CYLINDRICAL_SURFACE ( 'NONE', #829, 1.752599999999993052 ) ;
#1377 = CARTESIAN_POINT ( 'NONE',  ( 171.6040731968185469, -66.00000000000001421, 21.32117613764879138 ) ) ;
#1378 = ORIENTED_EDGE ( 'NONE', *, *, #2221, .T. ) ;
#1379 = ADVANCED_FACE ( 'NONE', ( #1734 ), #2067, .F. ) ;
#1380 = EDGE_LOOP ( 'NONE', ( #618, #291 ) ) ;
#1381 = DIRECTION ( 'NONE',  ( 0.000000000000000000, -0.000000000000000000, 1.000000000000000000 ) ) ;
#1382 = CARTESIAN_POINT ( 'NONE',  ( 171.9249999999999829, -78.22500000000000853, 9.899494936611741736 ) ) ;
#1383 = EDGE_CURVE ( 'NONE', #2062, #2121, #1393, .T. ) ;
#1384 = AXIS2_PLACEMENT_3D ( 'NONE', #227, #955, #921 ) ;
#1385 = AXIS2_PLACEMENT_3D ( 'NONE', #1624, #2145, #2132 ) ;
#1386 = CARTESIAN_POINT ( 'NONE',  ( 104.6085587216724093, -131.4298984906874637, -4.741887936537572124 ) ) ;
#1387 = DIRECTION ( 'NONE',  ( 1.000000000000000000, 0.000000000000000000, 0.000000000000000000 ) ) ;
#1388 = CIRCLE ( 'NONE', #376, 2.000000000000005329 ) ;
#1389 = VERTEX_POINT ( 'NONE', #1338 ) ;
#1390 = DIRECTION ( 'NONE',  ( -0.000000000000000000, 0.000000000000000000, -1.000000000000000000 ) ) ;
#1391 = DIRECTION ( 'NONE',  ( 0.000000000000000000, 0.000000000000000000, -1.000000000000000000 ) ) ;
#1392 = DIRECTION ( 'NONE',  ( 1.000000000000000000, 0.000000000000000000, 0.000000000000000000 ) ) ;
#1393 = CIRCLE ( 'NONE', #903, 2.000000000000001776 ) ;
#1394 = EDGE_LOOP ( 'NONE', ( #1809, #1006, #1846, #452 ) ) ;
#1395 = CIRCLE ( 'NONE', #1126, 3.499999999999989342 ) ;
#1396 = STYLED_ITEM ( 'NONE', ( #1608 ), #2243 ) ;
#1397 = ORIENTED_EDGE ( 'NONE', *, *, #2182, .F. ) ;
#1398 = CARTESIAN_POINT ( 'NONE',  ( 109.2038165564665348, -131.4965372350474127, -5.000000000000000000 ) ) ;
#1399 = CARTESIAN_POINT ( 'NONE',  ( 160.2000000000000171, -66.00000000000001421, 16.00000000000000355 ) ) ;
#1400 = EDGE_CURVE ( 'NONE', #255, #1919, #1125, .T. ) ;
#1401 = CARTESIAN_POINT ( 'NONE',  ( 175.4250000000000114, -78.22500000000000853, 0.000000000000000000 ) ) ;
#1402 = ORIENTED_EDGE ( 'NONE', *, *, #1209, .F. ) ;
#1403 = FACE_OUTER_BOUND ( 'NONE', #104, .T. ) ;
#1404 = CARTESIAN_POINT ( 'NONE',  ( 175.2442269021503023, -131.4475572844265798, -4.775288518616763511 ) ) ;
#1405 = CARTESIAN_POINT ( 'NONE',  ( 159.4000000000000057, -92.00000000000002842, -11.00000000000000000 ) ) ;
#1406 = ORIENTED_EDGE ( 'NONE', *, *, #2258, .F. ) ;
#1407 = EDGE_LOOP ( 'NONE', ( #1355, #1572, #1431, #1510, #2023 ) ) ;
#1408 = CARTESIAN_POINT ( 'NONE',  ( 177.9454545454545382, -130.3522200475862007, -3.012687179830222828 ) ) ;
#1409 = CARTESIAN_POINT ( 'NONE',  ( 105.2869927696126808, -131.4388106946957464, -4.483805973874757100 ) ) ;
#1410 = CARTESIAN_POINT ( 'NONE',  ( 102.6049349137277318, -130.5340334412481695, -4.528420209883522674 ) ) ;
#1411 = DIRECTION ( 'NONE',  ( -4.237492460401360996E-16, -1.000000000000000000, 0.000000000000000000 ) ) ;
#1412 = EDGE_CURVE ( 'NONE', #845, #631, #718, .T. ) ;
#1413 = VERTEX_POINT ( 'NONE', #1578 ) ;
#1414 = CARTESIAN_POINT ( 'NONE',  ( 109.0000000000000000, -125.5000000000000000, -11.00000000000000000 ) ) ;
#1415 = CARTESIAN_POINT ( 'NONE',  ( 175.2091611696390885, -131.5000000000000000, -5.000000000000043521 ) ) ;
#1416 = DIRECTION ( 'NONE',  ( 0.000000000000000000, -1.000000000000000000, -0.000000000000000000 ) ) ;
#1417 = ORIENTED_EDGE ( 'NONE', *, *, #746, .T. ) ;
#1418 = CARTESIAN_POINT ( 'NONE',  ( 106.7576585237678870, -130.9863359746287017, -3.397167367984334163 ) ) ;
#1419 = CARTESIAN_POINT ( 'NONE',  ( 101.5756337909345888, -131.4999999999999716, -4.999999999999993783 ) ) ;
#1420 = LINE ( 'NONE', #537, #1351 ) ;
#1421 = EDGE_LOOP ( 'NONE', ( #767, #343, #124, #681 ) ) ;
#1422 = DIRECTION ( 'NONE',  ( 0.000000000000000000, 1.000000000000000000, 0.000000000000000000 ) ) ;
#1423 = AXIS2_PLACEMENT_3D ( 'NONE', #27, #51, #1641 ) ;
#1424 = CARTESIAN_POINT ( 'NONE',  ( 176.5604201927380075, -131.2599123727294455, -3.851445729124813422 ) ) ;
#1425 = VECTOR ( 'NONE', #1531, 1000.000000000000000 ) ;
#1426 = PRODUCT_RELATED_PRODUCT_CATEGORY ( 'part', '', ( #919 ) ) ;
#1427 = ORIENTED_EDGE ( 'NONE', *, *, #1527, .F. ) ;
#1428 = EDGE_CURVE ( 'NONE', #1202, #1893, #524, .T. ) ;
#1429 = CIRCLE ( 'NONE', #602, 2.000000000000000000 ) ;
#1430 = AXIS2_PLACEMENT_3D ( 'NONE', #176, #2142, #1056 ) ;
#1431 = ORIENTED_EDGE ( 'NONE', *, *, #855, .T. ) ;
#1432 = DIRECTION ( 'NONE',  ( 0.000000000000000000, -0.000000000000000000, 1.000000000000000000 ) ) ;
#1433 = CIRCLE ( 'NONE', #2098, 6.000000000000005329 ) ;
#1434 = CARTESIAN_POINT ( 'NONE',  ( 102.8208578670181765, -130.6916845240768907, -3.144515403456548341 ) ) ;
#1435 = CARTESIAN_POINT ( 'NONE',  ( 175.4000000000000057, -127.9500000000000028, -2.999999999999999112 ) ) ;
#1436 = ORIENTED_EDGE ( 'NONE', *, *, #2278, .T. ) ;
#1437 = DIRECTION ( 'NONE',  ( 1.000000000000000000, 0.000000000000000000, 0.000000000000000000 ) ) ;
#1438 = CARTESIAN_POINT ( 'NONE',  ( 173.6157738276255600, -130.9706473802577023, -3.378837660430685563 ) ) ;
#1439 = PRODUCT_CONTEXT ( 'NONE', #1327, 'mechanical' ) ;
#1440 = ORIENTED_EDGE ( 'NONE', *, *, #2004, .T. ) ;
#1441 =( BOUNDED_SURFACE ( )  B_SPLINE_SURFACE ( 3, 2, ( 
 ( #199, #1731, #306 ),
 ( #1086, #752, #520 ),
 ( #915, #510, #1468 ),
 ( #209, #2158, #1398 ) ),
 .UNSPECIFIED., .F., .F., .F. ) 
 B_SPLINE_SURFACE_WITH_KNOTS ( ( 4, 4 ),
 ( 3, 3 ),
 ( 0.003648527350503622587, 0.003954283759617846332 ),
 ( 0.000000000000000000, 1.000000000000000000 ),
 .UNSPECIFIED. ) 
 GEOMETRIC_REPRESENTATION_ITEM ( )  RATIONAL_B_SPLINE_SURFACE ( (
 ( 1.000000000000000000, 0.7338888904445521888, 1.000000000000000000),
 ( 1.000000000000000000, 0.7250905534710851974, 1.000000000000000000),
 ( 1.000000000000000000, 0.7160937942431625514, 1.000000000000000000),
 ( 1.000000000000000000, 0.7071067811865473507, 1.000000000000000000) ) ) 
 REPRESENTATION_ITEM ( '' )  SURFACE ( )  );
#1442 = EDGE_CURVE ( 'NONE', #1467, #70, #383, .T. ) ;
#1443 = ORIENTED_EDGE ( 'NONE', *, *, #341, .T. ) ;
#1444 = DIRECTION ( 'NONE',  ( 1.224646799147353207E-16, 1.000000000000000000, 0.000000000000000000 ) ) ;
#1445 = CARTESIAN_POINT ( 'NONE',  ( 105.9549548252098390, -131.4999999999999147, -4.999999999999781508 ) ) ;
#1446 = DIRECTION ( 'NONE',  ( -1.000000000000000000, 0.000000000000000000, 0.000000000000000000 ) ) ;
#1447 = VERTEX_POINT ( 'NONE', #557 ) ;
#1448 = CARTESIAN_POINT ( 'NONE',  ( 175.4250000000000114, -78.22500000000000853, -2.999999999999999112 ) ) ;
#1449 = CARTESIAN_POINT ( 'NONE',  ( 171.9756337909346087, -131.5000000000000853, -5.000000000000024869 ) ) ;
#1450 = CARTESIAN_POINT ( 'NONE',  ( 185.3999999999999773, -125.5000000000000000, -11.00000000000000000 ) ) ;
#1451 = CARTESIAN_POINT ( 'NONE',  ( 171.2647138686115795, -131.4988665180543137, -5.000000000000000000 ) ) ;
#1452 = ORIENTED_EDGE ( 'NONE', *, *, #1702, .T. ) ;
#1453 = DIRECTION ( 'NONE',  ( 0.000000000000000000, -0.000000000000000000, 1.000000000000000000 ) ) ;
#1454 = ADVANCED_FACE ( 'NONE', ( #2128 ), #17, .F. ) ;
#1455 = LINE ( 'NONE', #1821, #1122 ) ;
#1456 = EDGE_CURVE ( 'NONE', #595, #1563, #698, .T. ) ;
#1457 = DIRECTION ( 'NONE',  ( -1.000000000000000000, 0.000000000000000000, 0.000000000000000000 ) ) ;
#1458 = AXIS2_PLACEMENT_3D ( 'NONE', #476, #642, #277 ) ;
#1459 = ORIENTED_EDGE ( 'NONE', *, *, #1146, .T. ) ;
#1460 = DIRECTION ( 'NONE',  ( 0.6840353361467618187, 0.7248215488817856267, 0.08203280550606495414 ) ) ;
#1461 = FACE_OUTER_BOUND ( 'NONE', #664, .T. ) ;
#1462 = DIRECTION ( 'NONE',  ( -0.000000000000000000, -1.000000000000000000, -0.000000000000000000 ) ) ;
#1463 = VECTOR ( 'NONE', #2030, 1000.000000000000000 ) ;
#1464 = AXIS2_PLACEMENT_3D ( 'NONE', #1414, #895, #549 ) ;
#1465 = VECTOR ( 'NONE', #1309, 1000.000000000000000 ) ;
#1466 = AXIS2_PLACEMENT_3D ( 'NONE', #1213, #263, #979 ) ;
#1467 = VERTEX_POINT ( 'NONE', #1779 ) ;
#1468 = CARTESIAN_POINT ( 'NONE',  ( 109.1353388538846474, -131.4988647266087582, -5.000000000000000000 ) ) ;
#1469 = VERTEX_POINT ( 'NONE', #1076 ) ;
#1470 = VECTOR ( 'NONE', #2264, 1000.000000000000000 ) ;
#1471 = TOROIDAL_SURFACE ( 'NONE', #1722, 5.500000000000020428, 2.000000000000000000 ) ;
#1472 = CARTESIAN_POINT ( 'NONE',  ( 107.6024690701125905, -130.3072284219907431, -4.686215484696176325 ) ) ;
#1473 = CONICAL_SURFACE ( 'NONE', #2290, 3.898899999999996702, 0.7155849933176761102 ) ;
#1474 = ORIENTED_EDGE ( 'NONE', *, *, #39, .T. ) ;
#1475 = FACE_OUTER_BOUND ( 'NONE', #1030, .T. ) ;
#1476 = DIRECTION ( 'NONE',  ( 1.000000000000000000, 0.000000000000000000, 0.000000000000000000 ) ) ;
#1477 = DIRECTION ( 'NONE',  ( -0.6448249518268029945, 0.7643302829939171428, 4.474371927318273484E-15 ) ) ;
#1478 = ORIENTED_EDGE ( 'NONE', *, *, #1487, .F. ) ;
#1479 = FACE_OUTER_BOUND ( 'NONE', #1488, .T. ) ;
#1480 = ORIENTED_EDGE ( 'NONE', *, *, #1236, .F. ) ;
#1481 = CARTESIAN_POINT ( 'NONE',  ( 105.4058337467829460, -131.4999999999999147, -4.999999999999761968 ) ) ;
#1482 = CARTESIAN_POINT ( 'NONE',  ( 160.2000000000000171, -59.00000000000001421, 14.24740000000001139 ) ) ;
#1483 = ORIENTED_EDGE ( 'NONE', *, *, #94, .F. ) ;
#1484 = PLANE ( 'NONE',  #1826 ) ;
#1485 = CARTESIAN_POINT ( 'NONE',  ( 178.0496800783627407, -130.2417799749707967, -4.857598992805469251 ) ) ;
#1486 = DIRECTION ( 'NONE',  ( -1.000000000000000000, 0.000000000000000000, 0.000000000000000000 ) ) ;
#1487 = EDGE_CURVE ( 'NONE', #504, #29, #1796, .T. ) ;
#1488 = EDGE_LOOP ( 'NONE', ( #1316, #1775, #1069, #1290 ) ) ;
#1489 = EDGE_CURVE ( 'NONE', #1413, #2062, #495, .T. ) ;
#1490 =( BOUNDED_CURVE ( )  B_SPLINE_CURVE ( 3, ( #435, #600, #2212, #52 ),
 .UNSPECIFIED., .F., .F. ) 
 B_SPLINE_CURVE_WITH_KNOTS ( ( 4, 4 ),
 ( 0.000000000000000000, 1.570796326794896780 ),
 .UNSPECIFIED. ) 
 CURVE ( )  GEOMETRIC_REPRESENTATION_ITEM ( )  RATIONAL_B_SPLINE_CURVE ( ( 1.000000000000000000, 0.8047378541243649375, 0.8047378541243649375, 1.000000000000000000 ) ) 
 REPRESENTATION_ITEM ( '' )  );
#1491 = ORIENTED_EDGE ( 'NONE', *, *, #25, .T. ) ;
#1492 = CARTESIAN_POINT ( 'NONE',  ( 106.4609095336531084, -131.1561811199340468, -4.490070858670923926 ) ) ;
#1493 = CARTESIAN_POINT ( 'NONE',  ( 176.9584752747023799, -131.0915465156113271, -3.544213174690144186 ) ) ;
#1494 = CARTESIAN_POINT ( 'NONE',  ( 175.4000000000000057, -127.9500000000000028, 1.371604415045033344E-15 ) ) ;
#1495 = CARTESIAN_POINT ( 'NONE',  ( 177.1840753572962512, -130.9708121460120935, -3.378878031233848223 ) ) ;
#1496 = ORIENTED_EDGE ( 'NONE', *, *, #1097, .T. ) ;
#1497 = CARTESIAN_POINT ( 'NONE',  ( 179.6038165564665690, -131.4965372350474127, -5.000000000000000000 ) ) ;
#1498 = LINE ( 'NONE', #1368, #2055 ) ;
#1499 = CIRCLE ( 'NONE', #2200, 1.500000000000001332 ) ;
#1500 = EDGE_CURVE ( 'NONE', #2231, #2144, #2171, .T. ) ;
#1501 = EDGE_LOOP ( 'NONE', ( #1831, #2005, #2273, #1545 ) ) ;
#1502 = AXIS2_PLACEMENT_3D ( 'NONE', #1552, #972, #1372 ) ;
#1503 = CARTESIAN_POINT ( 'NONE',  ( 120.1999999999999886, -66.00000000000001421, 17.75259999999999749 ) ) ;
#1504 = CARTESIAN_POINT ( 'NONE',  ( 174.7999563043420892, -131.3999536652825384, -4.288731368596934601 ) ) ;
#1505 = VECTOR ( 'NONE', #143, 1000.000000000000114 ) ;
#1506 = VECTOR ( 'NONE', #1186, 1000.000000000000000 ) ;
#1507 = DIRECTION ( 'NONE',  ( 0.000000000000000000, -0.000000000000000000, 1.000000000000000000 ) ) ;
#1508 = DIRECTION ( 'NONE',  ( -0.8857119472607282162, 0.000000000000000000, 0.4642352275297610409 ) ) ;
#1509 = AXIS2_PLACEMENT_3D ( 'NONE', #1678, #1140, #1896 ) ;
#1510 = ORIENTED_EDGE ( 'NONE', *, *, #1284, .F. ) ;
#1511 = CARTESIAN_POINT ( 'NONE',  ( 171.4000000000000341, -131.5000000000000000, -11.00000000000000000 ) ) ;
#1512 = DIRECTION ( 'NONE',  ( -0.000000000000000000, 0.000000000000000000, 1.000000000000000000 ) ) ;
#1513 = ORIENTED_EDGE ( 'NONE', *, *, #954, .F. ) ;
#1514 = EDGE_CURVE ( 'NONE', #494, #1817, #569, .T. ) ;
#1515 = EDGE_CURVE ( 'NONE', #2136, #1798, #2050, .T. ) ;
#1516 = CARTESIAN_POINT ( 'NONE',  ( 0.000000000000000000, -66.00000000000001421, 0.000000000000000000 ) ) ;
#1517 = CARTESIAN_POINT ( 'NONE',  ( 165.4000000000000057, -125.5000000000000000, -5.000000000000000000 ) ) ;
#1518 = DIRECTION ( 'NONE',  ( 1.000000000000000000, 0.000000000000000000, 0.000000000000000000 ) ) ;
#1519 = DIRECTION ( 'NONE',  ( 1.000000000000000000, 0.000000000000000000, 0.000000000000000000 ) ) ;
#1520 = ORIENTED_EDGE ( 'NONE', *, *, #658, .F. ) ;
#1521 = DIRECTION ( 'NONE',  ( 1.000000000000000000, 0.000000000000000000, 0.000000000000000000 ) ) ;
#1522 = DIRECTION ( 'NONE',  ( 0.000000000000000000, 0.000000000000000000, -1.000000000000000000 ) ) ;
#1523 = ORIENTED_EDGE ( 'NONE', *, *, #2150, .F. ) ;
#1524 = ORIENTED_EDGE ( 'NONE', *, *, #1860, .T. ) ;
#1525 = CARTESIAN_POINT ( 'NONE',  ( 102.3669069046784443, -130.2567457378775089, -2.999999999999999112 ) ) ;
#1526 = DIRECTION ( 'NONE',  ( -0.000000000000000000, 1.000000000000000000, -0.000000000000000000 ) ) ;
#1527 = EDGE_CURVE ( 'NONE', #336, #144, #1158, .T. ) ;
#1528 = DIRECTION ( 'NONE',  ( -0.000000000000000000, -0.000000000000000000, 1.000000000000000000 ) ) ;
#1529 = DIRECTION ( 'NONE',  ( -1.000000000000000000, 0.000000000000000000, 0.000000000000000000 ) ) ;
#1530 = CARTESIAN_POINT ( 'NONE',  ( 109.0000000000000000, -125.5000000000000000, -5.000000000000000000 ) ) ;
#1531 = DIRECTION ( 'NONE',  ( -0.000000000000000000, -0.000000000000000000, 1.000000000000000000 ) ) ;
#1532 = DIRECTION ( 'NONE',  ( 1.000000000000000000, 0.000000000000000000, 0.000000000000000000 ) ) ;
#1533 = ORIENTED_EDGE ( 'NONE', *, *, #2150, .T. ) ;
#1534 = VECTOR ( 'NONE', #962, 1000.000000000000000 ) ;
#1535 = ORIENTED_EDGE ( 'NONE', *, *, #774, .T. ) ;
#1536 = AXIS2_PLACEMENT_3D ( 'NONE', #1109, #1521, #966 ) ;
#1537 = DIRECTION ( 'NONE',  ( -0.000000000000000000, -0.000000000000000000, 1.000000000000000000 ) ) ;
#1538 = CARTESIAN_POINT ( 'NONE',  ( 160.2000000000000171, -63.53096428758156833, 17.75259999999999749 ) ) ;
#1539 = AXIS2_PLACEMENT_3D ( 'NONE', #666, #1747, #317 ) ;
#1540 = DIRECTION ( 'NONE',  ( 1.000000000000000000, 0.000000000000000000, 0.000000000000000000 ) ) ;
#1541 = AXIS2_PLACEMENT_3D ( 'NONE', #1365, #109, #1387 ) ;
#1542 = DIRECTION ( 'NONE',  ( 1.000000000000000000, 0.000000000000000000, 0.000000000000000000 ) ) ;
#1543 = PRODUCT_DEFINITION ( 'UNKNOWN', '', #1207, #6 ) ;
#1544 = VECTOR ( 'NONE', #1602, 1000.000000000000000 ) ;
#1545 = ORIENTED_EDGE ( 'NONE', *, *, #1807, .F. ) ;
#1546 = DIRECTION ( 'NONE',  ( 0.000000000000000000, 0.000000000000000000, -1.000000000000000000 ) ) ;
#1547 = DIRECTION ( 'NONE',  ( -0.000000000000000000, 1.000000000000000000, -0.000000000000000000 ) ) ;
#1548 = AXIS2_PLACEMENT_3D ( 'NONE', #2191, #32, #1965 ) ;
#1549 = CARTESIAN_POINT ( 'NONE',  ( 105.0000000000000000, -78.20000000000000284, -5.000000000000000000 ) ) ;
#1550 = ORIENTED_EDGE ( 'NONE', *, *, #2041, .T. ) ;
#1551 = ORIENTED_EDGE ( 'NONE', *, *, #25, .F. ) ;
#1552 = CARTESIAN_POINT ( 'NONE',  ( 99.50000000000000000, -78.20000000000000284, -2.999999999999999112 ) ) ;
#1553 = CARTESIAN_POINT ( 'NONE',  ( 175.4000000000000057, -127.9500000000000028, 0.000000000000000000 ) ) ;
#1554 = CARTESIAN_POINT ( 'NONE',  ( 173.9249999999999829, -78.22500000000000853, 1.371604415045033344E-15 ) ) ;
#1555 = DIRECTION ( 'NONE',  ( -0.000000000000000000, -0.000000000000000000, -1.000000000000000000 ) ) ;
#1556 = VERTEX_POINT ( 'NONE', #892 ) ;
#1557 = CARTESIAN_POINT ( 'NONE',  ( 167.1755134605149351, -59.00000000000001421, 18.99999999999999289 ) ) ;
#1558 = DIRECTION ( 'NONE',  ( 1.000000000000000000, 0.000000000000000000, 0.000000000000000000 ) ) ;
#1559 = ADVANCED_FACE ( 'NONE', ( #2305 ), #1972, .T. ) ;
#1560 = CARTESIAN_POINT ( 'NONE',  ( 108.4999999999999858, -127.9500000000000028, 9.899494936611741736 ) ) ;
#1561 = ORIENTED_EDGE ( 'NONE', *, *, #1959, .F. ) ;
#1562 = EDGE_CURVE ( 'NONE', #595, #581, #1420, .T. ) ;
#1563 = VERTEX_POINT ( 'NONE', #1952 ) ;
#1564 = DIRECTION ( 'NONE',  ( -0.000000000000000000, -0.000000000000000000, 1.000000000000000000 ) ) ;
#1565 = DIRECTION ( 'NONE',  ( 1.000000000000000000, 0.000000000000000000, 0.000000000000000000 ) ) ;
#1566 = CARTESIAN_POINT ( 'NONE',  ( 0.000000000000000000, -71.00000000000002842, 0.000000000000000000 ) ) ;
#1567 = EDGE_LOOP ( 'NONE', ( #1360, #1397, #1294, #211, #1147, #2216, #1216, #1914 ) ) ;
#1568 = DIRECTION ( 'NONE',  ( 0.000000000000000000, -1.000000000000000000, 0.000000000000000000 ) ) ;
#1569 = DIRECTION ( 'NONE',  ( -0.000000000000000000, -1.000000000000000000, -0.000000000000000000 ) ) ;
#1570 = ORIENTED_EDGE ( 'NONE', *, *, #83, .T. ) ;
#1571 = ADVANCED_FACE ( 'NONE', ( #158 ), #1252, .F. ) ;
#1572 = ORIENTED_EDGE ( 'NONE', *, *, #1677, .T. ) ;
#1573 = CARTESIAN_POINT ( 'NONE',  ( 105.0000000000000000, -78.20000000000000284, -2.999999999999999112 ) ) ;
#1574 = DIRECTION ( 'NONE',  ( -0.000000000000000000, -0.000000000000000000, 1.000000000000000000 ) ) ;
#1575 = CLOSED_SHELL ( 'NONE', ( #759, #179, #587, #996, #622, #1177, #893, #2163, #326, #844, #904, #1590, #1788, #107, #1559, #388, #1237, #1110, #1886, #1454, #295, #876, #231, #2072, #1571, #1974, #1960, #1065, #2028, #2310, #312, #314, #1305, #240, #1616, #1191, #1629, #1134, #939, #123, #501, #381, #983, #812, #1098, #825, #1689, #785, #870, #531, #884, #1135, #139, #167, #196, #620, #571, #2223, #429, #1750, #1178, #2210, #554, #1819, #13, #1723, #1379 ) ) ;
#1576 = VECTOR ( 'NONE', #497, 1000.000000000000000 ) ;
#1577 = CARTESIAN_POINT ( 'NONE',  ( 103.1908019515359030, -131.4999999999996021, -4.999999999999499956 ) ) ;
#1578 = CARTESIAN_POINT ( 'NONE',  ( 108.4999999999999858, -127.9500000000000028, -2.999999999999999112 ) ) ;
#1579 = EDGE_LOOP ( 'NONE', ( #1059, #1550, #1443, #1941 ) ) ;
#1580 = AXIS2_PLACEMENT_3D ( 'NONE', #1220, #1769, #1068 ) ;
#1581 = PLANE ( 'NONE',  #72 ) ;
#1582 = DIRECTION ( 'NONE',  ( 0.000000000000000000, -1.000000000000000000, 0.000000000000000000 ) ) ;
#1583 = DIRECTION ( 'NONE',  ( -0.000000000000000000, -0.000000000000000000, 1.000000000000000000 ) ) ;
#1584 = VECTOR ( 'NONE', #224, 1000.000000000000000 ) ;
#1585 = AXIS2_PLACEMENT_3D ( 'NONE', #2301, #1583, #1392 ) ;
#1586 = AXIS2_PLACEMENT_3D ( 'NONE', #127, #57, #1265 ) ;
#1587 = ORIENTED_EDGE ( 'NONE', *, *, #1890, .T. ) ;
#1588 = FACE_OUTER_BOUND ( 'NONE', #218, .T. ) ;
#1589 = DIRECTION ( 'NONE',  ( 1.000000000000000000, 0.000000000000000000, 0.000000000000000000 ) ) ;
#1590 = ADVANCED_FACE ( 'NONE', ( #1035 ), #1471, .F. ) ;
#1591 = EDGE_CURVE ( 'NONE', #676, #482, #157, .T. ) ;
#1592 = CARTESIAN_POINT ( 'NONE',  ( 103.8486921513181471, -131.2633309104429884, -3.858632742295760920 ) ) ;
#1593 = CARTESIAN_POINT ( 'NONE',  ( 115.0000000000000000, -131.5000000000000000, -11.00000000000000000 ) ) ;
#1594 = VERTEX_POINT ( 'NONE', #1787 ) ;
#1595 = DIRECTION ( 'NONE',  ( 0.000000000000000000, -1.000000000000000000, 0.000000000000000000 ) ) ;
#1596 = CARTESIAN_POINT ( 'NONE',  ( 174.6354815745976339, -131.3724408256907452, -4.658292525045703236 ) ) ;
#1597 = CARTESIAN_POINT ( 'NONE',  ( 185.4000000000000057, -68.07106781186548972, -5.000000000000000000 ) ) ;
#1598 = ORIENTED_EDGE ( 'NONE', *, *, #238, .F. ) ;
#1599 = ORIENTED_EDGE ( 'NONE', *, *, #2004, .F. ) ;
#1600 = CARTESIAN_POINT ( 'NONE',  ( 103.4545519998300875, -131.0983002027689110, -3.553853597572679046 ) ) ;
#1601 = DIRECTION ( 'NONE',  ( 1.000000000000000000, 0.000000000000000000, 0.000000000000000000 ) ) ;
#1602 = DIRECTION ( 'NONE',  ( 0.000000000000000000, 1.000000000000000000, 0.000000000000000000 ) ) ;
#1603 = EDGE_CURVE ( 'NONE', #1855, #2314, #1395, .T. ) ;
#1604 = ORIENTED_EDGE ( 'NONE', *, *, #1514, .F. ) ;
#1605 = LINE ( 'NONE', #2299, #222 ) ;
#1606 = CARTESIAN_POINT ( 'NONE',  ( 176.8816499488732177, -131.5000000000003979, -5.000000000000865974 ) ) ;
#1607 = EDGE_CURVE ( 'NONE', #1556, #2073, #2178, .T. ) ;
#1608 = PRESENTATION_STYLE_ASSIGNMENT (( #1912 ) ) ;
#1609 = ORIENTED_EDGE ( 'NONE', *, *, #2282, .T. ) ;
#1610 = CARTESIAN_POINT ( 'NONE',  ( 104.7523919087637836, -131.4418486319194699, -4.502203615144861892 ) ) ;
#1611 = EDGE_LOOP ( 'NONE', ( #1402, #2166, #1724, #1989 ) ) ;
#1612 = DIRECTION ( 'NONE',  ( 1.000000000000000000, 0.000000000000000000, 0.000000000000000000 ) ) ;
#1613 = AXIS2_PLACEMENT_3D ( 'NONE', #2066, #132, #1540 ) ;
#1614 = CARTESIAN_POINT ( 'NONE',  ( 175.0085587216723297, -131.4298984906861278, -4.741887936537563242 ) ) ;
#1615 =( NAMED_UNIT ( * ) SI_UNIT ( $, .STERADIAN. ) SOLID_ANGLE_UNIT ( ) );
#1616 = ADVANCED_FACE ( 'NONE', ( #1770, #169 ), #368, .T. ) ;
#1617 = AXIS2_PLACEMENT_3D ( 'NONE', #1298, #953, #333 ) ;
#1618 = ORIENTED_EDGE ( 'NONE', *, *, #150, .F. ) ;
#1619 = FACE_BOUND ( 'NONE', #1187, .T. ) ;
#1620 = AXIS2_PLACEMENT_3D ( 'NONE', #1234, #2291, #703 ) ;
#1621 = CARTESIAN_POINT ( 'NONE',  ( 108.4284941852595523, -131.4999999999999147, -4.999999999999957367 ) ) ;
#1622 = CARTESIAN_POINT ( 'NONE',  ( 175.4000000000000057, -127.9500000000000028, -2.999999999999999112 ) ) ;
#1623 = VERTEX_POINT ( 'NONE', #203 ) ;
#1624 = CARTESIAN_POINT ( 'NONE',  ( 175.4250000000000114, -78.22500000000000853, -2.999999999999999112 ) ) ;
#1625 = CARTESIAN_POINT ( 'NONE',  ( 173.4683472259681878, -130.9072759051974231, -4.433498552463932540 ) ) ;
#1626 = LINE ( 'NONE', #773, #422 ) ;
#1627 = EDGE_CURVE ( 'NONE', #2254, #811, #28, .T. ) ;
#1628 = CARTESIAN_POINT ( 'NONE',  ( 172.7388314682555972, -130.2254589189612943, -4.902097185968598225 ) ) ;
#1629 = ADVANCED_FACE ( 'NONE', ( #2164 ), #1143, .T. ) ;
#1630 = EDGE_LOOP ( 'NONE', ( #2123, #1618, #693, #1692 ) ) ;
#1631 = CARTESIAN_POINT ( 'NONE',  ( 104.5112552485757789, -131.4177855781673259, -4.369621901615342807 ) ) ;
#1632 = CARTESIAN_POINT ( 'NONE',  ( 107.4858484728890033, -130.4538517396696022, -4.560697729445791992 ) ) ;
#1633 = ORIENTED_EDGE ( 'NONE', *, *, #366, .F. ) ;
#1634 = DIRECTION ( 'NONE',  ( -0.000000000000000000, -0.000000000000000000, -1.000000000000000000 ) ) ;
#1635 = CARTESIAN_POINT ( 'NONE',  ( 175.3269912601799092, -131.4501711468552969, -4.780966997684313213 ) ) ;
#1636 = CARTESIAN_POINT ( 'NONE',  ( 120.1999999999999886, -66.00000000000001421, 16.00000000000000355 ) ) ;
#1637 = ORIENTED_EDGE ( 'NONE', *, *, #265, .T. ) ;
#1638 = DIRECTION ( 'NONE',  ( -1.000000000000000000, -0.000000000000000000, 0.000000000000000000 ) ) ;
#1639 = ORIENTED_EDGE ( 'NONE', *, *, #309, .T. ) ;
#1640 = EDGE_CURVE ( 'NONE', #2108, #245, #1490, .T. ) ;
#1641 = DIRECTION ( 'NONE',  ( 0.000000000000000000, 0.000000000000000000, -1.000000000000000000 ) ) ;
#1642 = ORIENTED_EDGE ( 'NONE', *, *, #713, .T. ) ;
#1643 = DIRECTION ( 'NONE',  ( 0.000000000000000000, 1.000000000000000000, 0.000000000000000000 ) ) ;
#1644 = CYLINDRICAL_SURFACE ( 'NONE', #8, 6.000000000000005329 ) ;
#1645 = CIRCLE ( 'NONE', #1008, 1.500000000000001332 ) ;
#1646 = AXIS2_PLACEMENT_3D ( 'NONE', #2288, #1231, #879 ) ;
#1647 = AXIS2_PLACEMENT_3D ( 'NONE', #671, #1381, #67 ) ;
#1648 = ORIENTED_EDGE ( 'NONE', *, *, #2312, .T. ) ;
#1649 = DIRECTION ( 'NONE',  ( 1.000000000000000000, 0.000000000000000000, 0.000000000000000000 ) ) ;
#1650 = EDGE_LOOP ( 'NONE', ( #936, #578, #319, #2298 ) ) ;
#1651 = AXIS2_PLACEMENT_3D ( 'NONE', #31, #749, #1476 ) ;
#1652 = CIRCLE ( 'NONE', #1832, 2.000000000000001776 ) ;
#1653 = EDGE_CURVE ( 'NONE', #1447, #1563, #269, .T. ) ;
#1654 = CIRCLE ( 'NONE', #1947, 5.499999999999991118 ) ;
#1655 = CYLINDRICAL_SURFACE ( 'NONE', #1617, 5.000000000000000888 ) ;
#1656 = ORIENTED_EDGE ( 'NONE', *, *, #2089, .T. ) ;
#1657 = CARTESIAN_POINT ( 'NONE',  ( 175.4000000000000057, -127.9500000000000028, 9.899494936611741736 ) ) ;
#1658 = DIRECTION ( 'NONE',  ( -1.000000000000000000, 0.000000000000000000, 0.000000000000000000 ) ) ;
#1659 = DIRECTION ( 'NONE',  ( 0.000000000000000000, -1.000000000000000000, 0.000000000000000000 ) ) ;
#1660 = VERTEX_POINT ( 'NONE', #1517 ) ;
#1661 = EDGE_LOOP ( 'NONE', ( #552, #33, #2260, #508 ) ) ;
#1662 = DIRECTION ( 'NONE',  ( 0.000000000000000000, 0.000000000000000000, -1.000000000000000000 ) ) ;
#1663 = CARTESIAN_POINT ( 'NONE',  ( 175.9207042975660045, -131.4130126392821296, -4.347249786600683841 ) ) ;
#1664 = CARTESIAN_POINT ( 'NONE',  ( 100.9999999999999858, -131.5000000000000000, -11.00000000000000000 ) ) ;
#1665 = DIRECTION ( 'NONE',  ( 0.000000000000000000, -0.000000000000000000, 1.000000000000000000 ) ) ;
#1666 = EDGE_CURVE ( 'NONE', #2063, #810, #1072, .T. ) ;
#1667 = ORIENTED_EDGE ( 'NONE', *, *, #1948, .F. ) ;
#1668 = CARTESIAN_POINT ( 'NONE',  ( 178.9000000000000341, -127.9500000000000028, 9.899494936611741736 ) ) ;
#1669 = CARTESIAN_POINT ( 'NONE',  ( 105.3470173628991944, -131.4332422146872545, -4.451521939472642408 ) ) ;
#1670 = VERTEX_POINT ( 'NONE', #1482 ) ;
#1671 = DIRECTION ( 'NONE',  ( 0.7643302829939170318, -0.6448249518268029945, 0.000000000000000000 ) ) ;
#1672 = DIRECTION ( 'NONE',  ( 0.000000000000000000, -0.000000000000000000, 1.000000000000000000 ) ) ;
#1673 = DIRECTION ( 'NONE',  ( -0.000000000000000000, -0.000000000000000000, -1.000000000000000000 ) ) ;
#1674 = DIRECTION ( 'NONE',  ( 0.000000000000000000, -0.7547095802227713479, -0.6560590289905080530 ) ) ;
#1675 = ORIENTED_EDGE ( 'NONE', *, *, #1209, .T. ) ;
#1676 = DIRECTION ( 'NONE',  ( -0.000000000000000000, -0.000000000000000000, 1.000000000000000000 ) ) ;
#1677 = EDGE_CURVE ( 'NONE', #581, #479, #973, .T. ) ;
#1678 = CARTESIAN_POINT ( 'NONE',  ( 105.0000000000000000, -127.9500000000000028, -2.999999999999999112 ) ) ;
#1679 = VECTOR ( 'NONE', #1638, 1000.000000000000000 ) ;
#1680 = ORIENTED_EDGE ( 'NONE', *, *, #802, .T. ) ;
#1681 = LINE ( 'NONE', #803, #971 ) ;
#1682 = CARTESIAN_POINT ( 'NONE',  ( 185.3999999999999773, -131.5000000000000000, -5.000000000000000000 ) ) ;
#1683 = AXIS2_PLACEMENT_3D ( 'NONE', #513, #178, #1744 ) ;
#1684 = CARTESIAN_POINT ( 'NONE',  ( 100.9999999999999716, -131.5000000000000000, -5.000000000000000888 ) ) ;
#1685 = CARTESIAN_POINT ( 'NONE',  ( 121.0000000000000142, -86.00000000000001421, -11.00000000000000000 ) ) ;
#1686 = ORIENTED_EDGE ( 'NONE', *, *, #1691, .T. ) ;
#1687 = CARTESIAN_POINT ( 'NONE',  ( 185.3999999999999773, -125.5000000000000000, -11.00000000000000000 ) ) ;
#1688 = FACE_OUTER_BOUND ( 'NONE', #1579, .T. ) ;
#1689 = ADVANCED_FACE ( 'NONE', ( #592 ), #2054, .F. ) ;
#1690 = EDGE_LOOP ( 'NONE', ( #878, #268 ) ) ;
#1691 = EDGE_CURVE ( 'NONE', #336, #1306, #197, .T. ) ;
#1692 = ORIENTED_EDGE ( 'NONE', *, *, #83, .F. ) ;
#1693 = CARTESIAN_POINT ( 'NONE',  ( 179.6038165564665690, -131.4965372350474127, -3.000000000000000000 ) ) ;
#1694 = DIRECTION ( 'NONE',  ( 0.000000000000000000, -1.000000000000000000, -0.000000000000000000 ) ) ;
#1695 = DIRECTION ( 'NONE',  ( 1.000000000000000000, 0.000000000000000000, 0.000000000000000000 ) ) ;
#1696 = CARTESIAN_POINT ( 'NONE',  ( 107.6621488598752734, -130.2223050719556738, -3.000000000000000000 ) ) ;
#1697 = CARTESIAN_POINT ( 'NONE',  ( 171.4000000000000341, -131.5000000000000000, -5.000000000000000000 ) ) ;
#1698 = DIRECTION ( 'NONE',  ( -0.000000000000000000, -0.000000000000000000, -1.000000000000000000 ) ) ;
#1699 = DIRECTION ( 'NONE',  ( 0.000000000000000000, 0.000000000000000000, 1.000000000000000000 ) ) ;
#1700 = ORIENTED_EDGE ( 'NONE', *, *, #1163, .T. ) ;
#1701 = EDGE_LOOP ( 'NONE', ( #2159, #2100, #1934, #721 ) ) ;
#1702 = EDGE_CURVE ( 'NONE', #653, #1467, #2135, .T. ) ;
#1703 = CARTESIAN_POINT ( 'NONE',  ( 172.7248440095212629, -130.2068873313938298, -2.999999999999999112 ) ) ;
#1704 = FACE_OUTER_BOUND ( 'NONE', #1394, .T. ) ;
#1705 = DIRECTION ( 'NONE',  ( -0.000000000000000000, -1.000000000000000000, -0.000000000000000000 ) ) ;
#1706 = DIRECTION ( 'NONE',  ( 1.000000000000000000, 0.000000000000000000, 0.000000000000000000 ) ) ;
#1707 = ORIENTED_EDGE ( 'NONE', *, *, #265, .F. ) ;
#1708 = ORIENTED_EDGE ( 'NONE', *, *, #2307, .T. ) ;
#1709 = CARTESIAN_POINT ( 'NONE',  ( 178.0496800783627691, -130.2417799749707683, -4.857598992805485238 ) ) ;
#1710 = CARTESIAN_POINT ( 'NONE',  ( 94.99999999999998579, -71.00000000000002842, -5.000000000000000000 ) ) ;
#1711 = AXIS2_PLACEMENT_3D ( 'NONE', #193, #2156, #516 ) ;
#1712 = ORIENTED_EDGE ( 'NONE', *, *, #2140, .T. ) ;
#1713 = ORIENTED_EDGE ( 'NONE', *, *, #208, .F. ) ;
#1714 = AXIS2_PLACEMENT_3D ( 'NONE', #402, #568, #938 ) ;
#1715 = CARTESIAN_POINT ( 'NONE',  ( 160.2000000000000171, -66.00000000000001421, 16.00000000000000355 ) ) ;
#1716 = CARTESIAN_POINT ( 'NONE',  ( 167.1755134605149351, -66.00000000000001421, 23.99999999999999289 ) ) ;
#1717 = VECTOR ( 'NONE', #468, 1000.000000000000000 ) ;
#1718 = EDGE_CURVE ( 'NONE', #1012, #1272, #1113, .T. ) ;
#1719 = DIRECTION ( 'NONE',  ( 1.000000000000000000, 0.000000000000000000, 0.000000000000000000 ) ) ;
#1720 = CIRCLE ( 'NONE', #1311, 6.000000000000005329 ) ;
#1721 = FACE_OUTER_BOUND ( 'NONE', #81, .T. ) ;
#1722 = AXIS2_PLACEMENT_3D ( 'NONE', #1435, #2143, #907 ) ;
#1723 = ADVANCED_FACE ( 'NONE', ( #940 ), #1655, .T. ) ;
#1724 = ORIENTED_EDGE ( 'NONE', *, *, #726, .T. ) ;
#1725 = CARTESIAN_POINT ( 'NONE',  ( 120.1999999999999886, -59.00000000000001421, 16.00000000000000355 ) ) ;
#1726 = CARTESIAN_POINT ( 'NONE',  ( 178.0751559904787484, -130.2068873313938013, -5.000000000000022204 ) ) ;
#1727 = VECTOR ( 'NONE', #1982, 1000.000000000000000 ) ;
#1728 = UNCERTAINTY_MEASURE_WITH_UNIT (LENGTH_MEASURE( 1.000000000000000082E-05 ), #137, 'distance_accuracy_value', 'NONE');
#1729 = ORIENTED_EDGE ( 'NONE', *, *, #2107, .F. ) ;
#1730 = ORIENTED_EDGE ( 'NONE', *, *, #152, .T. ) ;
#1731 = CARTESIAN_POINT ( 'NONE',  ( 107.6496800783627350, -130.2417799749707683, -4.857598992805489679 ) ) ;
#1732 = LINE ( 'NONE', #307, #981 ) ;
#1733 = CARTESIAN_POINT ( 'NONE',  ( 115.0000000000000000, -125.5000000000000000, -5.000000000000000000 ) ) ;
#1734 = FACE_OUTER_BOUND ( 'NONE', #2259, .T. ) ;
#1735 = CARTESIAN_POINT ( 'NONE',  ( 175.4250000000000114, -78.22500000000000853, -5.000000000000000000 ) ) ;
#1736 = DIRECTION ( 'NONE',  ( -0.000000000000000000, -0.000000000000000000, -1.000000000000000000 ) ) ;
#1737 = SURFACE_SIDE_STYLE ('',( #173 ) ) ;
#1738 = EDGE_CURVE ( 'NONE', #2121, #1179, #2094, .T. ) ;
#1739 = VERTEX_POINT ( 'NONE', #672 ) ;
#1740 = ORIENTED_EDGE ( 'NONE', *, *, #543, .T. ) ;
#1741 = CARTESIAN_POINT ( 'NONE',  ( 171.3326073980494471, -131.5000000003571756, -5.000000000040421000 ) ) ;
#1742 = CARTESIAN_POINT ( 'NONE',  ( 100.9999999999999858, -131.5000000000000000, -5.000000000000000000 ) ) ;
#1743 = CARTESIAN_POINT ( 'NONE',  ( 102.8541120552015258, -130.7539027583431732, -4.440247934838112087 ) ) ;
#1744 = DIRECTION ( 'NONE',  ( 1.000000000000000000, 0.000000000000000000, 0.000000000000000000 ) ) ;
#1745 = ORIENTED_EDGE ( 'NONE', *, *, #1691, .F. ) ;
#1746 = FACE_OUTER_BOUND ( 'NONE', #640, .T. ) ;
#1747 = DIRECTION ( 'NONE',  ( -0.000000000000000000, -1.000000000000000000, -0.000000000000000000 ) ) ;
#1748 = DIRECTION ( 'NONE',  ( -0.000000000000000000, -0.000000000000000000, 1.000000000000000000 ) ) ;
#1749 = ORIENTED_EDGE ( 'NONE', *, *, #799, .T. ) ;
#1750 = ADVANCED_FACE ( 'NONE', ( #1704 ), #2065, .F. ) ;
#1751 = ORIENTED_EDGE ( 'NONE', *, *, #1527, .T. ) ;
#1752 = DIRECTION ( 'NONE',  ( -0.000000000000000000, -1.000000000000000000, -0.000000000000000000 ) ) ;
#1753 = CARTESIAN_POINT ( 'NONE',  ( 105.0000000000000000, -127.9500000000000028, 0.000000000000000000 ) ) ;
#1754 = AXIS2_PLACEMENT_3D ( 'NONE', #1963, #526, #161 ) ;
#1755 = AXIS2_PLACEMENT_3D ( 'NONE', #293, #1362, #1007 ) ;
#1756 = CARTESIAN_POINT ( 'NONE',  ( 102.9186343038447120, -130.7664446109197343, -3.197783292502586416 ) ) ;
#1757 = DIRECTION ( 'NONE',  ( -0.000000000000000000, -0.000000000000000000, -1.000000000000000000 ) ) ;
#1758 = VECTOR ( 'NONE', #1874, 1000.000000000000000 ) ;
#1759 = ORIENTED_EDGE ( 'NONE', *, *, #1442, .T. ) ;
#1760 = DIRECTION ( 'NONE',  ( -0.000000000000000000, -0.000000000000000000, 1.000000000000000000 ) ) ;
#1761 = CARTESIAN_POINT ( 'NONE',  ( 176.3549548252125874, -131.4999999999998010, -4.999999999999566569 ) ) ;
#1762 = DIRECTION ( 'NONE',  ( 1.000000000000000000, 0.000000000000000000, -1.734723475976807094E-16 ) ) ;
#1763 = ORIENTED_EDGE ( 'NONE', *, *, #1640, .F. ) ;
#1764 =( BOUNDED_SURFACE ( )  B_SPLINE_SURFACE ( 3, 2, ( 
 ( #1199, #1709, #101 ),
 ( #111, #1356, #1341 ),
 ( #1883, #1185, #135 ),
 ( #1921, #1726, #2241 ) ),
 .UNSPECIFIED., .F., .F., .F. ) 
 B_SPLINE_SURFACE_WITH_KNOTS ( ( 4, 4 ),
 ( 3, 3 ),
 ( 0.003648527350503558836, 0.003954283759617851536 ),
 ( 0.000000000000000000, 1.000000000000000000 ),
 .UNSPECIFIED. ) 
 GEOMETRIC_REPRESENTATION_ITEM ( )  RATIONAL_B_SPLINE_SURFACE ( (
 ( 1.000000000000000000, 0.7338888904445537431, 1.000000000000000000),
 ( 1.000000000000000000, 0.7250905534710903044, 1.000000000000000000),
 ( 1.000000000000000000, 0.7160937942431702119, 1.000000000000000000),
 ( 1.000000000000000000, 0.7071067811865435759, 1.000000000000000000) ) ) 
 REPRESENTATION_ITEM ( '' )  SURFACE ( )  );
#1765 = AXIS2_PLACEMENT_3D ( 'NONE', #1875, #994, #1884 ) ;
#1766 = EDGE_LOOP ( 'NONE', ( #439, #539, #2155, #532 ) ) ;
#1767 = CARTESIAN_POINT ( 'NONE',  ( 104.8836163490359183, -131.4486813917347661, -4.546033075457777350 ) ) ;
#1768 = EDGE_CURVE ( 'NONE', #411, #932, #874, .T. ) ;
#1769 = DIRECTION ( 'NONE',  ( 0.000000000000000000, -0.000000000000000000, 1.000000000000000000 ) ) ;
#1770 = FACE_BOUND ( 'NONE', #488, .T. ) ;
#1771 = ORIENTED_EDGE ( 'NONE', *, *, #1336, .T. ) ;
#1772 = CARTESIAN_POINT ( 'NONE',  ( 115.0000000000000000, -92.00000000000002842, -5.000000000000000000 ) ) ;
#1773 = CARTESIAN_POINT ( 'NONE',  ( 175.3105120884024473, -131.5000000000000000, -4.999999999999999112 ) ) ;
#1774 = CARTESIAN_POINT ( 'NONE',  ( 94.99999999999998579, -59.00000000000001421, -11.00000000000000000 ) ) ;
#1775 = ORIENTED_EDGE ( 'NONE', *, *, #1308, .T. ) ;
#1776 = DIRECTION ( 'NONE',  ( 0.6840353361467530480, -0.7248215488817975061, -0.08203280550603388177 ) ) ;
#1777 = CARTESIAN_POINT ( 'NONE',  ( 104.0587881771021301, -131.5000000000000853, -5.000000000000221156 ) ) ;
#1778 = EDGE_CURVE ( 'NONE', #149, #544, #605, .T. ) ;
#1779 = CARTESIAN_POINT ( 'NONE',  ( 171.1961834435334424, -131.4965372350474127, -5.000000000000000000 ) ) ;
#1780 = EDGE_LOOP ( 'NONE', ( #1700, #683 ) ) ;
#1781 = CARTESIAN_POINT ( 'NONE',  ( 175.4250000000000114, -78.22500000000000853, -2.999999999999999112 ) ) ;
#1782 = CARTESIAN_POINT ( 'NONE',  ( 171.5359205895690593, -131.5000000000000284, -5.000000000000004441 ) ) ;
#1783 =( LENGTH_UNIT ( ) NAMED_UNIT ( * ) SI_UNIT ( .MILLI., .METRE. ) );
#1784 = B_SPLINE_CURVE_WITH_KNOTS ( 'NONE', 3,
 ( #2281, #685, #2075, #2294, #999, #2248, #2103 ),
 .UNSPECIFIED., .F., .F.,
 ( 4, 3, 4 ),
 ( 0.000000000000000000, 0.0001347936555477309486, 0.0001952526514629501883 ),
 .UNSPECIFIED. ) ;
#1785 = ORIENTED_EDGE ( 'NONE', *, *, #1077, .F. ) ;
#1786 = CARTESIAN_POINT ( 'NONE',  ( 104.6903012655864558, -131.4367877417403179, -4.471517354336229211 ) ) ;
#1787 = CARTESIAN_POINT ( 'NONE',  ( 171.6040731968185469, -66.00000000000001421, 21.32117613764879138 ) ) ;
#1788 = ADVANCED_FACE ( 'NONE', ( #1901 ), #536, .F. ) ;
#1789 = ORIENTED_EDGE ( 'NONE', *, *, #2029, .T. ) ;
#1790 = CYLINDRICAL_SURFACE ( 'NONE', #1711, 1.752599999999993052 ) ;
#1791 = CIRCLE ( 'NONE', #1051, 1.499999999999987566 ) ;
#1792 = CARTESIAN_POINT ( 'NONE',  ( 173.3186343038447319, -130.7664446109197911, -3.197783292502959895 ) ) ;
#1793 = EDGE_CURVE ( 'NONE', #170, #2108, #1732, .T. ) ;
#1794 = CIRCLE ( 'NONE', #1089, 6.000000000000005329 ) ;
#1795 = CARTESIAN_POINT ( 'NONE',  ( 175.4000000000000057, -127.9500000000000028, -2.999999999999999112 ) ) ;
#1796 = CIRCLE ( 'NONE', #1683, 1.500000000000001332 ) ;
#1797 = AXIS2_PLACEMENT_3D ( 'NONE', #1169, #1363, #1879 ) ;
#1798 = VERTEX_POINT ( 'NONE', #1538 ) ;
#1799 = CARTESIAN_POINT ( 'NONE',  ( 103.5000000000000000, -127.9500000000000028, -11.00000000000000000 ) ) ;
#1800 = CIRCLE ( 'NONE', #198, 3.500000000000031086 ) ;
#1801 = CARTESIAN_POINT ( 'NONE',  ( 108.9999999999999858, -131.5000000000000000, -5.000000000000000888 ) ) ;
#1802 = VERTEX_POINT ( 'NONE', #1716 ) ;
#1803 = DIRECTION ( 'NONE',  ( 1.000000000000000000, 0.000000000000000000, 0.000000000000000000 ) ) ;
#1804 = CARTESIAN_POINT ( 'NONE',  ( 175.0856686165395502, -131.4374041167908160, -4.755627735817676616 ) ) ;
#1805 = APPLICATION_PROTOCOL_DEFINITION ( 'draft international standard', 'automotive_design', 1998, #119 ) ;
#1806 = EDGE_CURVE ( 'NONE', #29, #504, #1238, .T. ) ;
#1807 = EDGE_CURVE ( 'NONE', #1179, #676, #1275, .T. ) ;
#1808 = CARTESIAN_POINT ( 'NONE',  ( 171.9249999999999829, -78.22500000000000853, 0.000000000000000000 ) ) ;
#1809 = ORIENTED_EDGE ( 'NONE', *, *, #1025, .F. ) ;
#1810 = CARTESIAN_POINT ( 'NONE',  ( 100.9999999999999858, -131.7249172176353511, -3.012687179830218831 ) ) ;
#1811 = CARTESIAN_POINT ( 'NONE',  ( 107.1458847620788362, -130.7539758472799463, -4.440105097208442153 ) ) ;
#1812 = DIRECTION ( 'NONE',  ( 0.000000000000000000, 0.000000000000000000, 1.000000000000000000 ) ) ;
#1813 = EDGE_LOOP ( 'NONE', ( #1849, #1639 ) ) ;
#1814 = LINE ( 'NONE', #585, #340 ) ;
#1815 = CARTESIAN_POINT ( 'NONE',  ( 182.7793103448275929, -66.00000000000001421, 4.336808689942017736E-15 ) ) ;
#1816 = CARTESIAN_POINT ( 'NONE',  ( 179.3999999999999773, -131.5000000000000000, -11.00000000000000000 ) ) ;
#1817 = VERTEX_POINT ( 'NONE', #1742 ) ;
#1818 = CARTESIAN_POINT ( 'NONE',  ( 102.3248440095212857, -130.2068873313938013, -4.999999999999982236 ) ) ;
#1819 = ADVANCED_FACE ( 'NONE', ( #2262 ), #48, .F. ) ;
#1820 = VERTEX_POINT ( 'NONE', #142 ) ;
#1821 = CARTESIAN_POINT ( 'NONE',  ( 160.2000000000000171, -66.00000000000001421, 19.89890000000001535 ) ) ;
#1822 = CARTESIAN_POINT ( 'NONE',  ( 165.4000000000000057, -86.00000000000001421, -5.000000000000000000 ) ) ;
#1823 = ORIENTED_EDGE ( 'NONE', *, *, #1806, .F. ) ;
#1824 = LINE ( 'NONE', #944, #2124 ) ;
#1825 = CARTESIAN_POINT ( 'NONE',  ( 177.9454545454545382, -130.3522200475862292, -3.012687179830229045 ) ) ;
#1826 = AXIS2_PLACEMENT_3D ( 'NONE', #395, #1105, #1803 ) ;
#1827 = VECTOR ( 'NONE', #582, 1000.000000000000000 ) ;
#1828 = ORIENTED_EDGE ( 'NONE', *, *, #638, .T. ) ;
#1829 = DIRECTION ( 'NONE',  ( -1.000000000000000000, 0.000000000000000000, 0.000000000000000000 ) ) ;
#1830 = VECTOR ( 'NONE', #1698, 1000.000000000000000 ) ;
#1831 = ORIENTED_EDGE ( 'NONE', *, *, #53, .F. ) ;
#1832 = AXIS2_PLACEMENT_3D ( 'NONE', #553, #1444, #565 ) ;
#1833 = CARTESIAN_POINT ( 'NONE',  ( 108.7278116566728983, -131.4999999999998295, -4.999999999999984013 ) ) ;
#1834 = AXIS2_PLACEMENT_3D ( 'NONE', #1318, #2025, #432 ) ;
#1835 = EDGE_CURVE ( 'NONE', #845, #1079, #2270, .T. ) ;
#1836 = CARTESIAN_POINT ( 'NONE',  ( 180.9000000000000341, -127.9500000000000028, -2.999999999999999112 ) ) ;
#1837 = DIRECTION ( 'NONE',  ( 1.000000000000000000, 0.000000000000000000, 0.000000000000000000 ) ) ;
#1838 = CARTESIAN_POINT ( 'NONE',  ( 177.8858484728920359, -130.4538517396637474, -4.560697729449963767 ) ) ;
#1839 = VERTEX_POINT ( 'NONE', #839 ) ;
#1840 = FACE_OUTER_BOUND ( 'NONE', #670, .T. ) ;
#1841 = ORIENTED_EDGE ( 'NONE', *, *, #597, .F. ) ;
#1842 = CARTESIAN_POINT ( 'NONE',  ( 105.7755170750120612, -131.3700590135242408, -4.655546549268385625 ) ) ;
#1843 = EDGE_CURVE ( 'NONE', #817, #174, #270, .T. ) ;
#1844 = CARTESIAN_POINT ( 'NONE',  ( 185.3999999999999773, -131.5000000000000000, -11.00000000000000000 ) ) ;
#1845 = FACE_OUTER_BOUND ( 'NONE', #1111, .T. ) ;
#1846 = ORIENTED_EDGE ( 'NONE', *, *, #210, .T. ) ;
#1847 = PLANE ( 'NONE',  #1536 ) ;
#1848 = CARTESIAN_POINT ( 'NONE',  ( 115.0000000000000000, -92.00000000000002842, -5.000000000000000000 ) ) ;
#1849 = ORIENTED_EDGE ( 'NONE', *, *, #985, .T. ) ;
#1850 = CARTESIAN_POINT ( 'NONE',  ( 178.9250000000000114, -78.22500000000000853, 0.000000000000000000 ) ) ;
#1851 = CARTESIAN_POINT ( 'NONE',  ( 174.4750178335299324, -131.3328004536022320, -4.044307203693093378 ) ) ;
#1852 = CARTESIAN_POINT ( 'NONE',  ( 102.4545454545454533, -130.3522200475861439, -3.012687179830218387 ) ) ;
#1853 = CARTESIAN_POINT ( 'NONE',  ( 110.4999999999999858, -78.20000000000000284, -2.999999999999999112 ) ) ;
#1854 = EDGE_CURVE ( 'NONE', #795, #509, #2017, .T. ) ;
#1855 = VERTEX_POINT ( 'NONE', #661 ) ;
#1856 = CIRCLE ( 'NONE', #562, 1.999999999999991118 ) ;
#1857 = CARTESIAN_POINT ( 'NONE',  ( 105.0000000000000000, -78.20000000000000284, -2.999999999999999112 ) ) ;
#1858 = CIRCLE ( 'NONE', #1458, 3.499999999999989342 ) ;
#1859 = CARTESIAN_POINT ( 'NONE',  ( 120.1999999999999886, -66.00000000000001421, 12.10110000000000774 ) ) ;
#1860 = EDGE_CURVE ( 'NONE', #810, #603, #1784, .T. ) ;
#1861 = CIRCLE ( 'NONE', #1502, 2.000000000000001776 ) ;
#1862 = ORIENTED_EDGE ( 'NONE', *, *, #456, .T. ) ;
#1863 = AXIS2_PLACEMENT_3D ( 'NONE', #2097, #654, #2046 ) ;
#1864 = AXIS2_PLACEMENT_3D ( 'NONE', #547, #860, #189 ) ;
#1865 = ORIENTED_EDGE ( 'NONE', *, *, #2238, .T. ) ;
#1866 = LINE ( 'NONE', #632, #1087 ) ;
#1867 = CARTESIAN_POINT ( 'NONE',  ( 175.7470173628991859, -131.4332422146872545, -4.451521939472743661 ) ) ;
#1868 = AXIS2_PLACEMENT_3D ( 'NONE', #1810, #1776, #1064 ) ;
#1869 = CIRCLE ( 'NONE', #1834, 1.752599999999993052 ) ;
#1870 = CARTESIAN_POINT ( 'NONE',  ( 175.4250000000000114, -78.22500000000000853, -11.00000000000000000 ) ) ;
#1871 = DIRECTION ( 'NONE',  ( -0.4642352275297610964, 0.000000000000000000, -0.8857119472607282162 ) ) ;
#1872 = AXIS2_PLACEMENT_3D ( 'NONE', #207, #750, #1992 ) ;
#1873 = VERTEX_POINT ( 'NONE', #484 ) ;
#1874 = DIRECTION ( 'NONE',  ( -0.000000000000000000, -0.000000000000000000, 1.000000000000000000 ) ) ;
#1875 = CARTESIAN_POINT ( 'NONE',  ( 0.000000000000000000, 0.000000000000000000, 0.000000000000000000 ) ) ;
#1876 = ORIENTED_EDGE ( 'NONE', *, *, #2307, .F. ) ;
#1877 = ORIENTED_EDGE ( 'NONE', *, *, #1370, .T. ) ;
#1878 = CARTESIAN_POINT ( 'NONE',  ( 160.2000000000000171, -66.00000000000001421, 12.10109999999999353 ) ) ;
#1879 = DIRECTION ( 'NONE',  ( 1.000000000000000000, 0.000000000000000000, 0.000000000000000000 ) ) ;
#1880 = LINE ( 'NONE', #2076, #970 ) ;
#1881 = CARTESIAN_POINT ( 'NONE',  ( 105.0000000000000000, -127.9500000000000028, 1.371604415045033344E-15 ) ) ;
#1882 = LINE ( 'NONE', #288, #753 ) ;
#1883 = CARTESIAN_POINT ( 'NONE',  ( 178.0332159502558227, -130.2566001142530183, -3.000000000306641823 ) ) ;
#1884 = DIRECTION ( 'NONE',  ( 1.000000000000000000, 0.000000000000000000, 0.000000000000000000 ) ) ;
#1885 = ORIENTED_EDGE ( 'NONE', *, *, #2295, .T. ) ;
#1886 = ADVANCED_FACE ( 'NONE', ( #511 ), #1190, .F. ) ;
#1887 = ORIENTED_EDGE ( 'NONE', *, *, #1591, .T. ) ;
#1888 = DIRECTION ( 'NONE',  ( 0.000000000000000000, 0.000000000000000000, -1.000000000000000000 ) ) ;
#1889 = LINE ( 'NONE', #294, #1907 ) ;
#1890 = EDGE_CURVE ( 'NONE', #1202, #1660, #1889, .T. ) ;
#1891 = CARTESIAN_POINT ( 'NONE',  ( 105.0000000000000000, -78.20000000000000284, 1.371604415045033344E-15 ) ) ;
#1892 = CARTESIAN_POINT ( 'NONE',  ( 99.50000000000000000, -127.9500000000000028, -2.999999999999999112 ) ) ;
#1893 = VERTEX_POINT ( 'NONE', #392 ) ;
#1894 = DIRECTION ( 'NONE',  ( 0.000000000000000000, -1.000000000000000000, -0.000000000000000000 ) ) ;
#1895 = FACE_OUTER_BOUND ( 'NONE', #2276, .T. ) ;
#1896 = DIRECTION ( 'NONE',  ( 1.000000000000000000, 0.000000000000000000, 0.000000000000000000 ) ) ;
#1897 = VERTEX_POINT ( 'NONE', #364 ) ;
#1898 = ORIENTED_EDGE ( 'NONE', *, *, #2278, .F. ) ;
#1899 = AXIS2_PLACEMENT_3D ( 'NONE', #2222, #483, #1189 ) ;
#1900 = LINE ( 'NONE', #116, #1196 ) ;
#1901 = FACE_OUTER_BOUND ( 'NONE', #391, .T. ) ;
#1902 = TOROIDAL_SURFACE ( 'NONE', #2205, 5.499999999999994671, 2.000000000000000000 ) ;
#1903 = EDGE_CURVE ( 'NONE', #144, #820, #1652, .T. ) ;
#1904 = DIRECTION ( 'NONE',  ( -1.000000000000000000, 0.000000000000000000, 0.000000000000000000 ) ) ;
#1905 = AXIS2_PLACEMENT_3D ( 'NONE', #1047, #168, #2106 ) ;
#1906 = CARTESIAN_POINT ( 'NONE',  ( 110.1999999999999886, -66.00000000000001421, 24.00000000000000355 ) ) ;
#1907 = VECTOR ( 'NONE', #696, 1000.000000000000000 ) ;
#1908 = EDGE_LOOP ( 'NONE', ( #58, #1994 ) ) ;
#1909 = CARTESIAN_POINT ( 'NONE',  ( 171.4000000000000057, -131.7249172176354080, -3.012687179830224160 ) ) ;
#1910 = CARTESIAN_POINT ( 'NONE',  ( 173.9249999999999829, -78.22500000000000853, -11.00000000000000000 ) ) ;
#1911 = AXIS2_PLACEMENT_3D ( 'NONE', #469, #2204, #606 ) ;
#1912 = SURFACE_STYLE_USAGE ( .BOTH. , #1737 ) ;
#1913 = ORIENTED_EDGE ( 'NONE', *, *, #609, .F. ) ;
#1914 = ORIENTED_EDGE ( 'NONE', *, *, #1993, .T. ) ;
#1915 = CARTESIAN_POINT ( 'NONE',  ( 160.2000000000000171, -66.00000000000001421, 16.00000000000000355 ) ) ;
#1916 = CARTESIAN_POINT ( 'NONE',  ( 103.5000000000000142, -78.20000000000000284, 0.000000000000000000 ) ) ;
#1917 = CARTESIAN_POINT ( 'NONE',  ( 101.5000000000000000, -127.9500000000000028, 9.899494936611741736 ) ) ;
#1918 = EDGE_CURVE ( 'NONE', #1817, #404, #835, .T. ) ;
#1919 = VERTEX_POINT ( 'NONE', #201 ) ;
#1920 = CARTESIAN_POINT ( 'NONE',  ( 0.000000000000000000, -59.00000000000001421, 0.000000000000000000 ) ) ;
#1921 = CARTESIAN_POINT ( 'NONE',  ( 178.0751559904787484, -130.2068873313938298, -2.999999999999999112 ) ) ;
#1922 = CARTESIAN_POINT ( 'NONE',  ( 185.4000000000000057, -71.00000000000002842, -5.000000000000000000 ) ) ;
#1923 = ORIENTED_EDGE ( 'NONE', *, *, #281, .T. ) ;
#1924 = VERTEX_POINT ( 'NONE', #1799 ) ;
#1925 = DIRECTION ( 'NONE',  ( 0.000000000000000000, 0.000000000000000000, -1.000000000000000000 ) ) ;
#1926 = DIRECTION ( 'NONE',  ( 1.000000000000000000, -0.000000000000000000, 0.000000000000000000 ) ) ;
#1927 = CARTESIAN_POINT ( 'NONE',  ( 102.6315949812162529, -130.5299519631766998, -3.059972391684691040 ) ) ;
#1928 = DIRECTION ( 'NONE',  ( -0.000000000000000000, 1.000000000000000000, -0.000000000000000000 ) ) ;
#1929 = EDGE_LOOP ( 'NONE', ( #1230, #646, #890, #1248, #443 ) ) ;
#1930 = FACE_OUTER_BOUND ( 'NONE', #1184, .T. ) ;
#1931 = CARTESIAN_POINT ( 'NONE',  ( 174.8010470217198531, -131.4002722221351576, -4.289631070244344535 ) ) ;
#1932 = CARTESIAN_POINT ( 'NONE',  ( 120.1999999999999886, -66.00000000000001421, 16.00000000000000355 ) ) ;
#1933 = EDGE_CURVE ( 'NONE', #2044, #1924, #871, .T. ) ;
#1934 = ORIENTED_EDGE ( 'NONE', *, *, #964, .T. ) ;
#1935 = AXIS2_PLACEMENT_3D ( 'NONE', #1313, #2021, #427 ) ;
#1936 = CARTESIAN_POINT ( 'NONE',  ( 103.8686159511492519, -131.2696647152972957, -3.874718428332104558 ) ) ;
#1937 = AXIS2_PLACEMENT_3D ( 'NONE', #744, #758, #1971 ) ;
#1938 = CARTESIAN_POINT ( 'NONE',  ( 104.9269912601812820, -131.4501711468580538, -4.780966997684252817 ) ) ;
#1939 = DIRECTION ( 'NONE',  ( -1.000000000000000000, 4.237492460401360996E-16, 0.000000000000000000 ) ) ;
#1940 = CIRCLE ( 'NONE', #1980, 5.000000000000000888 ) ;
#1941 = ORIENTED_EDGE ( 'NONE', *, *, #570, .T. ) ;
#1942 = VECTOR ( 'NONE', #601, 1000.000000000000000 ) ;
#1943 = FACE_OUTER_BOUND ( 'NONE', #2070, .T. ) ;
#1944 = CARTESIAN_POINT ( 'NONE',  ( 176.3428681492003705, -131.3283325035208975, -4.030208654321181250 ) ) ;
#1945 = CARTESIAN_POINT ( 'NONE',  ( 101.5000000000000000, -78.20000000000000284, -2.999999999999999112 ) ) ;
#1946 = AXIS2_PLACEMENT_3D ( 'NONE', #1593, #2297, #358 ) ;
#1947 = AXIS2_PLACEMENT_3D ( 'NONE', #1549, #301, #628 ) ;
#1948 = EDGE_CURVE ( 'NONE', #2254, #354, #1074, .T. ) ;
#1949 = EDGE_LOOP ( 'NONE', ( #828, #734 ) ) ;
#1950 = CARTESIAN_POINT ( 'NONE',  ( 105.5207042975660130, -131.4130126392821012, -4.347249786600591470 ) ) ;
#1951 = CARTESIAN_POINT ( 'NONE',  ( 104.2354815746003993, -131.3724408256906884, -4.658292525044823051 ) ) ;
#1952 = CARTESIAN_POINT ( 'NONE',  ( 171.6040731968185469, -59.00000000000001421, 21.32117613764879138 ) ) ;
#1953 = ORIENTED_EDGE ( 'NONE', *, *, #251, .T. ) ;
#1954 = DIRECTION ( 'NONE',  ( 0.000000000000000000, -0.000000000000000000, 1.000000000000000000 ) ) ;
#1955 = CARTESIAN_POINT ( 'NONE',  ( 175.0144786653677329, -131.5000000000000000, -4.999999999999961808 ) ) ;
#1956 = DIRECTION ( 'NONE',  ( 1.000000000000000000, 0.000000000000000000, 0.000000000000000000 ) ) ;
#1957 = VERTEX_POINT ( 'NONE', #1101 ) ;
#1958 = FACE_BOUND ( 'NONE', #1949, .T. ) ;
#1959 = EDGE_CURVE ( 'NONE', #404, #850, #731, .T. ) ;
#1960 = ADVANCED_FACE ( 'NONE', ( #1227, #2303, #742 ), #187, .T. ) ;
#1961 = DIRECTION ( 'NONE',  ( 0.000000000000000000, -0.000000000000000000, 1.000000000000000000 ) ) ;
#1962 = ORIENTED_EDGE ( 'NONE', *, *, #2060, .T. ) ;
#1963 = CARTESIAN_POINT ( 'NONE',  ( 110.1999999999999886, -59.00000000000001421, 24.00000000000000355 ) ) ;
#1964 = CARTESIAN_POINT ( 'NONE',  ( 175.6582578390103606, -131.4424800117292307, -4.501530991936308013 ) ) ;
#1965 = DIRECTION ( 'NONE',  ( 1.000000000000000000, 0.000000000000000000, 0.000000000000000000 ) ) ;
#1966 = CARTESIAN_POINT ( 'NONE',  ( 172.7304331992745290, -130.2135123760264435, -4.949760237843759292 ) ) ;
#1967 = ORIENTED_EDGE ( 'NONE', *, *, #2193, .F. ) ;
#1968 = PLANE ( 'NONE',  #2174 ) ;
#1969 = AXIS2_PLACEMENT_3D ( 'NONE', #1530, #360, #1070 ) ;
#1970 = VECTOR ( 'NONE', #1528, 1000.000000000000000 ) ;
#1971 = DIRECTION ( 'NONE',  ( 1.000000000000000000, 0.000000000000000000, 0.000000000000000000 ) ) ;
#1972 = CYLINDRICAL_SURFACE ( 'NONE', #84, 3.499999999999989342 ) ;
#1973 = DIRECTION ( 'NONE',  ( 1.000000000000000000, 0.000000000000000000, 0.000000000000000000 ) ) ;
#1974 = ADVANCED_FACE ( 'NONE', ( #1958, #883, #533, #1619, #730 ), #1968, .F. ) ;
#1975 = AXIS2_PLACEMENT_3D ( 'NONE', #561, #154, #857 ) ;
#1976 = CIRCLE ( 'NONE', #788, 1.752599999999993052 ) ;
#1977 = EDGE_CURVE ( 'NONE', #236, #1272, #906, .T. ) ;
#1978 = EDGE_LOOP ( 'NONE', ( #2051, #2308, #95, #951 ) ) ;
#1979 = CARTESIAN_POINT ( 'NONE',  ( 175.4000000000000057, -127.9500000000000028, 9.899494936611741736 ) ) ;
#1980 = AXIS2_PLACEMENT_3D ( 'NONE', #327, #1547, #2255 ) ;
#1981 = CARTESIAN_POINT ( 'NONE',  ( 174.4645472428375115, -131.3304467821915296, -4.036269587414019533 ) ) ;
#1982 = DIRECTION ( 'NONE',  ( -0.000000000000000000, -1.000000000000000000, -0.000000000000000000 ) ) ;
#1983 = CARTESIAN_POINT ( 'NONE',  ( 115.0000000000000000, -131.5000000000000000, -11.00000000000000000 ) ) ;
#1984 = CIRCLE ( 'NONE', #794, 5.500000000000032863 ) ;
#1985 = AXIS2_PLACEMENT_3D ( 'NONE', #989, #1672, #274 ) ;
#1986 = ORIENTED_EDGE ( 'NONE', *, *, #1259, .F. ) ;
#1987 = CARTESIAN_POINT ( 'NONE',  ( 0.000000000000000000, 0.000000000000000000, -11.00000000000000000 ) ) ;
#1988 = CARTESIAN_POINT ( 'NONE',  ( 105.1705290686099801, -131.4496304809736955, -4.779832449234310943 ) ) ;
#1989 = ORIENTED_EDGE ( 'NONE', *, *, #1500, .T. ) ;
#1990 = FACE_OUTER_BOUND ( 'NONE', #292, .T. ) ;
#1991 = DIRECTION ( 'NONE',  ( 0.000000000000000000, 0.000000000000000000, -1.000000000000000000 ) ) ;
#1992 = DIRECTION ( 'NONE',  ( 1.000000000000000000, 0.000000000000000000, 0.000000000000000000 ) ) ;
#1993 = EDGE_CURVE ( 'NONE', #184, #1413, #1093, .T. ) ;
#1994 = ORIENTED_EDGE ( 'NONE', *, *, #2258, .T. ) ;
#1995 = CARTESIAN_POINT ( 'NONE',  ( 102.4100530507245566, -130.3050747447826438, -3.004302440080094172 ) ) ;
#1996 = ORIENTED_EDGE ( 'NONE', *, *, #36, .F. ) ;
#1997 = CARTESIAN_POINT ( 'NONE',  ( 107.6496800783627066, -130.2417799749707683, -4.857598992805518101 ) ) ;
#1998 = DIRECTION ( 'NONE',  ( -0.6448249518268029945, 0.7643302829939171428, 0.000000000000000000 ) ) ;
#1999 = ORIENTED_EDGE ( 'NONE', *, *, #1718, .T. ) ;
#2000 = DIRECTION ( 'NONE',  ( 1.000000000000000000, 0.000000000000000000, 0.000000000000000000 ) ) ;
#2001 = CARTESIAN_POINT ( 'NONE',  ( 177.5817690279154988, -130.6973832660978019, -3.136656771566127766 ) ) ;
#2002 = ORIENTED_EDGE ( 'NONE', *, *, #2104, .T. ) ;
#2003 = DIRECTION ( 'NONE',  ( 1.000000000000000000, 0.000000000000000000, 0.000000000000000000 ) ) ;
#2004 = EDGE_CURVE ( 'NONE', #900, #174, #2219, .T. ) ;
#2005 = ORIENTED_EDGE ( 'NONE', *, *, #1993, .F. ) ;
#2006 = CARTESIAN_POINT ( 'NONE',  ( 104.9105120884038627, -131.5000000000000000, -4.999999999999999112 ) ) ;
#2007 = DIRECTION ( 'NONE',  ( 1.000000000000000000, 0.000000000000000000, 0.000000000000000000 ) ) ;
#2008 = DIRECTION ( 'NONE',  ( 0.000000000000000000, -1.000000000000000000, 0.000000000000000000 ) ) ;
#2009 = CARTESIAN_POINT ( 'NONE',  ( 175.4000000000000057, -127.9500000000000028, 0.000000000000000000 ) ) ;
#2010 = AXIS2_PLACEMENT_3D ( 'NONE', #1909, #316, #1027 ) ;
#2011 = CONICAL_SURFACE ( 'NONE', #3, 3.898899999999996702, 0.7155849933176761102 ) ;
#2012 = ORIENTED_EDGE ( 'NONE', *, *, #522, .F. ) ;
#2013 = DIRECTION ( 'NONE',  ( 0.000000000000000000, 0.000000000000000000, -1.000000000000000000 ) ) ;
#2014 = EDGE_LOOP ( 'NONE', ( #1197, #2079, #1609, #299 ) ) ;
#2015 = VECTOR ( 'NONE', #1928, 1000.000000000000000 ) ;
#2016 = EDGE_CURVE ( 'NONE', #2062, #1332, #1160, .T. ) ;
#2017 = CIRCLE ( 'NONE', #118, 3.500000000000031086 ) ;
#2018 = FACE_OUTER_BOUND ( 'NONE', #1701, .T. ) ;
#2019 = CIRCLE ( 'NONE', #912, 2.000000000000001332 ) ;
#2020 = CARTESIAN_POINT ( 'NONE',  ( 175.1523919087637182, -131.4418486319194415, -4.502203615144958704 ) ) ;
#2021 = DIRECTION ( 'NONE',  ( 0.000000000000000000, -0.000000000000000000, 1.000000000000000000 ) ) ;
#2022 = DIRECTION ( 'NONE',  ( -0.000000000000000000, 1.000000000000000000, -0.000000000000000000 ) ) ;
#2023 = ORIENTED_EDGE ( 'NONE', *, *, #69, .F. ) ;
#2024 = CARTESIAN_POINT ( 'NONE',  ( 102.3388314682528346, -130.2254589189558658, -4.902097185967789095 ) ) ;
#2025 = DIRECTION ( 'NONE',  ( -0.000000000000000000, -1.000000000000000000, -0.000000000000000000 ) ) ;
#2026 = VERTEX_POINT ( 'NONE', #2230 ) ;
#2027 = DIRECTION ( 'NONE',  ( 0.7272727272727272929, -0.6863485850246136000, 0.000000000000000000 ) ) ;
#2028 = ADVANCED_FACE ( 'NONE', ( #1175, #79 ), #1149, .T. ) ;
#2029 = EDGE_CURVE ( 'NONE', #631, #845, #908, .T. ) ;
#2030 = DIRECTION ( 'NONE',  ( 0.000000000000000000, -1.000000000000000000, 0.000000000000000000 ) ) ;
#2031 = FACE_OUTER_BOUND ( 'NONE', #423, .T. ) ;
#2032 = VERTEX_POINT ( 'NONE', #1859 ) ;
#2033 = FACE_OUTER_BOUND ( 'NONE', #103, .T. ) ;
#2034 = CARTESIAN_POINT ( 'NONE',  ( 105.0000000000000000, -127.9500000000000028, -2.999999999999999112 ) ) ;
#2035 = ORIENTED_EDGE ( 'NONE', *, *, #1515, .T. ) ;
#2036 = ORIENTED_EDGE ( 'NONE', *, *, #710, .T. ) ;
#2037 = CARTESIAN_POINT ( 'NONE',  ( 102.4101480791472767, -130.3051754393592319, -3.004320349356045750 ) ) ;
#2038 = CARTESIAN_POINT ( 'NONE',  ( 175.5581817723773668, -131.4470192221548928, -4.534772148444542239 ) ) ;
#2039 = DIRECTION ( 'NONE',  ( -0.000000000000000000, -0.000000000000000000, 1.000000000000000000 ) ) ;
#2040 = CARTESIAN_POINT ( 'NONE',  ( 120.1999999999999886, -63.53096428758156833, 16.00000000000000355 ) ) ;
#2041 = EDGE_CURVE ( 'NONE', #375, #236, #290, .T. ) ;
#2042 = EDGE_CURVE ( 'NONE', #496, #986, #1654, .T. ) ;
#2043 = ORIENTED_EDGE ( 'NONE', *, *, #1903, .T. ) ;
#2044 = VERTEX_POINT ( 'NONE', #1016 ) ;
#2045 = VECTOR ( 'NONE', #930, 1000.000000000000000 ) ;
#2046 = DIRECTION ( 'NONE',  ( 1.000000000000000000, 0.000000000000000000, 0.000000000000000000 ) ) ;
#2047 = DIRECTION ( 'NONE',  ( -0.000000000000000000, -1.000000000000000000, -0.000000000000000000 ) ) ;
#2048 = ORIENTED_EDGE ( 'NONE', *, *, #1211, .T. ) ;
#2049 = AXIS2_PLACEMENT_3D ( 'NONE', #2274, #1736, #852 ) ;
#2050 = CIRCLE ( 'NONE', #869, 1.752599999999993052 ) ;
#2051 = ORIENTED_EDGE ( 'NONE', *, *, #2238, .F. ) ;
#2052 = DIRECTION ( 'NONE',  ( -0.000000000000000000, -0.000000000000000000, -1.000000000000000000 ) ) ;
#2053 = DIRECTION ( 'NONE',  ( 1.000000000000000000, 0.000000000000000000, 0.000000000000000000 ) ) ;
#2054 = TOROIDAL_SURFACE ( 'NONE', #1985, 5.499999999999994671, 2.000000000000000000 ) ;
#2055 = VECTOR ( 'NONE', #2061, 1000.000000000000227 ) ;
#2056 = CARTESIAN_POINT ( 'NONE',  ( 105.0000000000000000, -127.9500000000000028, -5.000000000000000000 ) ) ;
#2057 = DIRECTION ( 'NONE',  ( -0.000000000000000000, -0.000000000000000000, -1.000000000000000000 ) ) ;
#2058 = FACE_OUTER_BOUND ( 'NONE', #1256, .T. ) ;
#2059 = CARTESIAN_POINT ( 'NONE',  ( 159.4000000000000057, -86.00000000000001421, -5.000000000000000000 ) ) ;
#2060 = EDGE_CURVE ( 'NONE', #2227, #1820, #947, .T. ) ;
#2061 = DIRECTION ( 'NONE',  ( -0.4642352275297610964, 0.000000000000000000, -0.8857119472607282162 ) ) ;
#2062 = VERTEX_POINT ( 'NONE', #798 ) ;
#2063 = VERTEX_POINT ( 'NONE', #832 ) ;
#2064 = PLANE ( 'NONE',  #1232 ) ;
#2065 = CYLINDRICAL_SURFACE ( 'NONE', #573, 1.499999999999987566 ) ;
#2066 = CARTESIAN_POINT ( 'NONE',  ( 100.9999999999999858, -125.5000000000000000, -11.00000000000000000 ) ) ;
#2067 = CYLINDRICAL_SURFACE ( 'NONE', #534, 5.000000000000000000 ) ;
#2068 = DIRECTION ( 'NONE',  ( 1.000000000000000000, 0.000000000000000000, 0.000000000000000000 ) ) ;
#2069 = CARTESIAN_POINT ( 'NONE',  ( 99.50000000000000000, -127.9500000000000028, -4.999999999999999112 ) ) ;
#2070 = EDGE_LOOP ( 'NONE', ( #140, #1771, #401, #1996 ) ) ;
#2071 = EDGE_CURVE ( 'NONE', #868, #479, #1433, .T. ) ;
#2072 = ADVANCED_FACE ( 'NONE', ( #1688 ), #2242, .F. ) ;
#2073 = VERTEX_POINT ( 'NONE', #2256 ) ;
#2074 = DIRECTION ( 'NONE',  ( -0.000000000000000000, 0.000000000000000000, 1.000000000000000000 ) ) ;
#2075 = CARTESIAN_POINT ( 'NONE',  ( 178.0062069974059682, -130.2866002117392838, -3.003067740733471602 ) ) ;
#2076 = CARTESIAN_POINT ( 'NONE',  ( 176.9250000000000114, -78.22500000000000853, 0.000000000000000000 ) ) ;
#2077 = CARTESIAN_POINT ( 'NONE',  ( 102.3248440095212999, -130.2068873313938298, -2.999999999999999112 ) ) ;
#2078 = VERTEX_POINT ( 'NONE', #68 ) ;
#2079 = ORIENTED_EDGE ( 'NONE', *, *, #23, .T. ) ;
#2080 = DIRECTION ( 'NONE',  ( -0.000000000000000000, 0.000000000000000000, -1.000000000000000000 ) ) ;
#2081 = DIRECTION ( 'NONE',  ( 0.000000000000000000, 0.000000000000000000, -1.000000000000000000 ) ) ;
#2082 = ORIENTED_EDGE ( 'NONE', *, *, #398, .T. ) ;
#2083 = AXIS2_PLACEMENT_3D ( 'NONE', #1657, #1673, #2189 ) ;
#2084 = CIRCLE ( 'NONE', #2010, 2.000000000000005329 ) ;
#2085 = ORIENTED_EDGE ( 'NONE', *, *, #94, .T. ) ;
#2086 = CIRCLE ( 'NONE', #1755, 1.500000000000001332 ) ;
#2087 = LINE ( 'NONE', #1983, #1576 ) ;
#2088 = DIRECTION ( 'NONE',  ( -0.000000000000000000, -0.000000000000000000, -1.000000000000000000 ) ) ;
#2089 = EDGE_CURVE ( 'NONE', #1118, #1873, #120, .T. ) ;
#2090 = VECTOR ( 'NONE', #1829, 1000.000000000000000 ) ;
#2091 = CARTESIAN_POINT ( 'NONE',  ( 104.7546682416470247, -131.4419421536551909, -4.502825415322424973 ) ) ;
#2092 = CIRCLE ( 'NONE', #1541, 6.000000000000005329 ) ;
#2093 = DIRECTION ( 'NONE',  ( -1.000000000000000000, 0.000000000000000000, 0.000000000000000000 ) ) ;
#2094 = CIRCLE ( 'NONE', #687, 5.499999999999991118 ) ;
#2095 = ORIENTED_EDGE ( 'NONE', *, *, #1383, .F. ) ;
#2096 = ORIENTED_EDGE ( 'NONE', *, *, #610, .F. ) ;
#2097 = CARTESIAN_POINT ( 'NONE',  ( 100.9999999999999858, -125.5000000000000000, -11.00000000000000000 ) ) ;
#2098 = AXIS2_PLACEMENT_3D ( 'NONE', #819, #982, #1532 ) ;
#2099 = FACE_OUTER_BOUND ( 'NONE', #2117, .T. ) ;
#2100 = ORIENTED_EDGE ( 'NONE', *, *, #2104, .F. ) ;
#2101 = VERTEX_POINT ( 'NONE', #254 ) ;
#2102 = CARTESIAN_POINT ( 'NONE',  ( 172.7248440095212629, -130.2068873313938298, -2.999999999999999112 ) ) ;
#2103 = CARTESIAN_POINT ( 'NONE',  ( 178.0751559904787484, -130.2068873313938298, -2.999999999999999112 ) ) ;
#2104 = EDGE_CURVE ( 'NONE', #1469, #411, #538, .T. ) ;
#2105 = CARTESIAN_POINT ( 'NONE',  ( 104.6856686165401840, -131.4374041167907876, -4.755627735817543389 ) ) ;
#2106 = DIRECTION ( 'NONE',  ( 1.000000000000000000, 0.000000000000000000, 0.000000000000000000 ) ) ;
#2107 = EDGE_CURVE ( 'NONE', #700, #957, #1498, .T. ) ;
#2108 = VERTEX_POINT ( 'NONE', #1710 ) ;
#2109 = DIRECTION ( 'NONE',  ( 0.000000000000000000, -0.000000000000000000, 1.000000000000000000 ) ) ;
#2110 = CARTESIAN_POINT ( 'NONE',  ( 175.5330002736434380, -131.4497637772062149, -4.553961639473136813 ) ) ;
#2111 = CARTESIAN_POINT ( 'NONE',  ( 175.4000000000000057, -127.9500000000000028, -2.999999999999999112 ) ) ;
#2112 = ORIENTED_EDGE ( 'NONE', *, *, #221, .F. ) ;
#2113 = DIRECTION ( 'NONE',  ( 1.000000000000000000, 0.000000000000000000, 0.000000000000000000 ) ) ;
#2114 = CARTESIAN_POINT ( 'NONE',  ( 102.4545454545454390, -130.3522200475861439, -3.012687179830218831 ) ) ;
#2115 = CARTESIAN_POINT ( 'NONE',  ( 104.6144786653677272, -131.4999999999999716, -4.999999999999914735 ) ) ;
#2116 = DIRECTION ( 'NONE',  ( 1.000000000000000000, 0.000000000000000000, 0.000000000000000000 ) ) ;
#2117 = EDGE_LOOP ( 'NONE', ( #1551, #1153, #1712, #77 ) ) ;
#2118 = PLANE ( 'NONE',  #1754 ) ;
#2119 = CARTESIAN_POINT ( 'NONE',  ( 174.9196961561523267, -131.5000000000000284, -5.000000000000077272 ) ) ;
#2120 = LINE ( 'NONE', #1377, #1279 ) ;
#2121 = VERTEX_POINT ( 'NONE', #2069 ) ;
#2122 = VECTOR ( 'NONE', #1595, 1000.000000000000000 ) ;
#2123 = ORIENTED_EDGE ( 'NONE', *, *, #485, .F. ) ;
#2124 = VECTOR ( 'NONE', #2008, 1000.000000000000000 ) ;
#2125 = CARTESIAN_POINT ( 'NONE',  ( 0.000000000000000000, 0.000000000000000000, -5.000000000000000000 ) ) ;
#2126 = AXIS2_PLACEMENT_3D ( 'NONE', #121, #662, #1565 ) ;
#2127 = CARTESIAN_POINT ( 'NONE',  ( 102.5203169352458019, -131.5000000000004263, -5.000000000000493827 ) ) ;
#2128 = FACE_OUTER_BOUND ( 'NONE', #1407, .T. ) ;
#2129 = CIRCLE ( 'NONE', #1863, 6.000000000000005329 ) ;
#2130 = VERTEX_POINT ( 'NONE', #113 ) ;
#2131 = AXIS2_PLACEMENT_3D ( 'NONE', #1881, #1001, #1706 ) ;
#2132 = DIRECTION ( 'NONE',  ( 1.000000000000000000, 0.000000000000000000, 0.000000000000000000 ) ) ;
#2133 = CARTESIAN_POINT ( 'NONE',  ( 177.2235174459412974, -131.4999999999999147, -4.999999999999898748 ) ) ;
#2134 = DIRECTION ( 'NONE',  ( 1.000000000000000000, 0.000000000000000000, 0.000000000000000000 ) ) ;
#2135 = CIRCLE ( 'NONE', #346, 1.999999999999991118 ) ;
#2136 = VERTEX_POINT ( 'NONE', #656 ) ;
#2137 = EDGE_CURVE ( 'NONE', #144, #653, #2250, .T. ) ;
#2138 = AXIS2_PLACEMENT_3D ( 'NONE', #1636, #1462, #386 ) ;
#2139 = EDGE_CURVE ( 'NONE', #1798, #2136, #1869, .T. ) ;
#2140 = EDGE_CURVE ( 'NONE', #932, #942, #389, .T. ) ;
#2141 = EDGE_LOOP ( 'NONE', ( #2176, #2043, #751, #1104 ) ) ;
#2142 = DIRECTION ( 'NONE',  ( -0.000000000000000000, -0.000000000000000000, 1.000000000000000000 ) ) ;
#2143 = DIRECTION ( 'NONE',  ( 0.000000000000000000, -0.000000000000000000, 1.000000000000000000 ) ) ;
#2144 = VERTEX_POINT ( 'NONE', #352 ) ;
#2145 = DIRECTION ( 'NONE',  ( 0.000000000000000000, -0.000000000000000000, 1.000000000000000000 ) ) ;
#2146 = CARTESIAN_POINT ( 'NONE',  ( 174.7812020579761167, -131.4007680505613394, -4.695496396211882306 ) ) ;
#2147 = EDGE_CURVE ( 'NONE', #2073, #2026, #163, .T. ) ;
#2148 = ORIENTED_EDGE ( 'NONE', *, *, #39, .F. ) ;
#2149 = ORIENTED_EDGE ( 'NONE', *, *, #1323, .T. ) ;
#2150 = EDGE_CURVE ( 'NONE', #525, #1447, #1224, .T. ) ;
#2151 = CARTESIAN_POINT ( 'NONE',  ( 106.1538563900979995, -131.2616121636806668, -3.856887489275421466 ) ) ;
#2152 = EDGE_CURVE ( 'NONE', #1114, #581, #438, .T. ) ;
#2153 = CARTESIAN_POINT ( 'NONE',  ( 115.0000000000000000, -131.5000000000000000, -5.000000000000000000 ) ) ;
#2154 = CARTESIAN_POINT ( 'NONE',  ( 165.4000000000000057, -86.00000000000001421, -11.00000000000000000 ) ) ;
#2155 = ORIENTED_EDGE ( 'NONE', *, *, #450, .T. ) ;
#2156 = DIRECTION ( 'NONE',  ( -0.000000000000000000, -1.000000000000000000, -0.000000000000000000 ) ) ;
#2157 = CARTESIAN_POINT ( 'NONE',  ( 171.6782206848623673, -131.4999999999999147, -4.999999999999973355 ) ) ;
#2158 = CARTESIAN_POINT ( 'NONE',  ( 107.6751559904787001, -130.2068873313938298, -5.000000000000000000 ) ) ;
#2159 = ORIENTED_EDGE ( 'NONE', *, *, #1768, .F. ) ;
#2160 = DIRECTION ( 'NONE',  ( 0.000000000000000000, -0.000000000000000000, 1.000000000000000000 ) ) ;
#2161 = AXIS2_PLACEMENT_3D ( 'NONE', #2056, #1325, #1719 ) ;
#2162 = CARTESIAN_POINT ( 'NONE',  ( 107.3721175655975060, -130.5358923983833961, -3.045353120414134196 ) ) ;
#2163 = ADVANCED_FACE ( 'NONE', ( #2099 ), #528, .F. ) ;
#2164 = FACE_OUTER_BOUND ( 'NONE', #35, .T. ) ;
#2165 = AXIS2_PLACEMENT_3D ( 'NONE', #619, #1537, #71 ) ;
#2166 = ORIENTED_EDGE ( 'NONE', *, *, #1603, .F. ) ;
#2167 = CARTESIAN_POINT ( 'NONE',  ( 159.4000000000000057, -86.00000000000001421, -11.00000000000000000 ) ) ;
#2168 = CIRCLE ( 'NONE', #417, 6.000000000000005329 ) ;
#2169 = CARTESIAN_POINT ( 'NONE',  ( 165.4000000000000057, -125.5000000000000000, -11.00000000000000000 ) ) ;
#2170 = DIRECTION ( 'NONE',  ( -0.4642352275297614850, 0.000000000000000000, 0.8857119472607278832 ) ) ;
#2171 = CIRCLE ( 'NONE', #1580, 3.499999999999989342 ) ;
#2172 = ORIENTED_EDGE ( 'NONE', *, *, #1251, .F. ) ;
#2173 = CARTESIAN_POINT ( 'NONE',  ( 172.7669069046784216, -130.2567457378775373, -2.999999999999999112 ) ) ;
#2174 = AXIS2_PLACEMENT_3D ( 'NONE', #1987, #1453, #1274 ) ;
#2175 = CIRCLE ( 'NONE', #1548, 3.499999999999989342 ) ;
#2176 = ORIENTED_EDGE ( 'NONE', *, *, #2137, .F. ) ;
#2177 = CARTESIAN_POINT ( 'NONE',  ( 105.7770441272505053, -131.5000000000000853, -5.000000000000237144 ) ) ;
#2178 = LINE ( 'NONE', #1261, #1544 ) ;
#2179 = ORIENTED_EDGE ( 'NONE', *, *, #1042, .T. ) ;
#2180 = CARTESIAN_POINT ( 'NONE',  ( 110.1999999999999886, -66.00000000000001421, 24.00000000000000355 ) ) ;
#2181 = FACE_OUTER_BOUND ( 'NONE', #271, .T. ) ;
#2182 = EDGE_CURVE ( 'NONE', #1739, #2078, #12, .T. ) ;
#2183 = EDGE_LOOP ( 'NONE', ( #807, #369, #93, #2035 ) ) ;
#2184 = CARTESIAN_POINT ( 'NONE',  ( 102.3668130632285909, -130.2566345048029746, -3.000000002300212021 ) ) ;
#2185 = ORIENTED_EDGE ( 'NONE', *, *, #1400, .T. ) ;
#2186 = CARTESIAN_POINT ( 'NONE',  ( 106.7840753573025410, -130.9708121460076882, -3.378878031232452894 ) ) ;
#2187 = DIRECTION ( 'NONE',  ( -1.110223024625156383E-14, 0.000000000000000000, -1.000000000000000000 ) ) ;
#2188 = ORIENTED_EDGE ( 'NONE', *, *, #1489, .F. ) ;
#2189 = DIRECTION ( 'NONE',  ( -1.000000000000000000, 0.000000000000000000, 0.000000000000000000 ) ) ;
#2190 = CARTESIAN_POINT ( 'NONE',  ( 105.0000000000000000, -78.20000000000000284, 9.899494936611741736 ) ) ;
#2191 = CARTESIAN_POINT ( 'NONE',  ( 105.0000000000000000, -127.9500000000000028, 0.000000000000000000 ) ) ;
#2192 = ORIENTED_EDGE ( 'NONE', *, *, #1163, .F. ) ;
#2193 = EDGE_CURVE ( 'NONE', #668, #1623, #1019, .T. ) ;
#2194 = ORIENTED_EDGE ( 'NONE', *, *, #210, .F. ) ;
#2195 = CARTESIAN_POINT ( 'NONE',  ( 107.5454545454545467, -130.3522200475861439, -3.012687179830221940 ) ) ;
#2196 = CARTESIAN_POINT ( 'NONE',  ( 177.9454545454545382, -130.3522200475862007, -3.012687179830222828 ) ) ;
#2197 = FACE_OUTER_BOUND ( 'NONE', #1630, .T. ) ;
#2198 = CARTESIAN_POINT ( 'NONE',  ( 179.1278116566708150, -131.4999999999999432, -4.999999999999991118 ) ) ;
#2199 = AXIS2_PLACEMENT_3D ( 'NONE', #1979, #1634, #1157 ) ;
#2200 = AXIS2_PLACEMENT_3D ( 'NONE', #489, #2240, #2068 ) ;
#2201 = CIRCLE ( 'NONE', #2126, 5.500000000000005329 ) ;
#2202 = ORIENTED_EDGE ( 'NONE', *, *, #221, .T. ) ;
#2203 = CARTESIAN_POINT ( 'NONE',  ( 107.5454545454545467, -130.3522200475861439, -3.012687179830215278 ) ) ;
#2204 = DIRECTION ( 'NONE',  ( 0.000000000000000000, -0.000000000000000000, 1.000000000000000000 ) ) ;
#2205 = AXIS2_PLACEMENT_3D ( 'NONE', #1857, #219, #933 ) ;
#2206 = EDGE_CURVE ( 'NONE', #603, #336, #1800, .T. ) ;
#2207 = ORIENTED_EDGE ( 'NONE', *, *, #80, .F. ) ;
#2208 = AXIS2_PLACEMENT_3D ( 'NONE', #1229, #1939, #1411 ) ;
#2209 = AXIS2_PLACEMENT_3D ( 'NONE', #377, #1090, #441 ) ;
#2210 = ADVANCED_FACE ( 'NONE', ( #1215 ), #1473, .F. ) ;
#2211 = DIRECTION ( 'NONE',  ( -0.000000000000000000, -1.000000000000000000, -0.000000000000000000 ) ) ;
#2212 = CARTESIAN_POINT ( 'NONE',  ( 96.08552519794325519, -66.00000000000001421, -2.928932188134524051 ) ) ;
#2213 = AXIS2_PLACEMENT_3D ( 'NONE', #195, #1107, #1486 ) ;
#2214 = LINE ( 'NONE', #249, #1534 ) ;
#2215 = LINE ( 'NONE', #1145, #1942 ) ;
#2216 = ORIENTED_EDGE ( 'NONE', *, *, #1959, .T. ) ;
#2217 = EDGE_LOOP ( 'NONE', ( #1063, #1132, #1217, #2112 ) ) ;
#2218 = DIRECTION ( 'NONE',  ( -0.000000000000000000, 0.000000000000000000, -1.000000000000000000 ) ) ;
#2219 = LINE ( 'NONE', #1330, #1506 ) ;
#2220 = ORIENTED_EDGE ( 'NONE', *, *, #1778, .F. ) ;
#2221 = EDGE_CURVE ( 'NONE', #2078, #1413, #889, .T. ) ;
#2222 = CARTESIAN_POINT ( 'NONE',  ( 105.0000000000000000, -127.9500000000000028, 0.000000000000000000 ) ) ;
#2223 = ADVANCED_FACE ( 'NONE', ( #667 ), #712, .F. ) ;
#2224 = CARTESIAN_POINT ( 'NONE',  ( 174.9112552485758556, -131.4177855781674111, -4.369621901615427184 ) ) ;
#2225 = LINE ( 'NONE', #2263, #1970 ) ;
#2226 = DIRECTION ( 'NONE',  ( 0.000000000000000000, 0.000000000000000000, 1.000000000000000000 ) ) ;
#2227 = VERTEX_POINT ( 'NONE', #518 ) ;
#2228 = CARTESIAN_POINT ( 'NONE',  ( 160.2000000000000171, -66.00000000000001421, 14.24740000000001139 ) ) ;
#2229 = CARTESIAN_POINT ( 'NONE',  ( 100.7961834435334794, -131.4965372350474127, -5.000000000000000000 ) ) ;
#2230 = CARTESIAN_POINT ( 'NONE',  ( 185.4000000000000057, -59.00000000000001421, -11.00000000000000000 ) ) ;
#2231 = VERTEX_POINT ( 'NONE', #1945 ) ;
#2232 = ORIENTED_EDGE ( 'NONE', *, *, #1428, .T. ) ;
#2233 = CARTESIAN_POINT ( 'NONE',  ( 108.7959268031814446, -59.00000000000001421, 21.32117613764881270 ) ) ;
#2234 = CARTESIAN_POINT ( 'NONE',  ( 173.0443920159740117, -130.5533863783778656, -3.048464384706227381 ) ) ;
#2235 = EDGE_CURVE ( 'NONE', #1563, #1594, #2120, .T. ) ;
#2236 = DIRECTION ( 'NONE',  ( -0.000000000000000000, -0.000000000000000000, 1.000000000000000000 ) ) ;
#2237 = CARTESIAN_POINT ( 'NONE',  ( 0.000000000000000000, 0.000000000000000000, 0.000000000000000000 ) ) ;
#2238 = EDGE_CURVE ( 'NONE', #1893, #280, #607, .T. ) ;
#2239 = ORIENTED_EDGE ( 'NONE', *, *, #1793, .T. ) ;
#2240 = DIRECTION ( 'NONE',  ( -0.000000000000000000, -0.000000000000000000, 1.000000000000000000 ) ) ;
#2241 = CARTESIAN_POINT ( 'NONE',  ( 179.6038165564665690, -131.4965372350474127, -5.000000000000000000 ) ) ;
#2242 = PLANE ( 'NONE',  #49 ) ;
#2243 = MANIFOLD_SOLID_BREP ( 'Fillet3', #1575 ) ;
#2244 = EDGE_LOOP ( 'NONE', ( #128, #969, #1371, #548 ) ) ;
#2245 = VECTOR ( 'NONE', #1674, 1000.000000000000000 ) ;
#2246 = ORIENTED_EDGE ( 'NONE', *, *, #914, .F. ) ;
#2247 = DIRECTION ( 'NONE',  ( -0.000000000000000000, -0.000000000000000000, -1.000000000000000000 ) ) ;
#2248 = CARTESIAN_POINT ( 'NONE',  ( 178.0621488598752933, -130.2223050719557023, -3.000000000000000000 ) ) ;
#2249 = AXIS2_PLACEMENT_3D ( 'NONE', #650, #1033, #1373 ) ;
#2250 = CIRCLE ( 'NONE', #1911, 3.500000000000031086 ) ;
#2251 = DIRECTION ( 'NONE',  ( 1.000000000000000000, 0.000000000000000000, 0.000000000000000000 ) ) ;
#2252 = DIRECTION ( 'NONE',  ( -0.000000000000000000, 0.000000000000000000, -1.000000000000000000 ) ) ;
#2253 = ORIENTED_EDGE ( 'NONE', *, *, #1025, .T. ) ;
#2254 = VERTEX_POINT ( 'NONE', #1816 ) ;
#2255 = DIRECTION ( 'NONE',  ( -2.775557561562890957E-15, 0.000000000000000000, -1.000000000000000000 ) ) ;
#2256 = CARTESIAN_POINT ( 'NONE',  ( 94.99999999999998579, -59.00000000000001421, -11.00000000000000000 ) ) ;
#2257 = EDGE_CURVE ( 'NONE', #2032, #232, #235, .T. ) ;
#2258 = EDGE_CURVE ( 'NONE', #2078, #1739, #2175, .T. ) ;
#2259 = EDGE_LOOP ( 'NONE', ( #1763, #1225, #894, #315 ) ) ;
#2260 = ORIENTED_EDGE ( 'NONE', *, *, #1222, .T. ) ;
#2261 = CARTESIAN_POINT ( 'NONE',  ( 94.99999999999998579, -125.5000000000000000, -11.00000000000000000 ) ) ;
#2262 = FACE_OUTER_BOUND ( 'NONE', #1421, .T. ) ;
#2263 = CARTESIAN_POINT ( 'NONE',  ( 176.9000000000000057, -127.9500000000000028, 0.000000000000000000 ) ) ;
#2264 = DIRECTION ( 'NONE',  ( -0.000000000000000000, -0.000000000000000000, 1.000000000000000000 ) ) ;
#2265 = LINE ( 'NONE', #665, #2 ) ;
#2266 = DIRECTION ( 'NONE',  ( -0.000000000000000000, -0.000000000000000000, -1.000000000000000000 ) ) ;
#2267 = ORIENTED_EDGE ( 'NONE', *, *, #22, .F. ) ;
#2268 = EDGE_CURVE ( 'NONE', #1670, #2130, #579, .T. ) ;
#2269 = ORIENTED_EDGE ( 'NONE', *, *, #1514, .T. ) ;
#2270 = LINE ( 'NONE', #1382, #1277 ) ;
#2271 = DIRECTION ( 'NONE',  ( -1.000000000000000000, 0.000000000000000000, 0.000000000000000000 ) ) ;
#2272 = VERTEX_POINT ( 'NONE', #1450 ) ;
#2273 = ORIENTED_EDGE ( 'NONE', *, *, #412, .T. ) ;
#2274 = CARTESIAN_POINT ( 'NONE',  ( 105.0000000000000000, -78.20000000000000284, 9.899494936611741736 ) ) ;
#2275 = CIRCLE ( 'NONE', #1048, 1.999999999999984901 ) ;
#2276 = EDGE_LOOP ( 'NONE', ( #1340, #704, #180, #114 ) ) ;
#2277 = AXIS2_PLACEMENT_3D ( 'NONE', #1915, #1752, #1925 ) ;
#2278 = EDGE_CURVE ( 'NONE', #354, #868, #577, .T. ) ;
#2279 = EDGE_LOOP ( 'NONE', ( #1862, #1828 ) ) ;
#2280 = FACE_OUTER_BOUND ( 'NONE', #725, .T. ) ;
#2281 = CARTESIAN_POINT ( 'NONE',  ( 177.9454545454545382, -130.3522200475862007, -3.012687179830222828 ) ) ;
#2282 = EDGE_CURVE ( 'NONE', #232, #2032, #159, .T. ) ;
#2283 = CIRCLE ( 'NONE', #645, 3.500000000000031086 ) ;
#2284 = AXIS2_PLACEMENT_3D ( 'NONE', #335, #720, #1058 ) ;
#2285 = DIRECTION ( 'NONE',  ( -0.000000000000000000, -1.000000000000000000, -0.000000000000000000 ) ) ;
#2286 = AXIS2_PLACEMENT_3D ( 'NONE', #790, #804, #2007 ) ;
#2287 = ORIENTED_EDGE ( 'NONE', *, *, #610, .T. ) ;
#2288 = CARTESIAN_POINT ( 'NONE',  ( 185.4000000000000057, -59.00000000000001421, -5.000000000000000000 ) ) ;
#2289 = FACE_OUTER_BOUND ( 'NONE', #331, .T. ) ;
#2290 = AXIS2_PLACEMENT_3D ( 'NONE', #1932, #328, #2081 ) ;
#2291 = DIRECTION ( 'NONE',  ( 0.000000000000000000, 0.000000000000000000, 1.000000000000000000 ) ) ;
#2292 = ORIENTED_EDGE ( 'NONE', *, *, #802, .F. ) ;
#2293 = CARTESIAN_POINT ( 'NONE',  ( 172.7248440095212914, -130.2068873313938582, -2.999999999999999112 ) ) ;
#2294 = CARTESIAN_POINT ( 'NONE',  ( 178.0357445193427850, -130.2527919638461924, -3.001237011492042583 ) ) ;
#2295 = EDGE_CURVE ( 'NONE', #1114, #1594, #1626, .T. ) ;
#2296 = CARTESIAN_POINT ( 'NONE',  ( 104.0645472428374916, -131.3304467821915011, -4.036269587412585125 ) ) ;
#2297 = DIRECTION ( 'NONE',  ( 0.000000000000000000, 1.000000000000000000, 0.000000000000000000 ) ) ;
#2298 = ORIENTED_EDGE ( 'NONE', *, *, #208, .T. ) ;
#2299 = CARTESIAN_POINT ( 'NONE',  ( 109.0000000000000000, -131.5000000000000000, -11.00000000000000000 ) ) ;
#2300 = CARTESIAN_POINT ( 'NONE',  ( 172.5962160138031152, -131.4999999999999147, -4.999999999999960920 ) ) ;
#2301 = CARTESIAN_POINT ( 'NONE',  ( 105.0000000000000000, -78.20000000000000284, 0.000000000000000000 ) ) ;
#2302 = VERTEX_POINT ( 'NONE', #229 ) ;
#2303 = FACE_BOUND ( 'NONE', #353, .T. ) ;
#2304 = CARTESIAN_POINT ( 'NONE',  ( 102.4153347535156513, -130.3293214574488559, -4.694567382569124092 ) ) ;
#2305 = FACE_OUTER_BOUND ( 'NONE', #708, .T. ) ;
#2306 = CARTESIAN_POINT ( 'NONE',  ( 0.000000000000000000, 0.000000000000000000, 0.000000000000000000 ) ) ;
#2307 = EDGE_CURVE ( 'NONE', #957, #2108, #372, .T. ) ;
#2308 = ORIENTED_EDGE ( 'NONE', *, *, #136, .F. ) ;
#2309 = FACE_OUTER_BOUND ( 'NONE', #1929, .T. ) ;
#2310 = ADVANCED_FACE ( 'NONE', ( #576 ), #1283, .T. ) ;
#2311 = CARTESIAN_POINT ( 'NONE',  ( 174.9160626134109577, -131.4184416710215828, -4.372829612113718234 ) ) ;
#2312 = EDGE_CURVE ( 'NONE', #1332, #494, #2019, .T. ) ;
#2313 = ORIENTED_EDGE ( 'NONE', *, *, #80, .T. ) ;
#2314 = VERTEX_POINT ( 'NONE', #1082 ) ;
ENDSEC;
END-ISO-10303-21;
